search_idx,iteration,mean_test_score,std_test_score,mean_train_score,std_train_score,params,bagging_fraction,bagging_freq,feature_fraction,lambda_l1,lambda_l2,learning_rate,max_depth,min_child_samples,min_child_weight,n_estimators,num_leaves
0,0,0.4348695180560214,0.023483562878343647,0.9998272902620728,0.0003454194758542251,"{'bagging_fraction': np.float64(0.8232447859289984), 'bagging_freq': 13, 'feature_fraction': np.float64(0.15008382652112892), 'lambda_l1': np.float64(0.5594096071005362), 'lambda_l2': np.float64(2.347800445087973), 'learning_rate': np.float64(0.6496884602169883), 'max_depth': 27, 'min_child_samples': 117, 'min_child_weight': 6, 'n_estimators': 123, 'num_leaves': 162}",0.8232447859289984,13,0.15008382652112892,0.5594096071005362,2.347800445087973,0.6496884602169883,27,117,6,123,162
0,1,0.3984224038703245,0.03661299958725132,0.9976504444157637,0.0010561965958219104,"{'bagging_fraction': np.float64(0.8776589358973932), 'bagging_freq': 20, 'feature_fraction': np.float64(0.24463077433128663), 'lambda_l1': np.float64(1.6329155119877257), 'lambda_l2': np.float64(1.1760323264450538), 'learning_rate': np.float64(0.8177191701850969), 'max_depth': 12, 'min_child_samples': 90, 'min_child_weight': 13, 'n_estimators': 146, 'num_leaves': 132}",0.8776589358973932,20,0.24463077433128663,1.6329155119877257,1.1760323264450538,0.8177191701850969,12,90,13,146,132
0,2,0.4372147484048606,0.01830484331670628,0.9904570892284804,0.0017286963469784447,"{'bagging_fraction': np.float64(0.5947639460414657), 'bagging_freq': 19, 'feature_fraction': np.float64(0.4223529846518347), 'lambda_l1': np.float64(0.9215644453918532), 'lambda_l2': np.float64(2.433888907790455), 'learning_rate': np.float64(0.45894827595365084), 'max_depth': 23, 'min_child_samples': 117, 'min_child_weight': 4, 'n_estimators': 117, 'num_leaves': 194}",0.5947639460414657,19,0.4223529846518347,0.9215644453918532,2.433888907790455,0.45894827595365084,23,117,4,117,194
0,3,0.3557662778829534,0.02384785084050758,0.9367248354827181,0.007478893661084485,"{'bagging_fraction': np.float64(0.5563928269161559), 'bagging_freq': 16, 'feature_fraction': np.float64(0.4053169101165769), 'lambda_l1': np.float64(1.7973464634798997), 'lambda_l2': np.float64(2.478689030977513), 'learning_rate': np.float64(0.9623868496530356), 'max_depth': 12, 'min_child_samples': 85, 'min_child_weight': 8, 'n_estimators': 79, 'num_leaves': 64}",0.5563928269161559,16,0.4053169101165769,1.7973464634798997,2.478689030977513,0.9623868496530356,12,85,8,79,64
0,4,0.32976668390092023,0.029027154146676244,0.9227291576304572,0.004640775140174287,"{'bagging_fraction': np.float64(0.662599629533337), 'bagging_freq': 43, 'feature_fraction': np.float64(0.1696620290529022), 'lambda_l1': np.float64(1.7528643028611124), 'lambda_l2': np.float64(1.3938100480969808), 'learning_rate': np.float64(0.8605037800285421), 'max_depth': 14, 'min_child_samples': 83, 'min_child_weight': 15, 'n_estimators': 138, 'num_leaves': 106}",0.662599629533337,43,0.1696620290529022,1.7528643028611124,1.3938100480969808,0.8605037800285421,14,83,15,138,106
0,5,0.43820332276426804,0.045790505659169714,0.9742599773212485,0.003131672803827117,"{'bagging_fraction': np.float64(0.8093547518303048), 'bagging_freq': 24, 'feature_fraction': np.float64(0.5655806448908717), 'lambda_l1': np.float64(1.3375070353751228), 'lambda_l2': np.float64(1.8676338774155967), 'learning_rate': np.float64(0.6290555149208572), 'max_depth': 20, 'min_child_samples': 56, 'min_child_weight': 4, 'n_estimators': 41, 'num_leaves': 135}",0.8093547518303048,24,0.5655806448908717,1.3375070353751228,1.8676338774155967,0.6290555149208572,20,56,4,41,135
0,6,0.37970458376901023,0.02293967264571171,0.8194791391351701,0.0056710297699348825,"{'bagging_fraction': np.float64(0.7119776590319831), 'bagging_freq': 65, 'feature_fraction': np.float64(0.5708043945459544), 'lambda_l1': np.float64(1.6106934676888134), 'lambda_l2': np.float64(1.970021720539851), 'learning_rate': np.float64(0.36818113279672315), 'max_depth': 10, 'min_child_samples': 82, 'min_child_weight': 16, 'n_estimators': 39, 'num_leaves': 77}",0.7119776590319831,65,0.5708043945459544,1.6106934676888134,1.970021720539851,0.36818113279672315,10,82,16,39,77
0,7,0.32662475129425983,0.020344759001829804,0.7872318365338462,0.008723315834130442,"{'bagging_fraction': np.float64(0.5838511409965879), 'bagging_freq': 49, 'feature_fraction': np.float64(0.28413908202741367), 'lambda_l1': np.float64(1.5921619249080559), 'lambda_l2': np.float64(2.496590743840904), 'learning_rate': np.float64(0.48685286817732887), 'max_depth': 28, 'min_child_samples': 107, 'min_child_weight': 18, 'n_estimators': 97, 'num_leaves': 173}",0.5838511409965879,49,0.28413908202741367,1.5921619249080559,2.496590743840904,0.48685286817732887,28,107,18,97,173
0,8,0.3722408589024118,0.035577854988657814,0.9752526544446758,0.0017223184179640339,"{'bagging_fraction': np.float64(0.6400952459879484), 'bagging_freq': 14, 'feature_fraction': np.float64(0.26174648668598033), 'lambda_l1': np.float64(1.7167100859099205), 'lambda_l2': np.float64(1.7045585311869789), 'learning_rate': np.float64(0.6094656659315417), 'max_depth': 12, 'min_child_samples': 102, 'min_child_weight': 14, 'n_estimators': 136, 'num_leaves': 131}",0.6400952459879484,14,0.26174648668598033,1.7167100859099205,1.7045585311869789,0.6094656659315417,12,102,14,136,131
0,9,0.38333185996474617,0.03360099951332542,0.9801609957250295,0.004133566418323254,"{'bagging_fraction': np.float64(0.6912006909881475), 'bagging_freq': 16, 'feature_fraction': np.float64(0.5372257811282983), 'lambda_l1': np.float64(1.6561316840650913), 'lambda_l2': np.float64(1.5027786733490924), 'learning_rate': np.float64(0.6389735638860934), 'max_depth': 15, 'min_child_samples': 115, 'min_child_weight': 14, 'n_estimators': 118, 'num_leaves': 173}",0.6912006909881475,16,0.5372257811282983,1.6561316840650913,1.5027786733490924,0.6389735638860934,15,115,14,118,173
0,10,0.4394988564243847,0.043027709557543654,0.8764210355244704,0.0051394294050264265,"{'bagging_fraction': np.float64(0.6027686743388497), 'bagging_freq': 65, 'feature_fraction': np.float64(0.49183041482172296), 'lambda_l1': np.float64(0.5747320914636438), 'lambda_l2': np.float64(1.0945971831395451), 'learning_rate': np.float64(0.2777579289981196), 'max_depth': 14, 'min_child_samples': 109, 'min_child_weight': 5, 'n_estimators': 74, 'num_leaves': 86}",0.6027686743388497,65,0.49183041482172296,0.5747320914636438,1.0945971831395451,0.2777579289981196,14,109,5,74,86
0,11,0.41109695241130784,0.025106207695761638,0.9041150833546492,0.008882070571534641,"{'bagging_fraction': np.float64(0.7262012984749722), 'bagging_freq': 35, 'feature_fraction': np.float64(0.4935588948098075), 'lambda_l1': np.float64(1.7251334142314736), 'lambda_l2': np.float64(1.1369173196905495), 'learning_rate': np.float64(0.11855735416664007), 'max_depth': 19, 'min_child_samples': 57, 'min_child_weight': 19, 'n_estimators': 149, 'num_leaves': 78}",0.7262012984749722,35,0.4935588948098075,1.7251334142314736,1.1369173196905495,0.11855735416664007,19,57,19,149,78
0,12,0.3407916893792997,0.027956703573775474,0.7693444312173172,0.006717623907917758,"{'bagging_fraction': np.float64(0.6506846307630031), 'bagging_freq': 55, 'feature_fraction': np.float64(0.5214267241731593), 'lambda_l1': np.float64(0.8622028554423831), 'lambda_l2': np.float64(1.9145795653339164), 'learning_rate': np.float64(0.9523175264835397), 'max_depth': 24, 'min_child_samples': 89, 'min_child_weight': 9, 'n_estimators': 55, 'num_leaves': 185}",0.6506846307630031,55,0.5214267241731593,0.8622028554423831,1.9145795653339164,0.9523175264835397,24,89,9,55,185
0,13,0.354840628878348,0.02191998200045529,0.7918527494285487,0.004652055808328673,"{'bagging_fraction': np.float64(0.577129850469555), 'bagging_freq': 13, 'feature_fraction': np.float64(0.29824938661193323), 'lambda_l1': np.float64(1.3473735263979516), 'lambda_l2': np.float64(1.536901848952594), 'learning_rate': np.float64(0.7585578822857697), 'max_depth': 10, 'min_child_samples': 73, 'min_child_weight': 13, 'n_estimators': 30, 'num_leaves': 136}",0.577129850469555,13,0.29824938661193323,1.3473735263979516,1.536901848952594,0.7585578822857697,10,73,13,30,136
0,14,0.3500273308193925,0.03350807708437151,0.9642953068423937,0.0057259397582315056,"{'bagging_fraction': np.float64(0.5759950210412431), 'bagging_freq': 16, 'feature_fraction': np.float64(0.3622276539818271), 'lambda_l1': np.float64(1.081874390507225), 'lambda_l2': np.float64(1.5904856463302013), 'learning_rate': np.float64(0.9838767475274879), 'max_depth': 22, 'min_child_samples': 84, 'min_child_weight': 6, 'n_estimators': 86, 'num_leaves': 100}",0.5759950210412431,16,0.3622276539818271,1.081874390507225,1.5904856463302013,0.9838767475274879,22,84,6,86,100
0,15,0.3575615923406554,0.03125348064380803,0.9283429980248548,0.00387514401310464,"{'bagging_fraction': np.float64(0.6268134089091116), 'bagging_freq': 39, 'feature_fraction': np.float64(0.17999202223609825), 'lambda_l1': np.float64(0.6341087975104477), 'lambda_l2': np.float64(2.108842065127493), 'learning_rate': np.float64(0.7492083335459181), 'max_depth': 25, 'min_child_samples': 90, 'min_child_weight': 9, 'n_estimators': 100, 'num_leaves': 85}",0.6268134089091116,39,0.17999202223609825,0.6341087975104477,2.108842065127493,0.7492083335459181,25,90,9,100,85
0,16,0.31098818379036314,0.03602976412762938,0.9316966079640887,0.004271652038909118,"{'bagging_fraction': np.float64(0.8317780531630916), 'bagging_freq': 50, 'feature_fraction': np.float64(0.4628623475519924), 'lambda_l1': np.float64(0.7157910187683929), 'lambda_l2': np.float64(1.0731190844592953), 'learning_rate': np.float64(1.0984056303974277), 'max_depth': 19, 'min_child_samples': 77, 'min_child_weight': 20, 'n_estimators': 91, 'num_leaves': 66}",0.8317780531630916,50,0.4628623475519924,0.7157910187683929,1.0731190844592953,1.0984056303974277,19,77,20,91,66
0,17,0.324537437910503,0.031240079953037847,0.8819568901429594,0.005484013519412747,"{'bagging_fraction': np.float64(0.5831844210812), 'bagging_freq': 65, 'feature_fraction': np.float64(0.32700940895825803), 'lambda_l1': np.float64(1.6928802711135538), 'lambda_l2': np.float64(2.482967403887332), 'learning_rate': np.float64(1.056069051487803), 'max_depth': 24, 'min_child_samples': 59, 'min_child_weight': 10, 'n_estimators': 147, 'num_leaves': 154}",0.5831844210812,65,0.32700940895825803,1.6928802711135538,2.482967403887332,1.056069051487803,24,59,10,147,154
0,18,0.4148489238661698,0.027827125087445854,0.9087546068804185,0.0061417703893454755,"{'bagging_fraction': np.float64(0.7200484814069249), 'bagging_freq': 59, 'feature_fraction': np.float64(0.3082442585362949), 'lambda_l1': np.float64(1.907354367973595), 'lambda_l2': np.float64(1.3881484795483368), 'learning_rate': np.float64(0.3527969484409963), 'max_depth': 15, 'min_child_samples': 78, 'min_child_weight': 16, 'n_estimators': 111, 'num_leaves': 110}",0.7200484814069249,59,0.3082442585362949,1.907354367973595,1.3881484795483368,0.3527969484409963,15,78,16,111,110
0,19,0.4330169045660993,0.01980324992501289,0.9269097347783243,0.0050407005154282,"{'bagging_fraction': np.float64(0.632697938911557), 'bagging_freq': 11, 'feature_fraction': np.float64(0.11915710158620565), 'lambda_l1': np.float64(1.4204438076696482), 'lambda_l2': np.float64(1.9850334617748806), 'learning_rate': np.float64(0.33504782755468554), 'max_depth': 20, 'min_child_samples': 78, 'min_child_weight': 12, 'n_estimators': 59, 'num_leaves': 66}",0.632697938911557,11,0.11915710158620565,1.4204438076696482,1.9850334617748806,0.33504782755468554,20,78,12,59,66
1,0,0.3211500298029855,0.03131689639959586,0.8829162049013901,0.008576848729167986,"{'bagging_fraction': np.float64(0.6432686945981145), 'bagging_freq': 56, 'feature_fraction': np.float64(0.36899699072630887), 'lambda_l1': np.float64(1.3398386537857816), 'lambda_l2': np.float64(1.4854003897889987), 'learning_rate': np.float64(0.7213485871556395), 'max_depth': 16, 'min_child_samples': 85, 'min_child_weight': 16, 'n_estimators': 120, 'num_leaves': 169}",0.6432686945981145,56,0.36899699072630887,1.3398386537857816,1.4854003897889987,0.7213485871556395,16,85,16,120,169
1,1,0.37010516084775713,0.04101916242229229,0.9282560502092838,0.0025819794055480408,"{'bagging_fraction': np.float64(0.7662617283329067), 'bagging_freq': 49, 'feature_fraction': np.float64(0.43507004277097594), 'lambda_l1': np.float64(0.5100974430391875), 'lambda_l2': np.float64(1.7655557100777255), 'learning_rate': np.float64(0.5279765032059355), 'max_depth': 26, 'min_child_samples': 77, 'min_child_weight': 17, 'n_estimators': 93, 'num_leaves': 126}",0.7662617283329067,49,0.43507004277097594,0.5100974430391875,1.7655557100777255,0.5279765032059355,26,77,17,93,126
1,2,0.3262190014146255,0.031455481849556356,0.9204632948901589,0.005324735256616579,"{'bagging_fraction': np.float64(0.8125950808228253), 'bagging_freq': 65, 'feature_fraction': np.float64(0.44756616074310995), 'lambda_l1': np.float64(0.7065995566016754), 'lambda_l2': np.float64(2.323060650864065), 'learning_rate': np.float64(0.9930220756492636), 'max_depth': 23, 'min_child_samples': 112, 'min_child_weight': 19, 'n_estimators': 90, 'num_leaves': 164}",0.8125950808228253,65,0.44756616074310995,0.7065995566016754,2.323060650864065,0.9930220756492636,23,112,19,90,164
1,3,0.5087943135876223,0.0352249836472771,0.9985044719830343,0.0010942994432757288,"{'bagging_fraction': np.float64(0.8215510070562775), 'bagging_freq': 20, 'feature_fraction': np.float64(0.5112678722476715), 'lambda_l1': np.float64(1.7944884163650112), 'lambda_l2': np.float64(2.1583711047705574), 'learning_rate': np.float64(0.21243463222187678), 'max_depth': 28, 'min_child_samples': 116, 'min_child_weight': 5, 'n_estimators': 113, 'num_leaves': 128}",0.8215510070562775,20,0.5112678722476715,1.7944884163650112,2.1583711047705574,0.21243463222187678,28,116,5,113,128
1,4,0.4641344929502586,0.0288676566188417,0.9274827749934325,0.004633092946739304,"{'bagging_fraction': np.float64(0.8489401708609101), 'bagging_freq': 59, 'feature_fraction': np.float64(0.33410355052391727), 'lambda_l1': np.float64(1.7680492385782012), 'lambda_l2': np.float64(1.7126835746910447), 'learning_rate': np.float64(0.12592773685289396), 'max_depth': 29, 'min_child_samples': 79, 'min_child_weight': 11, 'n_estimators': 63, 'num_leaves': 188}",0.8489401708609101,59,0.33410355052391727,1.7680492385782012,1.7126835746910447,0.12592773685289396,29,79,11,63,188
1,5,0.2803540638597751,0.013802885187312085,0.8333457634166394,0.011381383451659486,"{'bagging_fraction': np.float64(0.6715081678082326), 'bagging_freq': 50, 'feature_fraction': np.float64(0.2947006285597573), 'lambda_l1': np.float64(1.1889620972869976), 'lambda_l2': np.float64(1.2109668891050052), 'learning_rate': np.float64(1.0189691860849264), 'max_depth': 22, 'min_child_samples': 100, 'min_child_weight': 20, 'n_estimators': 97, 'num_leaves': 116}",0.6715081678082326,50,0.2947006285597573,1.1889620972869976,1.2109668891050052,1.0189691860849264,22,100,20,97,116
1,6,0.3658419660850295,0.037034529005616795,0.847112874008214,0.00821071829488634,"{'bagging_fraction': np.float64(0.708041577418407), 'bagging_freq': 48, 'feature_fraction': np.float64(0.1355753973150318), 'lambda_l1': np.float64(0.5075331459356583), 'lambda_l2': np.float64(1.2858380314408697), 'learning_rate': np.float64(0.9352033539966729), 'max_depth': 12, 'min_child_samples': 55, 'min_child_weight': 10, 'n_estimators': 52, 'num_leaves': 132}",0.708041577418407,48,0.1355753973150318,0.5075331459356583,1.2858380314408697,0.9352033539966729,12,55,10,52,132
1,7,0.463899511790145,0.03807491198710487,0.9764462257744361,0.0010911290935120019,"{'bagging_fraction': np.float64(0.7318040012372913), 'bagging_freq': 15, 'feature_fraction': np.float64(0.44290026958672424), 'lambda_l1': np.float64(1.7975508703500538), 'lambda_l2': np.float64(1.099821318737234), 'learning_rate': np.float64(0.45248688746443233), 'max_depth': 18, 'min_child_samples': 95, 'min_child_weight': 7, 'n_estimators': 51, 'num_leaves': 150}",0.7318040012372913,15,0.44290026958672424,1.7975508703500538,1.099821318737234,0.45248688746443233,18,95,7,51,150
1,8,0.3880497386353112,0.02540753893737289,0.9174383774370268,0.006657431769695601,"{'bagging_fraction': np.float64(0.554898989091852), 'bagging_freq': 24, 'feature_fraction': np.float64(0.5252515952609752), 'lambda_l1': np.float64(1.5668197947758533), 'lambda_l2': np.float64(1.4354176101710834), 'learning_rate': np.float64(0.7561692015961322), 'max_depth': 21, 'min_child_samples': 95, 'min_child_weight': 5, 'n_estimators': 68, 'num_leaves': 142}",0.554898989091852,24,0.5252515952609752,1.5668197947758533,1.4354176101710834,0.7561692015961322,21,95,5,68,142
1,9,0.45715860865703795,0.031829489136725356,0.9933774578789029,0.0021725790162558834,"{'bagging_fraction': np.float64(0.8288981532334244), 'bagging_freq': 21, 'feature_fraction': np.float64(0.16152925490758743), 'lambda_l1': np.float64(0.734569226736179), 'lambda_l2': np.float64(2.2492382473525927), 'learning_rate': np.float64(0.22234739029848996), 'max_depth': 23, 'min_child_samples': 72, 'min_child_weight': 14, 'n_estimators': 115, 'num_leaves': 193}",0.8288981532334244,21,0.16152925490758743,0.734569226736179,2.2492382473525927,0.22234739029848996,23,72,14,115,193
1,10,0.33102781498703593,0.022364756057027108,0.8588092303190903,0.006155594386969734,"{'bagging_fraction': np.float64(0.7042536087702804), 'bagging_freq': 61, 'feature_fraction': np.float64(0.16474384176803533), 'lambda_l1': np.float64(0.8680610848846688), 'lambda_l2': np.float64(2.405636218448559), 'learning_rate': np.float64(0.6164225835914701), 'max_depth': 15, 'min_child_samples': 92, 'min_child_weight': 20, 'n_estimators': 94, 'num_leaves': 152}",0.7042536087702804,61,0.16474384176803533,0.8680610848846688,2.405636218448559,0.6164225835914701,15,92,20,94,152
1,11,0.41930031779620586,0.016933628853868093,0.9779386487915286,0.004690701592538917,"{'bagging_fraction': np.float64(0.6395873661728462), 'bagging_freq': 40, 'feature_fraction': np.float64(0.16439881028929407), 'lambda_l1': np.float64(1.110694467326153), 'lambda_l2': np.float64(2.3977487634116734), 'learning_rate': np.float64(0.8121495297785352), 'max_depth': 29, 'min_child_samples': 108, 'min_child_weight': 4, 'n_estimators': 140, 'num_leaves': 127}",0.6395873661728462,40,0.16439881028929407,1.110694467326153,2.3977487634116734,0.8121495297785352,29,108,4,140,127
1,12,0.3421258548714095,0.02806754275596865,0.8679037178927882,0.0049727619453371185,"{'bagging_fraction': np.float64(0.7218863232061876), 'bagging_freq': 10, 'feature_fraction': np.float64(0.20406735725320194), 'lambda_l1': np.float64(0.5250258885531449), 'lambda_l2': np.float64(1.1134405590318357), 'learning_rate': np.float64(1.0501842573124456), 'max_depth': 25, 'min_child_samples': 74, 'min_child_weight': 15, 'n_estimators': 33, 'num_leaves': 66}",0.7218863232061876,10,0.20406735725320194,0.5250258885531449,1.1134405590318357,1.0501842573124456,25,74,15,33,66
1,13,0.4006086658922629,0.03277982131728027,0.9160862616222538,0.005392169465492925,"{'bagging_fraction': np.float64(0.7744455188418462), 'bagging_freq': 41, 'feature_fraction': np.float64(0.31879679178528253), 'lambda_l1': np.float64(1.9990436743000841), 'lambda_l2': np.float64(1.4693864072595064), 'learning_rate': np.float64(0.7600229110110144), 'max_depth': 22, 'min_child_samples': 69, 'min_child_weight': 12, 'n_estimators': 52, 'num_leaves': 128}",0.7744455188418462,41,0.31879679178528253,1.9990436743000841,1.4693864072595064,0.7600229110110144,22,69,12,52,128
1,14,0.4835419784192331,0.04032300665743462,0.9823776567926021,0.003489369474748382,"{'bagging_fraction': np.float64(0.7725356900080329), 'bagging_freq': 48, 'feature_fraction': np.float64(0.22419021237336337), 'lambda_l1': np.float64(1.0960940165674038), 'lambda_l2': np.float64(1.560474001462476), 'learning_rate': np.float64(0.2015538443600791), 'max_depth': 24, 'min_child_samples': 107, 'min_child_weight': 8, 'n_estimators': 137, 'num_leaves': 141}",0.7725356900080329,48,0.22419021237336337,1.0960940165674038,1.560474001462476,0.2015538443600791,24,107,8,137,141
1,15,0.4891784965802521,0.044654152552473306,0.9802051787590568,0.0049195328154038355,"{'bagging_fraction': np.float64(0.8103540095130595), 'bagging_freq': 47, 'feature_fraction': np.float64(0.1683388366042957), 'lambda_l1': np.float64(0.5302759476547649), 'lambda_l2': np.float64(1.6332984412346954), 'learning_rate': np.float64(0.2161347756779868), 'max_depth': 22, 'min_child_samples': 81, 'min_child_weight': 5, 'n_estimators': 96, 'num_leaves': 142}",0.8103540095130595,47,0.1683388366042957,0.5302759476547649,1.6332984412346954,0.2161347756779868,22,81,5,96,142
1,16,0.42526086390864115,0.04121246515886339,0.933093621878194,0.0045223421661917396,"{'bagging_fraction': np.float64(0.6868400203619958), 'bagging_freq': 29, 'feature_fraction': np.float64(0.5332237220607634), 'lambda_l1': np.float64(1.0098061818747872), 'lambda_l2': np.float64(2.3907076696986613), 'learning_rate': np.float64(0.6156733515788475), 'max_depth': 21, 'min_child_samples': 110, 'min_child_weight': 5, 'n_estimators': 48, 'num_leaves': 144}",0.6868400203619958,29,0.5332237220607634,1.0098061818747872,2.3907076696986613,0.6156733515788475,21,110,5,48,144
1,17,0.43198102077488115,0.0326533522567035,0.9718110147443475,0.0017744783571614206,"{'bagging_fraction': np.float64(0.905317568549382), 'bagging_freq': 59, 'feature_fraction': np.float64(0.39480850386239963), 'lambda_l1': np.float64(0.7229913970870518), 'lambda_l2': np.float64(1.9354382369701753), 'learning_rate': np.float64(0.231934453978946), 'max_depth': 22, 'min_child_samples': 64, 'min_child_weight': 21, 'n_estimators': 139, 'num_leaves': 117}",0.905317568549382,59,0.39480850386239963,0.7229913970870518,1.9354382369701753,0.231934453978946,22,64,21,139,117
1,18,0.4849689467347261,0.029656066141882514,0.9819155022028028,0.0017432154714452008,"{'bagging_fraction': np.float64(0.7310314691885098), 'bagging_freq': 46, 'feature_fraction': np.float64(0.1182084952532256), 'lambda_l1': np.float64(1.111014416028768), 'lambda_l2': np.float64(1.8458271364259031), 'learning_rate': np.float64(0.2035789098128931), 'max_depth': 10, 'min_child_samples': 98, 'min_child_weight': 4, 'n_estimators': 124, 'num_leaves': 188}",0.7310314691885098,46,0.1182084952532256,1.111014416028768,1.8458271364259031,0.2035789098128931,10,98,4,124,188
1,19,0.3695874692236649,0.029199682163859344,0.9797345234936026,0.0024715294381042214,"{'bagging_fraction': np.float64(0.610497287625448), 'bagging_freq': 24, 'feature_fraction': np.float64(0.1344270335920361), 'lambda_l1': np.float64(1.6456916025540536), 'lambda_l2': np.float64(2.3773553530409623), 'learning_rate': np.float64(0.9532510211119555), 'max_depth': 20, 'min_child_samples': 76, 'min_child_weight': 8, 'n_estimators': 149, 'num_leaves': 159}",0.610497287625448,24,0.1344270335920361,1.6456916025540536,2.3773553530409623,0.9532510211119555,20,76,8,149,159
2,0,0.4468740510961736,0.020335204088874726,0.9523646768712224,0.003125145132338345,"{'bagging_fraction': np.float64(0.8912280182710234), 'bagging_freq': 40, 'feature_fraction': np.float64(0.38333610977719534), 'lambda_l1': np.float64(0.8091362506751352), 'lambda_l2': np.float64(2.1994280700595015), 'learning_rate': np.float64(0.36370764664519795), 'max_depth': 15, 'min_child_samples': 86, 'min_child_weight': 14, 'n_estimators': 45, 'num_leaves': 113}",0.8912280182710234,40,0.38333610977719534,0.8091362506751352,2.1994280700595015,0.36370764664519795,15,86,14,45,113
2,1,0.36447678019839763,0.0322612006692533,0.9275848088355328,0.004024336814576705,"{'bagging_fraction': np.float64(0.7395821808299781), 'bagging_freq': 53, 'feature_fraction': np.float64(0.1841204206465802), 'lambda_l1': np.float64(1.7119366162556016), 'lambda_l2': np.float64(1.2405527923403976), 'learning_rate': np.float64(0.9524832355817183), 'max_depth': 26, 'min_child_samples': 55, 'min_child_weight': 13, 'n_estimators': 105, 'num_leaves': 156}",0.7395821808299781,53,0.1841204206465802,1.7119366162556016,1.2405527923403976,0.9524832355817183,26,55,13,105,156
2,2,0.44321326282664186,0.0347778384886488,0.9819179753509204,0.0018715139178994609,"{'bagging_fraction': np.float64(0.9108817004301049), 'bagging_freq': 39, 'feature_fraction': np.float64(0.4150796825615066), 'lambda_l1': np.float64(0.8216286363065954), 'lambda_l2': np.float64(2.4456423258438367), 'learning_rate': np.float64(0.3532459642272594), 'max_depth': 13, 'min_child_samples': 52, 'min_child_weight': 17, 'n_estimators': 82, 'num_leaves': 160}",0.9108817004301049,39,0.4150796825615066,0.8216286363065954,2.4456423258438367,0.3532459642272594,13,52,17,82,160
2,3,0.45104617729547575,0.04400606054598106,0.9527458915373523,0.004107939176306486,"{'bagging_fraction': np.float64(0.6408881962624924), 'bagging_freq': 23, 'feature_fraction': np.float64(0.2834848734477221), 'lambda_l1': np.float64(1.9041030564985373), 'lambda_l2': np.float64(1.6740943395945567), 'learning_rate': np.float64(0.262914244106342), 'max_depth': 28, 'min_child_samples': 95, 'min_child_weight': 6, 'n_estimators': 72, 'num_leaves': 139}",0.6408881962624924,23,0.2834848734477221,1.9041030564985373,1.6740943395945567,0.262914244106342,28,95,6,72,139
2,4,0.3461275768804849,0.015324610584852207,0.8062099140567879,0.0073978221410120355,"{'bagging_fraction': np.float64(0.7159206867061955), 'bagging_freq': 43, 'feature_fraction': np.float64(0.5665572973939673), 'lambda_l1': np.float64(1.4459665956931447), 'lambda_l2': np.float64(1.2957242702792593), 'learning_rate': np.float64(0.5550533206136177), 'max_depth': 12, 'min_child_samples': 58, 'min_child_weight': 18, 'n_estimators': 39, 'num_leaves': 172}",0.7159206867061955,43,0.5665572973939673,1.4459665956931447,1.2957242702792593,0.5550533206136177,12,58,18,39,172
2,5,0.36366430390604654,0.02527287128623792,0.8403074422879705,0.056606038318574706,"{'bagging_fraction': np.float64(0.6696164432851827), 'bagging_freq': 65, 'feature_fraction': np.float64(0.21612143119229618), 'lambda_l1': np.float64(1.4860188589388061), 'lambda_l2': np.float64(2.4552989371646774), 'learning_rate': np.float64(1.0836784364383778), 'max_depth': 26, 'min_child_samples': 72, 'min_child_weight': 4, 'n_estimators': 136, 'num_leaves': 156}",0.6696164432851827,65,0.21612143119229618,1.4860188589388061,2.4552989371646774,1.0836784364383778,26,72,4,136,156
2,6,0.3635853756677444,0.027442724890046264,0.8801877329023645,0.007301834068238119,"{'bagging_fraction': np.float64(0.649427687311871), 'bagging_freq': 35, 'feature_fraction': np.float64(0.1768312331741221), 'lambda_l1': np.float64(0.5882165481444454), 'lambda_l2': np.float64(1.2002977669486228), 'learning_rate': np.float64(0.35804181994317297), 'max_depth': 29, 'min_child_samples': 90, 'min_child_weight': 19, 'n_estimators': 115, 'num_leaves': 162}",0.649427687311871,35,0.1768312331741221,0.5882165481444454,1.2002977669486228,0.35804181994317297,29,90,19,115,162
2,7,0.4366037895249545,0.041103722961596194,0.994125085189377,0.002305922391480159,"{'bagging_fraction': np.float64(0.9165284587641855), 'bagging_freq': 62, 'feature_fraction': np.float64(0.4116637533024027), 'lambda_l1': np.float64(0.678526531401612), 'lambda_l2': np.float64(1.7596385289014893), 'learning_rate': np.float64(0.6727636581068671), 'max_depth': 26, 'min_child_samples': 110, 'min_child_weight': 6, 'n_estimators': 94, 'num_leaves': 89}",0.9165284587641855,62,0.4116637533024027,0.678526531401612,1.7596385289014893,0.6727636581068671,26,110,6,94,89
2,8,0.50639413398951,0.028630658424555012,0.9936822957638325,0.0015527033416121415,"{'bagging_fraction': np.float64(0.8831533976621768), 'bagging_freq': 18, 'feature_fraction': np.float64(0.48836719962608466), 'lambda_l1': np.float64(1.3079821061952608), 'lambda_l2': np.float64(2.044244413431202), 'learning_rate': np.float64(0.1558448413915359), 'max_depth': 13, 'min_child_samples': 101, 'min_child_weight': 9, 'n_estimators': 69, 'num_leaves': 79}",0.8831533976621768,18,0.48836719962608466,1.3079821061952608,2.044244413431202,0.1558448413915359,13,101,9,69,79
2,9,0.4191651584999544,0.02439405728720985,0.8578919128926049,0.008391447604128745,"{'bagging_fraction': np.float64(0.9343743058923518), 'bagging_freq': 38, 'feature_fraction': np.float64(0.20511881352009378), 'lambda_l1': np.float64(0.6880242721014982), 'lambda_l2': np.float64(2.442090343276052), 'learning_rate': np.float64(0.17269440460814126), 'max_depth': 26, 'min_child_samples': 78, 'min_child_weight': 18, 'n_estimators': 33, 'num_leaves': 153}",0.9343743058923518,38,0.20511881352009378,0.6880242721014982,2.442090343276052,0.17269440460814126,26,78,18,33,153
2,10,0.45340123370095897,0.023318463325309288,0.9652682671798661,0.003433722874163636,"{'bagging_fraction': np.float64(0.8247774836722199), 'bagging_freq': 44, 'feature_fraction': np.float64(0.3121878711804634), 'lambda_l1': np.float64(0.5131773375471664), 'lambda_l2': np.float64(2.4403824476466074), 'learning_rate': np.float64(0.1777355299203797), 'max_depth': 13, 'min_child_samples': 58, 'min_child_weight': 17, 'n_estimators': 126, 'num_leaves': 123}",0.8247774836722199,44,0.3121878711804634,0.5131773375471664,2.4403824476466074,0.1777355299203797,13,58,17,126,123
2,11,0.34865121715464786,0.024266741769870953,0.9289002148339611,0.004626741770109077,"{'bagging_fraction': np.float64(0.5118811418058125), 'bagging_freq': 13, 'feature_fraction': np.float64(0.5870432876711387), 'lambda_l1': np.float64(1.6962462144355843), 'lambda_l2': np.float64(1.2832369709237863), 'learning_rate': np.float64(0.49580591325844436), 'max_depth': 17, 'min_child_samples': 89, 'min_child_weight': 14, 'n_estimators': 139, 'num_leaves': 82}",0.5118811418058125,13,0.5870432876711387,1.6962462144355843,1.2832369709237863,0.49580591325844436,17,89,14,139,82
2,12,0.41200205152400693,0.019779256388073596,0.9828778263762337,0.002673145175682532,"{'bagging_fraction': np.float64(0.8352354540106106), 'bagging_freq': 54, 'feature_fraction': np.float64(0.27700953226298064), 'lambda_l1': np.float64(1.3336032076829398), 'lambda_l2': np.float64(2.312768970363527), 'learning_rate': np.float64(0.706065850745343), 'max_depth': 14, 'min_child_samples': 87, 'min_child_weight': 11, 'n_estimators': 122, 'num_leaves': 131}",0.8352354540106106,54,0.27700953226298064,1.3336032076829398,2.312768970363527,0.706065850745343,14,87,11,122,131
2,13,0.3312642788889314,0.031154873914242508,0.844540945466381,0.0039356890954045185,"{'bagging_fraction': np.float64(0.5775574786113596), 'bagging_freq': 64, 'feature_fraction': np.float64(0.3578427611878793), 'lambda_l1': np.float64(1.4177074669863148), 'lambda_l2': np.float64(1.4183137455289145), 'learning_rate': np.float64(0.9742311871987042), 'max_depth': 27, 'min_child_samples': 53, 'min_child_weight': 6, 'n_estimators': 76, 'num_leaves': 97}",0.5775574786113596,64,0.3578427611878793,1.4177074669863148,1.4183137455289145,0.9742311871987042,27,53,6,76,97
2,14,0.506781105522189,0.02091250480364907,0.9990492435186985,0.0005546506690360871,"{'bagging_fraction': np.float64(0.8097678103759172), 'bagging_freq': 10, 'feature_fraction': np.float64(0.17769117597260062), 'lambda_l1': np.float64(1.8389854027918153), 'lambda_l2': np.float64(1.319238440615098), 'learning_rate': np.float64(0.1427736769835767), 'max_depth': 21, 'min_child_samples': 75, 'min_child_weight': 10, 'n_estimators': 145, 'num_leaves': 77}",0.8097678103759172,10,0.17769117597260062,1.8389854027918153,1.319238440615098,0.1427736769835767,21,75,10,145,77
2,15,0.4208783815099159,0.013587782100009863,0.9533618993047233,0.006185361139134044,"{'bagging_fraction': np.float64(0.7516576435138721), 'bagging_freq': 39, 'feature_fraction': np.float64(0.27158092836227254), 'lambda_l1': np.float64(0.8577084860116473), 'lambda_l2': np.float64(2.0849922747798173), 'learning_rate': np.float64(0.5358600000389243), 'max_depth': 16, 'min_child_samples': 92, 'min_child_weight': 9, 'n_estimators': 74, 'num_leaves': 75}",0.7516576435138721,39,0.27158092836227254,0.8577084860116473,2.0849922747798173,0.5358600000389243,16,92,9,74,75
2,16,0.4399436949834402,0.045089316571846755,0.9880671339943874,0.003435663364360391,"{'bagging_fraction': np.float64(0.9367538039181793), 'bagging_freq': 59, 'feature_fraction': np.float64(0.5178923189587471), 'lambda_l1': np.float64(1.55638467846383), 'lambda_l2': np.float64(1.9789583197428577), 'learning_rate': np.float64(0.4891458083302317), 'max_depth': 18, 'min_child_samples': 98, 'min_child_weight': 14, 'n_estimators': 129, 'num_leaves': 129}",0.9367538039181793,59,0.5178923189587471,1.55638467846383,1.9789583197428577,0.4891458083302317,18,98,14,129,129
2,17,0.3316262980052802,0.039275098910067106,0.7384121814280146,0.012179054744176488,"{'bagging_fraction': np.float64(0.6444797021253872), 'bagging_freq': 37, 'feature_fraction': np.float64(0.12161336854494251), 'lambda_l1': np.float64(1.0463806155395088), 'lambda_l2': np.float64(1.5245158641097372), 'learning_rate': np.float64(0.7576445638989188), 'max_depth': 26, 'min_child_samples': 103, 'min_child_weight': 18, 'n_estimators': 41, 'num_leaves': 67}",0.6444797021253872,37,0.12161336854494251,1.0463806155395088,1.5245158641097372,0.7576445638989188,26,103,18,41,67
2,18,0.2992017634252873,0.02203294701288362,0.6142401987412265,0.012569851427009119,"{'bagging_fraction': np.float64(0.5788848962907054), 'bagging_freq': 36, 'feature_fraction': np.float64(0.40845427203347195), 'lambda_l1': np.float64(0.8544551312968351), 'lambda_l2': np.float64(1.5432988997135975), 'learning_rate': np.float64(0.25576256195783853), 'max_depth': 16, 'min_child_samples': 114, 'min_child_weight': 19, 'n_estimators': 36, 'num_leaves': 111}",0.5788848962907054,36,0.40845427203347195,0.8544551312968351,1.5432988997135975,0.25576256195783853,16,114,19,36,111
2,19,0.3942414550066678,0.03359250854271022,0.9856517499244101,0.0030576984336016053,"{'bagging_fraction': np.float64(0.9428901203899316), 'bagging_freq': 59, 'feature_fraction': np.float64(0.3040217915347254), 'lambda_l1': np.float64(1.5202381394047082), 'lambda_l2': np.float64(2.4054749996931726), 'learning_rate': np.float64(0.864289608210467), 'max_depth': 22, 'min_child_samples': 119, 'min_child_weight': 13, 'n_estimators': 109, 'num_leaves': 67}",0.9428901203899316,59,0.3040217915347254,1.5202381394047082,2.4054749996931726,0.864289608210467,22,119,13,109,67
3,0,0.3907198063413083,0.03090226184212674,0.9936555683000108,0.001878879614691839,"{'bagging_fraction': np.float64(0.916690186330579), 'bagging_freq': 24, 'feature_fraction': np.float64(0.4840554891554456), 'lambda_l1': np.float64(0.8997833597819771), 'lambda_l2': np.float64(1.408662069647082), 'learning_rate': np.float64(0.7675680875640427), 'max_depth': 21, 'min_child_samples': 63, 'min_child_weight': 16, 'n_estimators': 92, 'num_leaves': 134}",0.916690186330579,24,0.4840554891554456,0.8997833597819771,1.408662069647082,0.7675680875640427,21,63,16,92,134
3,1,0.5008833271948274,0.039291972099672876,0.9994446763854741,0.000547020205286441,"{'bagging_fraction': np.float64(0.8809205608657933), 'bagging_freq': 21, 'feature_fraction': np.float64(0.4868685624180865), 'lambda_l1': np.float64(1.2151435503425472), 'lambda_l2': np.float64(1.3560599922326078), 'learning_rate': np.float64(0.18884760411902404), 'max_depth': 19, 'min_child_samples': 85, 'min_child_weight': 7, 'n_estimators': 114, 'num_leaves': 130}",0.8809205608657933,21,0.4868685624180865,1.2151435503425472,1.3560599922326078,0.18884760411902404,19,85,7,114,130
3,2,0.4471334505644443,0.02941806675314512,0.950157930139817,0.0034137546050356598,"{'bagging_fraction': np.float64(0.8463769195219012), 'bagging_freq': 55, 'feature_fraction': np.float64(0.3742502393462839), 'lambda_l1': np.float64(0.8054952028394946), 'lambda_l2': np.float64(1.9624075326053898), 'learning_rate': np.float64(0.15431218900018953), 'max_depth': 10, 'min_child_samples': 95, 'min_child_weight': 21, 'n_estimators': 144, 'num_leaves': 111}",0.8463769195219012,55,0.3742502393462839,0.8054952028394946,1.9624075326053898,0.15431218900018953,10,95,21,144,111
3,3,0.4165948663814305,0.031138511363246125,0.9814808591049333,0.00405034894383232,"{'bagging_fraction': np.float64(0.6856394093644071), 'bagging_freq': 32, 'feature_fraction': np.float64(0.1463007154776043), 'lambda_l1': np.float64(1.2237348029027015), 'lambda_l2': np.float64(2.2497647105795533), 'learning_rate': np.float64(0.8673118808177666), 'max_depth': 15, 'min_child_samples': 107, 'min_child_weight': 5, 'n_estimators': 118, 'num_leaves': 52}",0.6856394093644071,32,0.1463007154776043,1.2237348029027015,2.2497647105795533,0.8673118808177666,15,107,5,118,52
3,4,0.3770696268275835,0.027305799792783605,0.9631534879393729,0.0022418528836616815,"{'bagging_fraction': np.float64(0.813002794314776), 'bagging_freq': 46, 'feature_fraction': np.float64(0.47415422362279147), 'lambda_l1': np.float64(1.6846979312541162), 'lambda_l2': np.float64(1.8977151115604203), 'learning_rate': np.float64(0.6786767184265834), 'max_depth': 26, 'min_child_samples': 51, 'min_child_weight': 18, 'n_estimators': 131, 'num_leaves': 126}",0.813002794314776,46,0.47415422362279147,1.6846979312541162,1.8977151115604203,0.6786767184265834,26,51,18,131,126
3,5,0.357944956136536,0.02576362649269571,0.9338706015448457,0.0027317864012735052,"{'bagging_fraction': np.float64(0.5350734553614389), 'bagging_freq': 25, 'feature_fraction': np.float64(0.22207267954127632), 'lambda_l1': np.float64(1.1152255278887429), 'lambda_l2': np.float64(1.5616539745823301), 'learning_rate': np.float64(0.755228916486822), 'max_depth': 24, 'min_child_samples': 70, 'min_child_weight': 8, 'n_estimators': 108, 'num_leaves': 137}",0.5350734553614389,25,0.22207267954127632,1.1152255278887429,1.5616539745823301,0.755228916486822,24,70,8,108,137
3,6,0.3798016988905998,0.04554276791919045,0.9430879716096854,0.029857174714192497,"{'bagging_fraction': np.float64(0.7953217490457023), 'bagging_freq': 49, 'feature_fraction': np.float64(0.3069663131471997), 'lambda_l1': np.float64(1.5007126629783782), 'lambda_l2': np.float64(1.0188267635550259), 'learning_rate': np.float64(0.9972470822789249), 'max_depth': 20, 'min_child_samples': 104, 'min_child_weight': 6, 'n_estimators': 93, 'num_leaves': 132}",0.7953217490457023,49,0.3069663131471997,1.5007126629783782,1.0188267635550259,0.9972470822789249,20,104,6,93,132
3,7,0.40559158543148327,0.027251814975306043,0.9848782129604394,0.00368744265437544,"{'bagging_fraction': np.float64(0.9076735232782908), 'bagging_freq': 31, 'feature_fraction': np.float64(0.37464694001354215), 'lambda_l1': np.float64(1.8546912187390487), 'lambda_l2': np.float64(2.1426064586775886), 'learning_rate': np.float64(0.6873188777525975), 'max_depth': 22, 'min_child_samples': 51, 'min_child_weight': 17, 'n_estimators': 102, 'num_leaves': 161}",0.9076735232782908,31,0.37464694001354215,1.8546912187390487,2.1426064586775886,0.6873188777525975,22,51,17,102,161
3,8,0.3865295896838309,0.02047293936345734,0.9577541932584671,0.0050070395596541525,"{'bagging_fraction': np.float64(0.8698494597799042), 'bagging_freq': 67, 'feature_fraction': np.float64(0.531817889339041), 'lambda_l1': np.float64(1.0537694546713805), 'lambda_l2': np.float64(2.0963689452096377), 'learning_rate': np.float64(0.8950319198696026), 'max_depth': 12, 'min_child_samples': 51, 'min_child_weight': 11, 'n_estimators': 77, 'num_leaves': 95}",0.8698494597799042,67,0.531817889339041,1.0537694546713805,2.0963689452096377,0.8950319198696026,12,51,11,77,95
3,9,0.3566472651894169,0.03587539857529926,0.9134127855668123,0.0032061266018635058,"{'bagging_fraction': np.float64(0.5844435583065046), 'bagging_freq': 21, 'feature_fraction': np.float64(0.47425388157726), 'lambda_l1': np.float64(1.8706768083015248), 'lambda_l2': np.float64(1.526197953190618), 'learning_rate': np.float64(0.5808604189732095), 'max_depth': 26, 'min_child_samples': 113, 'min_child_weight': 15, 'n_estimators': 107, 'num_leaves': 107}",0.5844435583065046,21,0.47425388157726,1.8706768083015248,1.526197953190618,0.5808604189732095,26,113,15,107,107
3,10,0.4440059173438414,0.03144136875269133,0.9800740615566784,0.0030511248627871587,"{'bagging_fraction': np.float64(0.6608773831647492), 'bagging_freq': 17, 'feature_fraction': np.float64(0.1954909423924416), 'lambda_l1': np.float64(0.5533659124114366), 'lambda_l2': np.float64(1.9439174572303373), 'learning_rate': np.float64(0.21621063877552074), 'max_depth': 27, 'min_child_samples': 67, 'min_child_weight': 13, 'n_estimators': 145, 'num_leaves': 196}",0.6608773831647492,17,0.1954909423924416,0.5533659124114366,1.9439174572303373,0.21621063877552074,27,67,13,145,196
3,11,0.47167890675793667,0.030667802348375312,0.9880546557337535,0.0018115781865362729,"{'bagging_fraction': np.float64(0.9411563151392105), 'bagging_freq': 60, 'feature_fraction': np.float64(0.10023675968246917), 'lambda_l1': np.float64(1.7725085750438638), 'lambda_l2': np.float64(1.8575193672945036), 'learning_rate': np.float64(0.6038551283447222), 'max_depth': 16, 'min_child_samples': 65, 'min_child_weight': 9, 'n_estimators': 94, 'num_leaves': 77}",0.9411563151392105,60,0.10023675968246917,1.7725085750438638,1.8575193672945036,0.6038551283447222,16,65,9,94,77
3,12,0.3436379530950268,0.031022293990090388,0.8573555400401304,0.008423796796408041,"{'bagging_fraction': np.float64(0.5055202365087369), 'bagging_freq': 21, 'feature_fraction': np.float64(0.4075421387808349), 'lambda_l1': np.float64(0.6161659348981738), 'lambda_l2': np.float64(2.3879049010746805), 'learning_rate': np.float64(0.2781097683351209), 'max_depth': 24, 'min_child_samples': 115, 'min_child_weight': 16, 'n_estimators': 141, 'num_leaves': 173}",0.5055202365087369,21,0.4075421387808349,0.6161659348981738,2.3879049010746805,0.2781097683351209,24,115,16,141,173
3,13,0.41568363764408245,0.022891594007139086,0.9402094867904911,0.00511375923031775,"{'bagging_fraction': np.float64(0.5530077679563973), 'bagging_freq': 35, 'feature_fraction': np.float64(0.15960806979924239), 'lambda_l1': np.float64(1.085652630761513), 'lambda_l2': np.float64(1.837413330299038), 'learning_rate': np.float64(0.3856624494496389), 'max_depth': 18, 'min_child_samples': 50, 'min_child_weight': 7, 'n_estimators': 112, 'num_leaves': 177}",0.5530077679563973,35,0.15960806979924239,1.085652630761513,1.837413330299038,0.3856624494496389,18,50,7,112,177
3,14,0.4058496107636376,0.04451787193636145,0.935964024526227,0.0069889952822205295,"{'bagging_fraction': np.float64(0.6390125153037531), 'bagging_freq': 22, 'feature_fraction': np.float64(0.42020979568714356), 'lambda_l1': np.float64(1.6718938695920464), 'lambda_l2': np.float64(2.316073883539949), 'learning_rate': np.float64(0.569912541238766), 'max_depth': 28, 'min_child_samples': 59, 'min_child_weight': 10, 'n_estimators': 69, 'num_leaves': 188}",0.6390125153037531,22,0.42020979568714356,1.6718938695920464,2.316073883539949,0.569912541238766,28,59,10,69,188
3,15,0.36081843753309106,0.027085298359619838,0.8544253199368665,0.007226730981681762,"{'bagging_fraction': np.float64(0.5951178567017612), 'bagging_freq': 48, 'feature_fraction': np.float64(0.4832458880960988), 'lambda_l1': np.float64(0.6909857606825793), 'lambda_l2': np.float64(1.5019612875184905), 'learning_rate': np.float64(0.5457475704132303), 'max_depth': 21, 'min_child_samples': 76, 'min_child_weight': 11, 'n_estimators': 67, 'num_leaves': 150}",0.5951178567017612,48,0.4832458880960988,0.6909857606825793,1.5019612875184905,0.5457475704132303,21,76,11,67,150
3,16,0.47845175054151523,0.04260313326305324,0.9984607356032138,0.0009298925592676526,"{'bagging_fraction': np.float64(0.8401145139680937), 'bagging_freq': 27, 'feature_fraction': np.float64(0.4641475966585178), 'lambda_l1': np.float64(0.8166386122702154), 'lambda_l2': np.float64(1.1369643296959064), 'learning_rate': np.float64(0.3132259816100852), 'max_depth': 15, 'min_child_samples': 83, 'min_child_weight': 5, 'n_estimators': 126, 'num_leaves': 110}",0.8401145139680937,27,0.4641475966585178,0.8166386122702154,1.1369643296959064,0.3132259816100852,15,83,5,126,110
3,17,0.35855248565268194,0.033521666598023823,0.8777457820792396,0.0071167362328241855,"{'bagging_fraction': np.float64(0.7141779900041374), 'bagging_freq': 28, 'feature_fraction': np.float64(0.5302483670479209), 'lambda_l1': np.float64(0.5694949427826794), 'lambda_l2': np.float64(1.9246431689967245), 'learning_rate': np.float64(0.7183601321220257), 'max_depth': 23, 'min_child_samples': 86, 'min_child_weight': 14, 'n_estimators': 41, 'num_leaves': 101}",0.7141779900041374,28,0.5302483670479209,0.5694949427826794,1.9246431689967245,0.7183601321220257,23,86,14,41,101
3,18,0.4218955191870646,0.029143919152597505,0.9864142671610325,0.002057679824810258,"{'bagging_fraction': np.float64(0.5200956565822705), 'bagging_freq': 12, 'feature_fraction': np.float64(0.10914789909278397), 'lambda_l1': np.float64(1.932565057004406), 'lambda_l2': np.float64(1.295541632491868), 'learning_rate': np.float64(0.6327682149074135), 'max_depth': 29, 'min_child_samples': 60, 'min_child_weight': 4, 'n_estimators': 107, 'num_leaves': 115}",0.5200956565822705,12,0.10914789909278397,1.932565057004406,1.295541632491868,0.6327682149074135,29,60,4,107,115
3,19,0.4907690343186049,0.027740075520835742,0.9819193419909871,0.0013704715315943467,"{'bagging_fraction': np.float64(0.9294151655447577), 'bagging_freq': 64, 'feature_fraction': np.float64(0.2373535958151077), 'lambda_l1': np.float64(1.3324771182000004), 'lambda_l2': np.float64(1.3749492620241668), 'learning_rate': np.float64(0.18589988322210396), 'max_depth': 24, 'min_child_samples': 102, 'min_child_weight': 11, 'n_estimators': 93, 'num_leaves': 81}",0.9294151655447577,64,0.2373535958151077,1.3324771182000004,1.3749492620241668,0.18589988322210396,24,102,11,93,81
4,0,0.4135603074818482,0.04085287588432005,0.918117390280196,0.08831618546424937,"{'bagging_fraction': np.float64(0.6909329385040806), 'bagging_freq': 26, 'feature_fraction': np.float64(0.5261612098064664), 'lambda_l1': np.float64(1.5773510570073015), 'lambda_l2': np.float64(2.1255166361085944), 'learning_rate': np.float64(0.8834859964564672), 'max_depth': 24, 'min_child_samples': 61, 'min_child_weight': 4, 'n_estimators': 141, 'num_leaves': 150}",0.6909329385040806,26,0.5261612098064664,1.5773510570073015,2.1255166361085944,0.8834859964564672,24,61,4,141,150
4,1,0.30977335813708173,0.01983703540106562,0.793168979309427,0.003145351130137353,"{'bagging_fraction': np.float64(0.6348068686599582), 'bagging_freq': 50, 'feature_fraction': np.float64(0.22078765924448776), 'lambda_l1': np.float64(1.7287252089448555), 'lambda_l2': np.float64(1.538567719590684), 'learning_rate': np.float64(0.8431735293491761), 'max_depth': 13, 'min_child_samples': 88, 'min_child_weight': 18, 'n_estimators': 71, 'num_leaves': 69}",0.6348068686599582,50,0.22078765924448776,1.7287252089448555,1.538567719590684,0.8431735293491761,13,88,18,71,69
4,2,0.4027514866126948,0.03195659126905065,0.9137534663251008,0.0058642026422436044,"{'bagging_fraction': np.float64(0.8114237159428682), 'bagging_freq': 19, 'feature_fraction': np.float64(0.5564366803237975), 'lambda_l1': np.float64(1.268249959795591), 'lambda_l2': np.float64(1.6279690691952062), 'learning_rate': np.float64(0.4242501786585462), 'max_depth': 14, 'min_child_samples': 102, 'min_child_weight': 19, 'n_estimators': 45, 'num_leaves': 80}",0.8114237159428682,19,0.5564366803237975,1.268249959795591,1.6279690691952062,0.4242501786585462,14,102,19,45,80
4,3,0.3752008554304492,0.014767706165915563,0.911781139233739,0.002519599290037409,"{'bagging_fraction': np.float64(0.6544739856560431), 'bagging_freq': 16, 'feature_fraction': np.float64(0.25372697124661314), 'lambda_l1': np.float64(1.2806377167084668), 'lambda_l2': np.float64(1.1797340516910024), 'learning_rate': np.float64(0.3136603110282242), 'max_depth': 10, 'min_child_samples': 59, 'min_child_weight': 20, 'n_estimators': 138, 'num_leaves': 156}",0.6544739856560431,16,0.25372697124661314,1.2806377167084668,1.1797340516910024,0.3136603110282242,10,59,20,138,156
4,4,0.27527117811337054,0.01643414399561137,0.7783771668040483,0.003070846394627243,"{'bagging_fraction': np.float64(0.5624510825701163), 'bagging_freq': 65, 'feature_fraction': np.float64(0.5647844145149237), 'lambda_l1': np.float64(1.788887811467236), 'lambda_l2': np.float64(1.7297942512521942), 'learning_rate': np.float64(0.7909857953068049), 'max_depth': 12, 'min_child_samples': 56, 'min_child_weight': 17, 'n_estimators': 103, 'num_leaves': 97}",0.5624510825701163,65,0.5647844145149237,1.788887811467236,1.7297942512521942,0.7909857953068049,12,56,17,103,97
4,5,0.3618793124586189,0.018225896648912894,0.7589867707408141,0.006381685426760456,"{'bagging_fraction': np.float64(0.5860344790051342), 'bagging_freq': 53, 'feature_fraction': np.float64(0.39210795195155257), 'lambda_l1': np.float64(0.7480980774555807), 'lambda_l2': np.float64(1.4692554567871712), 'learning_rate': np.float64(0.13674263526907685), 'max_depth': 19, 'min_child_samples': 69, 'min_child_weight': 19, 'n_estimators': 121, 'num_leaves': 156}",0.5860344790051342,53,0.39210795195155257,0.7480980774555807,1.4692554567871712,0.13674263526907685,19,69,19,121,156
4,6,0.3161142357803075,0.023122994931217646,0.8902415582697267,0.005827312522202379,"{'bagging_fraction': np.float64(0.6721678152445778), 'bagging_freq': 57, 'feature_fraction': np.float64(0.13430517624233415), 'lambda_l1': np.float64(1.1350703821813837), 'lambda_l2': np.float64(2.252159920412125), 'learning_rate': np.float64(0.9797571931396795), 'max_depth': 17, 'min_child_samples': 86, 'min_child_weight': 16, 'n_estimators': 121, 'num_leaves': 158}",0.6721678152445778,57,0.13430517624233415,1.1350703821813837,2.252159920412125,0.9797571931396795,17,86,16,121,158
4,7,0.3675874871443111,0.03141389272713461,0.8904197539698984,0.006740906550751637,"{'bagging_fraction': np.float64(0.5474774396691371), 'bagging_freq': 35, 'feature_fraction': np.float64(0.1586211698007471), 'lambda_l1': np.float64(1.7478481805625061), 'lambda_l2': np.float64(1.957972650303373), 'learning_rate': np.float64(1.0987026641893523), 'max_depth': 12, 'min_child_samples': 72, 'min_child_weight': 6, 'n_estimators': 100, 'num_leaves': 96}",0.5474774396691371,35,0.1586211698007471,1.7478481805625061,1.957972650303373,1.0987026641893523,12,72,6,100,96
4,8,0.3619634699632095,0.030525307731065227,0.9735691481697122,0.00256510972800413,"{'bagging_fraction': np.float64(0.7672322999228847), 'bagging_freq': 32, 'feature_fraction': np.float64(0.38014055860263263), 'lambda_l1': np.float64(1.0243315918312443), 'lambda_l2': np.float64(1.0315780503678615), 'learning_rate': np.float64(0.8246765070189891), 'max_depth': 17, 'min_child_samples': 106, 'min_child_weight': 13, 'n_estimators': 105, 'num_leaves': 60}",0.7672322999228847,32,0.38014055860263263,1.0243315918312443,1.0315780503678615,0.8246765070189891,17,106,13,105,60
4,9,0.42523478614675303,0.012919291321587171,0.8961305236143653,0.006247895233353992,"{'bagging_fraction': np.float64(0.8064172585326947), 'bagging_freq': 24, 'feature_fraction': np.float64(0.5098362037393775), 'lambda_l1': np.float64(0.5848656298643262), 'lambda_l2': np.float64(1.4689105786665373), 'learning_rate': np.float64(0.16217973190040483), 'max_depth': 26, 'min_child_samples': 62, 'min_child_weight': 20, 'n_estimators': 75, 'num_leaves': 116}",0.8064172585326947,24,0.5098362037393775,0.5848656298643262,1.4689105786665373,0.16217973190040483,26,62,20,75,116
4,10,0.37086095807113023,0.036127048684666006,0.9271091178629962,0.005046512892856692,"{'bagging_fraction': np.float64(0.8191927460641911), 'bagging_freq': 47, 'feature_fraction': np.float64(0.3534931893335649), 'lambda_l1': np.float64(1.8315337797142686), 'lambda_l2': np.float64(2.4651078101384014), 'learning_rate': np.float64(0.8201746788293482), 'max_depth': 18, 'min_child_samples': 111, 'min_child_weight': 17, 'n_estimators': 64, 'num_leaves': 111}",0.8191927460641911,47,0.3534931893335649,1.8315337797142686,2.4651078101384014,0.8201746788293482,18,111,17,64,111
4,11,0.34921934170504504,0.019545275217034173,0.8212008089353441,0.009473627985672979,"{'bagging_fraction': np.float64(0.5635579022824913), 'bagging_freq': 22, 'feature_fraction': np.float64(0.11674266706608469), 'lambda_l1': np.float64(0.5682770657483971), 'lambda_l2': np.float64(2.2752380180025034), 'learning_rate': np.float64(0.5430827688118386), 'max_depth': 10, 'min_child_samples': 92, 'min_child_weight': 14, 'n_estimators': 58, 'num_leaves': 192}",0.5635579022824913,22,0.11674266706608469,0.5682770657483971,2.2752380180025034,0.5430827688118386,10,92,14,58,192
4,12,0.402269200056437,0.02989129996122049,0.8784920334442772,0.00408068610061033,"{'bagging_fraction': np.float64(0.7918880205843484), 'bagging_freq': 50, 'feature_fraction': np.float64(0.5514443644057434), 'lambda_l1': np.float64(1.819187875179162), 'lambda_l2': np.float64(2.1184369447954268), 'learning_rate': np.float64(0.9469069955331432), 'max_depth': 25, 'min_child_samples': 77, 'min_child_weight': 4, 'n_estimators': 45, 'num_leaves': 50}",0.7918880205843484,50,0.5514443644057434,1.819187875179162,2.1184369447954268,0.9469069955331432,25,77,4,45,50
4,13,0.4011598009369875,0.037074567452949105,0.9819763853222913,0.003971560833260295,"{'bagging_fraction': np.float64(0.9160174749937497), 'bagging_freq': 12, 'feature_fraction': np.float64(0.3203117061323977), 'lambda_l1': np.float64(1.533362588170695), 'lambda_l2': np.float64(2.25152171654218), 'learning_rate': np.float64(0.9265657837791802), 'max_depth': 26, 'min_child_samples': 90, 'min_child_weight': 13, 'n_estimators': 32, 'num_leaves': 178}",0.9160174749937497,12,0.3203117061323977,1.533362588170695,2.25152171654218,0.9265657837791802,26,90,13,32,178
4,14,0.43255172313282414,0.02917583640081735,0.889061899987077,0.004925575472429096,"{'bagging_fraction': np.float64(0.8008181717010447), 'bagging_freq': 64, 'feature_fraction': np.float64(0.5753711311774733), 'lambda_l1': np.float64(1.5036880564817026), 'lambda_l2': np.float64(2.286576173011614), 'learning_rate': np.float64(0.5672277306221936), 'max_depth': 26, 'min_child_samples': 75, 'min_child_weight': 6, 'n_estimators': 69, 'num_leaves': 71}",0.8008181717010447,64,0.5753711311774733,1.5036880564817026,2.286576173011614,0.5672277306221936,26,75,6,69,71
4,15,0.47154928107220107,0.0349822712355896,0.9780350951134015,0.003033310068824404,"{'bagging_fraction': np.float64(0.7649720060322603), 'bagging_freq': 52, 'feature_fraction': np.float64(0.4873642919662263), 'lambda_l1': np.float64(0.5031418139570891), 'lambda_l2': np.float64(1.8097588947023038), 'learning_rate': np.float64(0.13157242007734918), 'max_depth': 24, 'min_child_samples': 92, 'min_child_weight': 9, 'n_estimators': 132, 'num_leaves': 199}",0.7649720060322603,52,0.4873642919662263,0.5031418139570891,1.8097588947023038,0.13157242007734918,24,92,9,132,199
4,16,0.3356952536986354,0.03253647001729901,0.8329310090730692,0.007889007389030448,"{'bagging_fraction': np.float64(0.5195831257724166), 'bagging_freq': 58, 'feature_fraction': np.float64(0.19222749718251655), 'lambda_l1': np.float64(1.1524852962725702), 'lambda_l2': np.float64(2.178164932508029), 'learning_rate': np.float64(0.8961100350728118), 'max_depth': 28, 'min_child_samples': 97, 'min_child_weight': 9, 'n_estimators': 121, 'num_leaves': 94}",0.5195831257724166,58,0.19222749718251655,1.1524852962725702,2.178164932508029,0.8961100350728118,28,97,9,121,94
4,17,0.4549986052875251,0.0186576958644932,0.9617066108216719,0.0058348395063108115,"{'bagging_fraction': np.float64(0.7564849470533195), 'bagging_freq': 42, 'feature_fraction': np.float64(0.590706759059956), 'lambda_l1': np.float64(1.5433037178682731), 'lambda_l2': np.float64(1.475316388906148), 'learning_rate': np.float64(0.40789257569278836), 'max_depth': 11, 'min_child_samples': 73, 'min_child_weight': 4, 'n_estimators': 62, 'num_leaves': 82}",0.7564849470533195,42,0.590706759059956,1.5433037178682731,1.475316388906148,0.40789257569278836,11,73,4,62,82
4,18,0.32008685892983346,0.01626448503597888,0.8419654975386937,0.010051224397374945,"{'bagging_fraction': np.float64(0.7257167389868433), 'bagging_freq': 45, 'feature_fraction': np.float64(0.18542634320624865), 'lambda_l1': np.float64(1.7690832977808042), 'lambda_l2': np.float64(1.6066738342951663), 'learning_rate': np.float64(0.8611383419936554), 'max_depth': 15, 'min_child_samples': 79, 'min_child_weight': 21, 'n_estimators': 70, 'num_leaves': 179}",0.7257167389868433,45,0.18542634320624865,1.7690832977808042,1.6066738342951663,0.8611383419936554,15,79,21,70,179
4,19,0.4427814005543726,0.040718579924523865,0.87763685859371,0.006289982501248526,"{'bagging_fraction': np.float64(0.6516035726789163), 'bagging_freq': 55, 'feature_fraction': np.float64(0.1364250258085126), 'lambda_l1': np.float64(0.78616522163521), 'lambda_l2': np.float64(2.173895486887064), 'learning_rate': np.float64(0.26133663996594036), 'max_depth': 21, 'min_child_samples': 95, 'min_child_weight': 6, 'n_estimators': 64, 'num_leaves': 116}",0.6516035726789163,55,0.1364250258085126,0.78616522163521,2.173895486887064,0.26133663996594036,21,95,6,64,116
5,0,0.29414904184276003,0.02576632930115889,0.83434426597033,0.00588148160934022,"{'bagging_fraction': np.float64(0.55151984778624), 'bagging_freq': 21, 'feature_fraction': np.float64(0.17349152877206145), 'lambda_l1': np.float64(1.0664094603461711), 'lambda_l2': np.float64(1.4795896063964182), 'learning_rate': np.float64(1.0342141707536652), 'max_depth': 25, 'min_child_samples': 99, 'min_child_weight': 12, 'n_estimators': 71, 'num_leaves': 160}",0.55151984778624,21,0.17349152877206145,1.0664094603461711,1.4795896063964182,1.0342141707536652,25,99,12,71,160
5,1,0.3272195161550906,0.020417797513685536,0.7606296206860188,0.006225514569582509,"{'bagging_fraction': np.float64(0.6462470726543563), 'bagging_freq': 41, 'feature_fraction': np.float64(0.19252602344933203), 'lambda_l1': np.float64(1.2006094268762133), 'lambda_l2': np.float64(1.5382762095639024), 'learning_rate': np.float64(1.092782208093887), 'max_depth': 16, 'min_child_samples': 105, 'min_child_weight': 11, 'n_estimators': 36, 'num_leaves': 155}",0.6462470726543563,41,0.19252602344933203,1.2006094268762133,1.5382762095639024,1.092782208093887,16,105,11,36,155
5,2,0.4897101631706454,0.016507347926422025,0.9793550041842625,0.0015288933902883653,"{'bagging_fraction': np.float64(0.8308715490347376), 'bagging_freq': 38, 'feature_fraction': np.float64(0.1380208471682993), 'lambda_l1': np.float64(1.619194400858114), 'lambda_l2': np.float64(1.065573855952867), 'learning_rate': np.float64(0.20794341040754874), 'max_depth': 26, 'min_child_samples': 112, 'min_child_weight': 10, 'n_estimators': 87, 'num_leaves': 108}",0.8308715490347376,38,0.1380208471682993,1.619194400858114,1.065573855952867,0.20794341040754874,26,112,10,87,108
5,3,0.5185893955248619,0.03487283911905401,0.9809619444870539,0.0029106388091592176,"{'bagging_fraction': np.float64(0.8388456924508048), 'bagging_freq': 38, 'feature_fraction': np.float64(0.2102927319267783), 'lambda_l1': np.float64(1.9906330000239434), 'lambda_l2': np.float64(2.3207853209513196), 'learning_rate': np.float64(0.17727661494937555), 'max_depth': 16, 'min_child_samples': 100, 'min_child_weight': 4, 'n_estimators': 73, 'num_leaves': 162}",0.8388456924508048,38,0.2102927319267783,1.9906330000239434,2.3207853209513196,0.17727661494937555,16,100,4,73,162
5,4,0.362449858438898,0.02314300742158715,0.9607939380347681,0.006995957093892317,"{'bagging_fraction': np.float64(0.8516596539952115), 'bagging_freq': 63, 'feature_fraction': np.float64(0.5214977337368519), 'lambda_l1': np.float64(0.9976509041730102), 'lambda_l2': np.float64(1.7506691418044769), 'learning_rate': np.float64(0.874226877590993), 'max_depth': 20, 'min_child_samples': 85, 'min_child_weight': 16, 'n_estimators': 98, 'num_leaves': 52}",0.8516596539952115,63,0.5214977337368519,0.9976509041730102,1.7506691418044769,0.874226877590993,20,85,16,98,52
5,5,0.4469614931902256,0.034349895288385265,0.9503057224929675,0.0034652475088255293,"{'bagging_fraction': np.float64(0.9072164824469936), 'bagging_freq': 68, 'feature_fraction': np.float64(0.4132164897041837), 'lambda_l1': np.float64(1.4533927233165644), 'lambda_l2': np.float64(1.3979552770265946), 'learning_rate': np.float64(0.47657257492656946), 'max_depth': 16, 'min_child_samples': 66, 'min_child_weight': 10, 'n_estimators': 46, 'num_leaves': 133}",0.9072164824469936,68,0.4132164897041837,1.4533927233165644,1.3979552770265946,0.47657257492656946,16,66,10,46,133
5,6,0.4662889844668447,0.03788009122044536,0.9937119441054545,0.0017216942230214056,"{'bagging_fraction': np.float64(0.9482013424988456), 'bagging_freq': 63, 'feature_fraction': np.float64(0.36935373946820726), 'lambda_l1': np.float64(0.5681888328885307), 'lambda_l2': np.float64(2.1334694304334985), 'learning_rate': np.float64(0.4013294253438222), 'max_depth': 24, 'min_child_samples': 80, 'min_child_weight': 7, 'n_estimators': 104, 'num_leaves': 193}",0.9482013424988456,63,0.36935373946820726,0.5681888328885307,2.1334694304334985,0.4013294253438222,24,80,7,104,193
5,7,0.3024770924868724,0.0317353053619547,0.8384811098269317,0.010577893990957156,"{'bagging_fraction': np.float64(0.6743285480392354), 'bagging_freq': 37, 'feature_fraction': np.float64(0.24349555123514097), 'lambda_l1': np.float64(0.6885601812030351), 'lambda_l2': np.float64(1.660696983654085), 'learning_rate': np.float64(0.7543720876437238), 'max_depth': 17, 'min_child_samples': 104, 'min_child_weight': 20, 'n_estimators': 75, 'num_leaves': 87}",0.6743285480392354,37,0.24349555123514097,0.6885601812030351,1.660696983654085,0.7543720876437238,17,104,20,75,87
5,8,0.4471774221395063,0.0393653491420244,0.9731180453580167,0.004264669723585395,"{'bagging_fraction': np.float64(0.8507807747631955), 'bagging_freq': 29, 'feature_fraction': np.float64(0.5130354463536726), 'lambda_l1': np.float64(1.182777308313318), 'lambda_l2': np.float64(1.2691350022656758), 'learning_rate': np.float64(0.16772091079341325), 'max_depth': 12, 'min_child_samples': 85, 'min_child_weight': 17, 'n_estimators': 99, 'num_leaves': 152}",0.8507807747631955,29,0.5130354463536726,1.182777308313318,1.2691350022656758,0.16772091079341325,12,85,17,99,152
5,9,0.3039244340351696,0.016719738034050854,0.7462679327577761,0.013856192574237588,"{'bagging_fraction': np.float64(0.5178537365994906), 'bagging_freq': 15, 'feature_fraction': np.float64(0.28866255133800633), 'lambda_l1': np.float64(1.8545300491262897), 'lambda_l2': np.float64(2.3078752264473748), 'learning_rate': np.float64(0.6860199154825478), 'max_depth': 21, 'min_child_samples': 108, 'min_child_weight': 17, 'n_estimators': 60, 'num_leaves': 86}",0.5178537365994906,15,0.28866255133800633,1.8545300491262897,2.3078752264473748,0.6860199154825478,21,108,17,60,86
5,10,0.4022265518108525,0.0423987862651466,0.9685410718771126,0.0028138178087052284,"{'bagging_fraction': np.float64(0.74561347650856), 'bagging_freq': 22, 'feature_fraction': np.float64(0.2014447445523513), 'lambda_l1': np.float64(0.9491380809062608), 'lambda_l2': np.float64(1.6910000246939922), 'learning_rate': np.float64(0.6162623581809253), 'max_depth': 14, 'min_child_samples': 104, 'min_child_weight': 15, 'n_estimators': 93, 'num_leaves': 64}",0.74561347650856,22,0.2014447445523513,0.9491380809062608,1.6910000246939922,0.6162623581809253,14,104,15,93,64
5,11,0.33393981437725034,0.01846036017467125,0.8271027585923718,0.005725751870087477,"{'bagging_fraction': np.float64(0.6017670585250886), 'bagging_freq': 46, 'feature_fraction': np.float64(0.4501248847692172), 'lambda_l1': np.float64(1.4048558855913853), 'lambda_l2': np.float64(1.867162396380786), 'learning_rate': np.float64(0.3201130833767142), 'max_depth': 12, 'min_child_samples': 107, 'min_child_weight': 20, 'n_estimators': 144, 'num_leaves': 107}",0.6017670585250886,46,0.4501248847692172,1.4048558855913853,1.867162396380786,0.3201130833767142,12,107,20,144,107
5,12,0.4260578901981473,0.03007476062914742,0.9373940644553981,0.0022884882703464358,"{'bagging_fraction': np.float64(0.888583835852258), 'bagging_freq': 66, 'feature_fraction': np.float64(0.28649555825414463), 'lambda_l1': np.float64(1.6362777176852126), 'lambda_l2': np.float64(1.5624311233657808), 'learning_rate': np.float64(0.7256701800868054), 'max_depth': 11, 'min_child_samples': 64, 'min_child_weight': 4, 'n_estimators': 89, 'num_leaves': 174}",0.888583835852258,66,0.28649555825414463,1.6362777176852126,1.5624311233657808,0.7256701800868054,11,64,4,89,174
5,13,0.33755492922628483,0.022160490585347,0.9383441779133751,0.004982624609117462,"{'bagging_fraction': np.float64(0.756927490459421), 'bagging_freq': 54, 'feature_fraction': np.float64(0.14762507895674729), 'lambda_l1': np.float64(1.685963543411967), 'lambda_l2': np.float64(1.3075908769628146), 'learning_rate': np.float64(0.9958664186537793), 'max_depth': 27, 'min_child_samples': 73, 'min_child_weight': 17, 'n_estimators': 132, 'num_leaves': 107}",0.756927490459421,54,0.14762507895674729,1.685963543411967,1.3075908769628146,0.9958664186537793,27,73,17,132,107
5,14,0.3039920600928889,0.03155675655687882,0.9493459800063283,0.005026525295046186,"{'bagging_fraction': np.float64(0.6354972645853618), 'bagging_freq': 18, 'feature_fraction': np.float64(0.47006450518247755), 'lambda_l1': np.float64(0.6670363068604873), 'lambda_l2': np.float64(1.7093349123098664), 'learning_rate': np.float64(1.0419083642000564), 'max_depth': 28, 'min_child_samples': 104, 'min_child_weight': 14, 'n_estimators': 116, 'num_leaves': 186}",0.6354972645853618,18,0.47006450518247755,0.6670363068604873,1.7093349123098664,1.0419083642000564,28,104,14,116,186
5,15,0.2834631316341027,0.020268231954827604,0.7708450007904688,0.005233265166613932,"{'bagging_fraction': np.float64(0.6613527862590577), 'bagging_freq': 69, 'feature_fraction': np.float64(0.19504322981701008), 'lambda_l1': np.float64(1.060483351966717), 'lambda_l2': np.float64(2.2153486872215744), 'learning_rate': np.float64(1.0347076704618505), 'max_depth': 16, 'min_child_samples': 54, 'min_child_weight': 19, 'n_estimators': 77, 'num_leaves': 180}",0.6613527862590577,69,0.19504322981701008,1.060483351966717,2.2153486872215744,1.0347076704618505,16,54,19,77,180
5,16,0.42946646167940206,0.028116040252249227,0.9227456431784168,0.0018378212427816302,"{'bagging_fraction': np.float64(0.797972295420706), 'bagging_freq': 28, 'feature_fraction': np.float64(0.33680783632496314), 'lambda_l1': np.float64(0.926954185769697), 'lambda_l2': np.float64(2.4474882253616346), 'learning_rate': np.float64(0.4513035882427706), 'max_depth': 21, 'min_child_samples': 77, 'min_child_weight': 16, 'n_estimators': 47, 'num_leaves': 117}",0.797972295420706,28,0.33680783632496314,0.926954185769697,2.4474882253616346,0.4513035882427706,21,77,16,47,117
5,17,0.4206996353253601,0.03745142379885635,0.9976336830797452,0.0014424550171409306,"{'bagging_fraction': np.float64(0.6453748029067858), 'bagging_freq': 11, 'feature_fraction': np.float64(0.3908739269736067), 'lambda_l1': np.float64(0.5656464617414121), 'lambda_l2': np.float64(1.3554238134249463), 'learning_rate': np.float64(0.3866752302119173), 'max_depth': 27, 'min_child_samples': 106, 'min_child_weight': 9, 'n_estimators': 148, 'num_leaves': 178}",0.6453748029067858,11,0.3908739269736067,0.5656464617414121,1.3554238134249463,0.3866752302119173,27,106,9,148,178
5,18,0.35015838897445795,0.030495678279721317,0.9904109243837279,0.0025333649552677115,"{'bagging_fraction': np.float64(0.6109721098954839), 'bagging_freq': 11, 'feature_fraction': np.float64(0.1646759669759029), 'lambda_l1': np.float64(0.7252265612572673), 'lambda_l2': np.float64(2.112369330016761), 'learning_rate': np.float64(1.0224527677667121), 'max_depth': 22, 'min_child_samples': 51, 'min_child_weight': 6, 'n_estimators': 95, 'num_leaves': 54}",0.6109721098954839,11,0.1646759669759029,0.7252265612572673,2.112369330016761,1.0224527677667121,22,51,6,95,54
5,19,0.4535396930584941,0.02555897804447252,0.9976503959759399,0.0014451226045627498,"{'bagging_fraction': np.float64(0.9346911509470686), 'bagging_freq': 28, 'feature_fraction': np.float64(0.1803485377852447), 'lambda_l1': np.float64(1.2335987216284199), 'lambda_l2': np.float64(1.191176651401104), 'learning_rate': np.float64(0.3474167388398284), 'max_depth': 24, 'min_child_samples': 109, 'min_child_weight': 17, 'n_estimators': 137, 'num_leaves': 156}",0.9346911509470686,28,0.1803485377852447,1.2335987216284199,1.191176651401104,0.3474167388398284,24,109,17,137,156
6,0,0.35343908417058517,0.03386033497545332,0.829789151357685,0.010278623855478855,"{'bagging_fraction': np.float64(0.6801066644171303), 'bagging_freq': 48, 'feature_fraction': np.float64(0.181899609473663), 'lambda_l1': np.float64(1.662613292506614), 'lambda_l2': np.float64(2.073498257746963), 'learning_rate': np.float64(0.9122469399702885), 'max_depth': 29, 'min_child_samples': 82, 'min_child_weight': 13, 'n_estimators': 54, 'num_leaves': 196}",0.6801066644171303,48,0.181899609473663,1.662613292506614,2.073498257746963,0.9122469399702885,29,82,13,54,196
6,1,0.36720272802806947,0.03421134335461777,0.7460859224134083,0.005855035144385776,"{'bagging_fraction': np.float64(0.5644389922527284), 'bagging_freq': 69, 'feature_fraction': np.float64(0.5668318982655267), 'lambda_l1': np.float64(0.8498279383704233), 'lambda_l2': np.float64(2.400898447253785), 'learning_rate': np.float64(0.6517214148244234), 'max_depth': 18, 'min_child_samples': 64, 'min_child_weight': 6, 'n_estimators': 70, 'num_leaves': 112}",0.5644389922527284,69,0.5668318982655267,0.8498279383704233,2.400898447253785,0.6517214148244234,18,64,6,70,112
6,2,0.2883426506752226,0.022645329023641077,0.8796218577258396,0.006775651563693375,"{'bagging_fraction': np.float64(0.752113200612742), 'bagging_freq': 55, 'feature_fraction': np.float64(0.5772948183349121), 'lambda_l1': np.float64(0.8763445392730159), 'lambda_l2': np.float64(1.8997202276950431), 'learning_rate': np.float64(1.0436520290660616), 'max_depth': 13, 'min_child_samples': 62, 'min_child_weight': 21, 'n_estimators': 101, 'num_leaves': 103}",0.752113200612742,55,0.5772948183349121,0.8763445392730159,1.8997202276950431,1.0436520290660616,13,62,21,101,103
6,3,0.3770161873223335,0.025410940646427495,0.826508267800069,0.050398793433825084,"{'bagging_fraction': np.float64(0.6836531534937575), 'bagging_freq': 46, 'feature_fraction': np.float64(0.36339048210615976), 'lambda_l1': np.float64(1.6520803106072075), 'lambda_l2': np.float64(2.380863009125151), 'learning_rate': np.float64(1.065965851161242), 'max_depth': 28, 'min_child_samples': 77, 'min_child_weight': 5, 'n_estimators': 79, 'num_leaves': 55}",0.6836531534937575,46,0.36339048210615976,1.6520803106072075,2.380863009125151,1.065965851161242,28,77,5,79,55
6,4,0.3821080342629977,0.022891420523895485,0.9323288117942632,0.004551281841098174,"{'bagging_fraction': np.float64(0.6966950817285164), 'bagging_freq': 57, 'feature_fraction': np.float64(0.29346077492470457), 'lambda_l1': np.float64(0.6294573911062609), 'lambda_l2': np.float64(1.3967932437244086), 'learning_rate': np.float64(0.594433903538574), 'max_depth': 29, 'min_child_samples': 117, 'min_child_weight': 12, 'n_estimators': 119, 'num_leaves': 67}",0.6966950817285164,57,0.29346077492470457,0.6294573911062609,1.3967932437244086,0.594433903538574,29,117,12,119,67
6,5,0.3380832276686868,0.025011487134052917,0.9256540559783704,0.008296908624791995,"{'bagging_fraction': np.float64(0.6619544152509056), 'bagging_freq': 26, 'feature_fraction': np.float64(0.5907171108061514), 'lambda_l1': np.float64(1.4508970012658464), 'lambda_l2': np.float64(2.3785603041998282), 'learning_rate': np.float64(0.7988617256531768), 'max_depth': 20, 'min_child_samples': 117, 'min_child_weight': 15, 'n_estimators': 97, 'num_leaves': 179}",0.6619544152509056,26,0.5907171108061514,1.4508970012658464,2.3785603041998282,0.7988617256531768,20,117,15,97,179
6,6,0.44980302135928296,0.025435994895445325,0.9923546337088517,0.0024523142738786634,"{'bagging_fraction': np.float64(0.8277219247211798), 'bagging_freq': 49, 'feature_fraction': np.float64(0.1731375250932247), 'lambda_l1': np.float64(1.2057416252416226), 'lambda_l2': np.float64(1.4794947318516503), 'learning_rate': np.float64(0.6683265808095327), 'max_depth': 10, 'min_child_samples': 86, 'min_child_weight': 6, 'n_estimators': 136, 'num_leaves': 134}",0.8277219247211798,49,0.1731375250932247,1.2057416252416226,1.4794947318516503,0.6683265808095327,10,86,6,136,134
6,7,0.3604678984510651,0.02020991469225866,0.9352188889261829,0.003901981735562199,"{'bagging_fraction': np.float64(0.7926989580044635), 'bagging_freq': 67, 'feature_fraction': np.float64(0.46327462011493004), 'lambda_l1': np.float64(1.3572060926711373), 'lambda_l2': np.float64(2.0755864949550644), 'learning_rate': np.float64(0.5440060497261116), 'max_depth': 23, 'min_child_samples': 79, 'min_child_weight': 21, 'n_estimators': 137, 'num_leaves': 139}",0.7926989580044635,67,0.46327462011493004,1.3572060926711373,2.0755864949550644,0.5440060497261116,23,79,21,137,139
6,8,0.40925035652727954,0.027265993520263092,0.7937403989979956,0.004393031047297339,"{'bagging_fraction': np.float64(0.6401043154549252), 'bagging_freq': 62, 'feature_fraction': np.float64(0.443040222592313), 'lambda_l1': np.float64(1.640459837115046), 'lambda_l2': np.float64(1.2447138388276617), 'learning_rate': np.float64(0.15949613592025982), 'max_depth': 29, 'min_child_samples': 115, 'min_child_weight': 9, 'n_estimators': 57, 'num_leaves': 105}",0.6401043154549252,62,0.443040222592313,1.640459837115046,1.2447138388276617,0.15949613592025982,29,115,9,57,105
6,9,0.39920030441626625,0.03642083333048062,0.9945049981033425,0.001997555604068589,"{'bagging_fraction': np.float64(0.8657967584821414), 'bagging_freq': 46, 'feature_fraction': np.float64(0.3073373214931575), 'lambda_l1': np.float64(1.2072661291748652), 'lambda_l2': np.float64(1.9427012199636506), 'learning_rate': np.float64(1.081345514582992), 'max_depth': 21, 'min_child_samples': 81, 'min_child_weight': 7, 'n_estimators': 148, 'num_leaves': 65}",0.8657967584821414,46,0.3073373214931575,1.2072661291748652,1.9427012199636506,1.081345514582992,21,81,7,148,65
6,10,0.4358917201821086,0.03986605685286038,0.9761915699849706,0.001043064444481331,"{'bagging_fraction': np.float64(0.7488420264828409), 'bagging_freq': 33, 'feature_fraction': np.float64(0.2635523702169674), 'lambda_l1': np.float64(1.905962554527131), 'lambda_l2': np.float64(1.7225334422030114), 'learning_rate': np.float64(0.6146964697163999), 'max_depth': 18, 'min_child_samples': 88, 'min_child_weight': 6, 'n_estimators': 99, 'num_leaves': 168}",0.7488420264828409,33,0.2635523702169674,1.905962554527131,1.7225334422030114,0.6146964697163999,18,88,6,99,168
6,11,0.37510066551640175,0.00947031612303076,0.9097187312404363,0.008700640976862826,"{'bagging_fraction': np.float64(0.7376331491365189), 'bagging_freq': 64, 'feature_fraction': np.float64(0.4601183592032886), 'lambda_l1': np.float64(1.0954829283942258), 'lambda_l2': np.float64(2.2880434211940335), 'learning_rate': np.float64(0.5888586932557853), 'max_depth': 20, 'min_child_samples': 101, 'min_child_weight': 15, 'n_estimators': 93, 'num_leaves': 90}",0.7376331491365189,64,0.4601183592032886,1.0954829283942258,2.2880434211940335,0.5888586932557853,20,101,15,93,90
6,12,0.3788969313256646,0.03366159475063434,0.9855013826333954,0.0014763428418135289,"{'bagging_fraction': np.float64(0.9163650375393535), 'bagging_freq': 43, 'feature_fraction': np.float64(0.26363619289196316), 'lambda_l1': np.float64(1.0357862062435002), 'lambda_l2': np.float64(1.9970376004851034), 'learning_rate': np.float64(0.8462780048212832), 'max_depth': 18, 'min_child_samples': 71, 'min_child_weight': 17, 'n_estimators': 102, 'num_leaves': 123}",0.9163650375393535,43,0.26363619289196316,1.0357862062435002,1.9970376004851034,0.8462780048212832,18,71,17,102,123
6,13,0.35164861665840813,0.013052746741311726,0.954911195308845,0.00434878785333672,"{'bagging_fraction': np.float64(0.7194072845182672), 'bagging_freq': 24, 'feature_fraction': np.float64(0.45230747002783667), 'lambda_l1': np.float64(0.6030924320272911), 'lambda_l2': np.float64(1.5720502493950144), 'learning_rate': np.float64(0.8608189756597059), 'max_depth': 22, 'min_child_samples': 63, 'min_child_weight': 15, 'n_estimators': 93, 'num_leaves': 163}",0.7194072845182672,24,0.45230747002783667,0.6030924320272911,1.5720502493950144,0.8608189756597059,22,63,15,93,163
6,14,0.342523291538975,0.023950385059748128,0.8405340486619222,0.010827515721351716,"{'bagging_fraction': np.float64(0.7875827806392512), 'bagging_freq': 57, 'feature_fraction': np.float64(0.5645400433416232), 'lambda_l1': np.float64(0.7612095452740006), 'lambda_l2': np.float64(1.0463880928019664), 'learning_rate': np.float64(0.7890348538554813), 'max_depth': 25, 'min_child_samples': 116, 'min_child_weight': 20, 'n_estimators': 36, 'num_leaves': 154}",0.7875827806392512,57,0.5645400433416232,0.7612095452740006,1.0463880928019664,0.7890348538554813,25,116,20,36,154
6,15,0.24910033601997456,0.012158800707127927,0.7434863653029945,0.006035137086696518,"{'bagging_fraction': np.float64(0.5718482895738962), 'bagging_freq': 39, 'feature_fraction': np.float64(0.48259775852146203), 'lambda_l1': np.float64(0.698609503183298), 'lambda_l2': np.float64(1.684414770375391), 'learning_rate': np.float64(0.8838110289151443), 'max_depth': 14, 'min_child_samples': 74, 'min_child_weight': 21, 'n_estimators': 88, 'num_leaves': 111}",0.5718482895738962,39,0.48259775852146203,0.698609503183298,1.684414770375391,0.8838110289151443,14,74,21,88,111
6,16,0.33402883627302765,0.02132012369498049,0.6967497047394682,0.010742003962482172,"{'bagging_fraction': np.float64(0.6189315348663991), 'bagging_freq': 56, 'feature_fraction': np.float64(0.2900067900260648), 'lambda_l1': np.float64(1.0913059560309661), 'lambda_l2': np.float64(2.480293869370398), 'learning_rate': np.float64(0.10380410747906957), 'max_depth': 18, 'min_child_samples': 85, 'min_child_weight': 13, 'n_estimators': 43, 'num_leaves': 106}",0.6189315348663991,56,0.2900067900260648,1.0913059560309661,2.480293869370398,0.10380410747906957,18,85,13,43,106
6,17,0.4235505165919221,0.0252550578187487,0.9422084435107276,0.003915831021140283,"{'bagging_fraction': np.float64(0.6910273069300742), 'bagging_freq': 13, 'feature_fraction': np.float64(0.44094126990934324), 'lambda_l1': np.float64(1.9169238216967006), 'lambda_l2': np.float64(1.3485516947763778), 'learning_rate': np.float64(0.20935761477191153), 'max_depth': 17, 'min_child_samples': 98, 'min_child_weight': 16, 'n_estimators': 97, 'num_leaves': 120}",0.6910273069300742,13,0.44094126990934324,1.9169238216967006,1.3485516947763778,0.20935761477191153,17,98,16,97,120
6,18,0.3251183995470141,0.014710751521210666,0.8854837131564212,0.01026064270440527,"{'bagging_fraction': np.float64(0.5353831673722671), 'bagging_freq': 34, 'feature_fraction': np.float64(0.49201870542352844), 'lambda_l1': np.float64(1.4292805760531118), 'lambda_l2': np.float64(2.4552548315964082), 'learning_rate': np.float64(0.9796476845128727), 'max_depth': 25, 'min_child_samples': 70, 'min_child_weight': 11, 'n_estimators': 122, 'num_leaves': 116}",0.5353831673722671,34,0.49201870542352844,1.4292805760531118,2.4552548315964082,0.9796476845128727,25,70,11,122,116
6,19,0.29933326552554085,0.006264604621496379,0.9299909503663665,0.006282650623020776,"{'bagging_fraction': np.float64(0.6617609042988213), 'bagging_freq': 20, 'feature_fraction': np.float64(0.5894023091030537), 'lambda_l1': np.float64(0.6525607415172499), 'lambda_l2': np.float64(1.858312859162447), 'learning_rate': np.float64(0.839333006040889), 'max_depth': 14, 'min_child_samples': 71, 'min_child_weight': 19, 'n_estimators': 137, 'num_leaves': 54}",0.6617609042988213,20,0.5894023091030537,0.6525607415172499,1.858312859162447,0.839333006040889,14,71,19,137,54
7,0,0.38834140730508715,0.02967481705743999,0.9817597789029223,0.0022367381950642927,"{'bagging_fraction': np.float64(0.8980213183657093), 'bagging_freq': 52, 'feature_fraction': np.float64(0.4995041351582328), 'lambda_l1': np.float64(0.9389560942345481), 'lambda_l2': np.float64(2.0421392460419376), 'learning_rate': np.float64(0.872695807802456), 'max_depth': 11, 'min_child_samples': 64, 'min_child_weight': 13, 'n_estimators': 93, 'num_leaves': 193}",0.8980213183657093,52,0.4995041351582328,0.9389560942345481,2.0421392460419376,0.872695807802456,11,64,13,93,193
7,1,0.36814818050301745,0.030315208020958814,0.9432070916807651,0.005340118652581926,"{'bagging_fraction': np.float64(0.5497322213709269), 'bagging_freq': 16, 'feature_fraction': np.float64(0.31538135094241393), 'lambda_l1': np.float64(1.6933782311796983), 'lambda_l2': np.float64(2.0519843549166015), 'learning_rate': np.float64(0.8283260414413293), 'max_depth': 20, 'min_child_samples': 100, 'min_child_weight': 8, 'n_estimators': 83, 'num_leaves': 58}",0.5497322213709269,16,0.31538135094241393,1.6933782311796983,2.0519843549166015,0.8283260414413293,20,100,8,83,58
7,2,0.3839435991874922,0.018937072913323312,0.9982632582206072,0.001502343536812476,"{'bagging_fraction': np.float64(0.6104023464177519), 'bagging_freq': 11, 'feature_fraction': np.float64(0.23043680595836316), 'lambda_l1': np.float64(0.5169091440192143), 'lambda_l2': np.float64(1.4412809314640587), 'learning_rate': np.float64(0.7365573819406771), 'max_depth': 15, 'min_child_samples': 56, 'min_child_weight': 5, 'n_estimators': 135, 'num_leaves': 55}",0.6104023464177519,11,0.23043680595836316,0.5169091440192143,1.4412809314640587,0.7365573819406771,15,56,5,135,55
7,3,0.4307487853354236,0.035345991231475526,0.8581072300461094,0.00442046420818569,"{'bagging_fraction': np.float64(0.5825319541802484), 'bagging_freq': 51, 'feature_fraction': np.float64(0.16640952763211678), 'lambda_l1': np.float64(1.2786817439040097), 'lambda_l2': np.float64(1.455087279124087), 'learning_rate': np.float64(0.1689449928571606), 'max_depth': 17, 'min_child_samples': 68, 'min_child_weight': 10, 'n_estimators': 81, 'num_leaves': 88}",0.5825319541802484,51,0.16640952763211678,1.2786817439040097,1.455087279124087,0.1689449928571606,17,68,10,81,88
7,4,0.3715379318301331,0.01715784689495853,0.7358997858993794,0.01001924212892665,"{'bagging_fraction': np.float64(0.6244927066371488), 'bagging_freq': 47, 'feature_fraction': np.float64(0.18197396479240827), 'lambda_l1': np.float64(1.7560560991629866), 'lambda_l2': np.float64(1.9151456870811023), 'learning_rate': np.float64(0.28991221411339174), 'max_depth': 11, 'min_child_samples': 119, 'min_child_weight': 16, 'n_estimators': 42, 'num_leaves': 103}",0.6244927066371488,47,0.18197396479240827,1.7560560991629866,1.9151456870811023,0.28991221411339174,11,119,16,42,103
7,5,0.2857320969501774,0.023691212181545487,0.7989407244475132,0.007478871796026674,"{'bagging_fraction': np.float64(0.5755839121710924), 'bagging_freq': 20, 'feature_fraction': np.float64(0.42751364436406514), 'lambda_l1': np.float64(1.2262547288258538), 'lambda_l2': np.float64(1.0549640337743487), 'learning_rate': np.float64(0.8076152383397333), 'max_depth': 13, 'min_child_samples': 91, 'min_child_weight': 19, 'n_estimators': 80, 'num_leaves': 80}",0.5755839121710924,20,0.42751364436406514,1.2262547288258538,1.0549640337743487,0.8076152383397333,13,91,19,80,80
7,6,0.3809580332256709,0.047830370609611365,0.814840018381904,0.00911996289285806,"{'bagging_fraction': np.float64(0.6989843649923665), 'bagging_freq': 33, 'feature_fraction': np.float64(0.12777615828509362), 'lambda_l1': np.float64(1.2012608099806836), 'lambda_l2': np.float64(1.8539551263136467), 'learning_rate': np.float64(0.9059224794648343), 'max_depth': 17, 'min_child_samples': 63, 'min_child_weight': 9, 'n_estimators': 32, 'num_leaves': 133}",0.6989843649923665,33,0.12777615828509362,1.2012608099806836,1.8539551263136467,0.9059224794648343,17,63,9,32,133
7,7,0.37625440095795737,0.040182688075616965,0.96319592896293,0.00267113991124234,"{'bagging_fraction': np.float64(0.8936986846851209), 'bagging_freq': 60, 'feature_fraction': np.float64(0.5987456768983226), 'lambda_l1': np.float64(0.8544482792580586), 'lambda_l2': np.float64(1.0796202995014479), 'learning_rate': np.float64(0.5693857486356915), 'max_depth': 12, 'min_child_samples': 55, 'min_child_weight': 21, 'n_estimators': 97, 'num_leaves': 61}",0.8936986846851209,60,0.5987456768983226,0.8544482792580586,1.0796202995014479,0.5693857486356915,12,55,21,97,61
7,8,0.4264259136123581,0.017778754056611067,0.9969634994458909,0.0011204280611264896,"{'bagging_fraction': np.float64(0.6852525351729211), 'bagging_freq': 11, 'feature_fraction': np.float64(0.10410140818430205), 'lambda_l1': np.float64(0.6397776313151965), 'lambda_l2': np.float64(1.3713040537750065), 'learning_rate': np.float64(0.4174130017944976), 'max_depth': 15, 'min_child_samples': 92, 'min_child_weight': 10, 'n_estimators': 145, 'num_leaves': 66}",0.6852525351729211,11,0.10410140818430205,0.6397776313151965,1.3713040537750065,0.4174130017944976,15,92,10,145,66
7,9,0.3775138245090555,0.036149536346338745,0.9705231374274266,0.0027664371833821307,"{'bagging_fraction': np.float64(0.754257409708662), 'bagging_freq': 42, 'feature_fraction': np.float64(0.30894902734720786), 'lambda_l1': np.float64(1.81367355151442), 'lambda_l2': np.float64(1.3102306151667948), 'learning_rate': np.float64(0.7607430105488603), 'max_depth': 20, 'min_child_samples': 104, 'min_child_weight': 13, 'n_estimators': 134, 'num_leaves': 172}",0.754257409708662,42,0.30894902734720786,1.81367355151442,1.3102306151667948,0.7607430105488603,20,104,13,134,172
7,10,0.40140801731182946,0.029017473160727565,0.862865075856992,0.004394662027107951,"{'bagging_fraction': np.float64(0.8750756224384777), 'bagging_freq': 54, 'feature_fraction': np.float64(0.5560581078485721), 'lambda_l1': np.float64(1.9614027702439543), 'lambda_l2': np.float64(2.3046733908152586), 'learning_rate': np.float64(0.3401947979623611), 'max_depth': 27, 'min_child_samples': 53, 'min_child_weight': 21, 'n_estimators': 32, 'num_leaves': 70}",0.8750756224384777,54,0.5560581078485721,1.9614027702439543,2.3046733908152586,0.3401947979623611,27,53,21,32,70
7,11,0.45815212764421176,0.02646447555808605,0.9706663768760105,0.0019934891137171253,"{'bagging_fraction': np.float64(0.8720279366978769), 'bagging_freq': 50, 'feature_fraction': np.float64(0.10306025604079208), 'lambda_l1': np.float64(1.5429299742414697), 'lambda_l2': np.float64(1.1198021245404048), 'learning_rate': np.float64(0.3017365775610753), 'max_depth': 24, 'min_child_samples': 77, 'min_child_weight': 13, 'n_estimators': 81, 'num_leaves': 150}",0.8720279366978769,50,0.10306025604079208,1.5429299742414697,1.1198021245404048,0.3017365775610753,24,77,13,81,150
7,12,0.43934957272925573,0.03384797824133,0.9958601049983903,0.0013421393370321652,"{'bagging_fraction': np.float64(0.5834221209546446), 'bagging_freq': 13, 'feature_fraction': np.float64(0.21295415517790375), 'lambda_l1': np.float64(0.9393351272047215), 'lambda_l2': np.float64(2.24971662158573), 'learning_rate': np.float64(0.5659552650300547), 'max_depth': 19, 'min_child_samples': 115, 'min_child_weight': 4, 'n_estimators': 130, 'num_leaves': 60}",0.5834221209546446,13,0.21295415517790375,0.9393351272047215,2.24971662158573,0.5659552650300547,19,115,4,130,60
7,13,0.4230233770685624,0.0360594559071292,0.9848655481862043,0.0031609018069254707,"{'bagging_fraction': np.float64(0.9088343944798332), 'bagging_freq': 35, 'feature_fraction': np.float64(0.5525166853784214), 'lambda_l1': np.float64(1.648063231674212), 'lambda_l2': np.float64(1.6043761439435715), 'learning_rate': np.float64(0.5402036664443753), 'max_depth': 22, 'min_child_samples': 53, 'min_child_weight': 13, 'n_estimators': 82, 'num_leaves': 92}",0.9088343944798332,35,0.5525166853784214,1.648063231674212,1.6043761439435715,0.5402036664443753,22,53,13,82,92
7,14,0.4174737835460497,0.03196295372595199,0.8369781103320941,0.003515384628522593,"{'bagging_fraction': np.float64(0.6957962674717005), 'bagging_freq': 66, 'feature_fraction': np.float64(0.5340346596233226), 'lambda_l1': np.float64(1.0382568250639765), 'lambda_l2': np.float64(2.27278771911398), 'learning_rate': np.float64(0.36285556376155126), 'max_depth': 20, 'min_child_samples': 58, 'min_child_weight': 7, 'n_estimators': 51, 'num_leaves': 155}",0.6957962674717005,66,0.5340346596233226,1.0382568250639765,2.27278771911398,0.36285556376155126,20,58,7,51,155
7,15,0.40229053749105725,0.03144148225631563,0.8377403775684542,0.0054669197412546165,"{'bagging_fraction': np.float64(0.8454486601923787), 'bagging_freq': 65, 'feature_fraction': np.float64(0.10712798564972528), 'lambda_l1': np.float64(1.8291058922981376), 'lambda_l2': np.float64(2.427393566070186), 'learning_rate': np.float64(0.24157136620105416), 'max_depth': 16, 'min_child_samples': 50, 'min_child_weight': 21, 'n_estimators': 48, 'num_leaves': 58}",0.8454486601923787,65,0.10712798564972528,1.8291058922981376,2.427393566070186,0.24157136620105416,16,50,21,48,58
7,16,0.34605360609488356,0.01939119958419181,0.9026198625842505,0.005058449301710512,"{'bagging_fraction': np.float64(0.7257750543722793), 'bagging_freq': 50, 'feature_fraction': np.float64(0.21683894322833427), 'lambda_l1': np.float64(1.6877969200092267), 'lambda_l2': np.float64(2.275696263707832), 'learning_rate': np.float64(0.6184851170037423), 'max_depth': 20, 'min_child_samples': 86, 'min_child_weight': 21, 'n_estimators': 124, 'num_leaves': 157}",0.7257750543722793,50,0.21683894322833427,1.6877969200092267,2.275696263707832,0.6184851170037423,20,86,21,124,157
7,17,0.41486144279753867,0.037898227538913885,0.7981023095631693,0.00857214298543355,"{'bagging_fraction': np.float64(0.5243967233675862), 'bagging_freq': 21, 'feature_fraction': np.float64(0.4858269114033247), 'lambda_l1': np.float64(1.969461380974316), 'lambda_l2': np.float64(1.8818935169267326), 'learning_rate': np.float64(0.12223695113467861), 'max_depth': 25, 'min_child_samples': 79, 'min_child_weight': 7, 'n_estimators': 46, 'num_leaves': 66}",0.5243967233675862,21,0.4858269114033247,1.969461380974316,1.8818935169267326,0.12223695113467861,25,79,7,46,66
7,18,0.40793965510416685,0.02052847704174313,0.9564324843709727,0.00463457823276665,"{'bagging_fraction': np.float64(0.6643322170101074), 'bagging_freq': 45, 'feature_fraction': np.float64(0.5410515113471944), 'lambda_l1': np.float64(0.7817207786144593), 'lambda_l2': np.float64(2.3080071380418454), 'learning_rate': np.float64(0.5088219067700173), 'max_depth': 28, 'min_child_samples': 98, 'min_child_weight': 8, 'n_estimators': 118, 'num_leaves': 87}",0.6643322170101074,45,0.5410515113471944,0.7817207786144593,2.3080071380418454,0.5088219067700173,28,98,8,118,87
7,19,0.4748207337624521,0.04818937012684167,0.9871618048799167,0.002614233785034273,"{'bagging_fraction': np.float64(0.741439928168018), 'bagging_freq': 13, 'feature_fraction': np.float64(0.16302388187572955), 'lambda_l1': np.float64(0.6568628420730316), 'lambda_l2': np.float64(2.3177608528421065), 'learning_rate': np.float64(0.34198938314638305), 'max_depth': 28, 'min_child_samples': 107, 'min_child_weight': 5, 'n_estimators': 52, 'num_leaves': 73}",0.741439928168018,13,0.16302388187572955,0.6568628420730316,2.3177608528421065,0.34198938314638305,28,107,5,52,73
8,0,0.45959911957528166,0.03571106317763207,0.9950365363412649,0.001855646578475178,"{'bagging_fraction': np.float64(0.8789525096478263), 'bagging_freq': 38, 'feature_fraction': np.float64(0.5050712910552234), 'lambda_l1': np.float64(0.9404495287881747), 'lambda_l2': np.float64(1.920791341272855), 'learning_rate': np.float64(0.341797632536053), 'max_depth': 17, 'min_child_samples': 109, 'min_child_weight': 12, 'n_estimators': 131, 'num_leaves': 144}",0.8789525096478263,38,0.5050712910552234,0.9404495287881747,1.920791341272855,0.341797632536053,17,109,12,131,144
8,1,0.4853609263195365,0.031648768662212765,0.9962025721502981,0.0010743845317543418,"{'bagging_fraction': np.float64(0.8824991405319941), 'bagging_freq': 35, 'feature_fraction': np.float64(0.275240269701053), 'lambda_l1': np.float64(1.6433734260024606), 'lambda_l2': np.float64(1.5239265275995644), 'learning_rate': np.float64(0.3217700043972961), 'max_depth': 22, 'min_child_samples': 104, 'min_child_weight': 9, 'n_estimators': 124, 'num_leaves': 59}",0.8824991405319941,35,0.275240269701053,1.6433734260024606,1.5239265275995644,0.3217700043972961,22,104,9,124,59
8,2,0.4253904208204144,0.03550265054470909,0.8742299557822781,0.0059113371180901444,"{'bagging_fraction': np.float64(0.5740660106642181), 'bagging_freq': 65, 'feature_fraction': np.float64(0.3689282530722431), 'lambda_l1': np.float64(1.6070486353582263), 'lambda_l2': np.float64(2.3493299708121373), 'learning_rate': np.float64(0.1299399002734767), 'max_depth': 18, 'min_child_samples': 79, 'min_child_weight': 12, 'n_estimators': 145, 'num_leaves': 88}",0.5740660106642181,65,0.3689282530722431,1.6070486353582263,2.3493299708121373,0.1299399002734767,18,79,12,145,88
8,3,0.43530393936555256,0.03342442287924062,0.9965816693641075,0.0007540739639528433,"{'bagging_fraction': np.float64(0.9349772082480772), 'bagging_freq': 29, 'feature_fraction': np.float64(0.4558812357887323), 'lambda_l1': np.float64(1.1857231774706851), 'lambda_l2': np.float64(1.0708643632809591), 'learning_rate': np.float64(0.6152813482034796), 'max_depth': 28, 'min_child_samples': 109, 'min_child_weight': 11, 'n_estimators': 103, 'num_leaves': 66}",0.9349772082480772,29,0.4558812357887323,1.1857231774706851,1.0708643632809591,0.6152813482034796,28,109,11,103,66
8,4,0.3478781040157292,0.022520816673149528,0.98075580404549,0.002463378443656123,"{'bagging_fraction': np.float64(0.8876258039641802), 'bagging_freq': 51, 'feature_fraction': np.float64(0.45946131387476574), 'lambda_l1': np.float64(1.4621075167201762), 'lambda_l2': np.float64(1.2878492727426984), 'learning_rate': np.float64(1.0686720680694162), 'max_depth': 21, 'min_child_samples': 98, 'min_child_weight': 16, 'n_estimators': 146, 'num_leaves': 124}",0.8876258039641802,51,0.45946131387476574,1.4621075167201762,1.2878492727426984,1.0686720680694162,21,98,16,146,124
8,5,0.3225471355845926,0.024663285338934176,0.8753073094575505,0.006863648202575033,"{'bagging_fraction': np.float64(0.6699707410983059), 'bagging_freq': 58, 'feature_fraction': np.float64(0.1579238823469218), 'lambda_l1': np.float64(1.6976758623075139), 'lambda_l2': np.float64(1.8015112559118533), 'learning_rate': np.float64(0.9193615067006468), 'max_depth': 25, 'min_child_samples': 55, 'min_child_weight': 19, 'n_estimators': 131, 'num_leaves': 137}",0.6699707410983059,58,0.1579238823469218,1.6976758623075139,1.8015112559118533,0.9193615067006468,25,55,19,131,137
8,6,0.44099539454891046,0.032147909485440135,0.9514096705027045,0.0031426886827019217,"{'bagging_fraction': np.float64(0.6266265741599342), 'bagging_freq': 38, 'feature_fraction': np.float64(0.42110211559985233), 'lambda_l1': np.float64(1.4063236323428947), 'lambda_l2': np.float64(2.4776765402756786), 'learning_rate': np.float64(0.39715471104336975), 'max_depth': 25, 'min_child_samples': 55, 'min_child_weight': 8, 'n_estimators': 116, 'num_leaves': 129}",0.6266265741599342,38,0.42110211559985233,1.4063236323428947,2.4776765402756786,0.39715471104336975,25,55,8,116,129
8,7,0.40101637708688526,0.02410201462405008,0.9916990335951834,0.0017114376210337744,"{'bagging_fraction': np.float64(0.9209699114281531), 'bagging_freq': 69, 'feature_fraction': np.float64(0.3625978347822254), 'lambda_l1': np.float64(0.7112474062089349), 'lambda_l2': np.float64(2.0079647991011034), 'learning_rate': np.float64(1.066576412049075), 'max_depth': 17, 'min_child_samples': 79, 'min_child_weight': 5, 'n_estimators': 88, 'num_leaves': 67}",0.9209699114281531,69,0.3625978347822254,0.7112474062089349,2.0079647991011034,1.066576412049075,17,79,5,88,67
8,8,0.3357482847732803,0.030450738434356698,0.9011689933040724,0.00950285344635845,"{'bagging_fraction': np.float64(0.6696497976760527), 'bagging_freq': 50, 'feature_fraction': np.float64(0.457345632063758), 'lambda_l1': np.float64(1.2957722440010746), 'lambda_l2': np.float64(1.8955286517788694), 'learning_rate': np.float64(0.6490824710265167), 'max_depth': 23, 'min_child_samples': 85, 'min_child_weight': 17, 'n_estimators': 116, 'num_leaves': 187}",0.6696497976760527,50,0.457345632063758,1.2957722440010746,1.8955286517788694,0.6490824710265167,23,85,17,116,187
8,9,0.29751700976240586,0.025770322628179985,0.82598504986396,0.012220785732983993,"{'bagging_fraction': np.float64(0.556213793905226), 'bagging_freq': 66, 'feature_fraction': np.float64(0.3530884221287678), 'lambda_l1': np.float64(0.5725005749360864), 'lambda_l2': np.float64(1.4405172917044733), 'learning_rate': np.float64(1.0119899904789142), 'max_depth': 25, 'min_child_samples': 80, 'min_child_weight': 12, 'n_estimators': 142, 'num_leaves': 133}",0.556213793905226,66,0.3530884221287678,0.5725005749360864,1.4405172917044733,1.0119899904789142,25,80,12,142,133
8,10,0.46511269296308955,0.03768487524217349,0.9025867590110369,0.04384434145211333,"{'bagging_fraction': np.float64(0.7319200106441248), 'bagging_freq': 67, 'feature_fraction': np.float64(0.4975421366096694), 'lambda_l1': np.float64(1.5429304669489974), 'lambda_l2': np.float64(1.7443800713135913), 'learning_rate': np.float64(0.32292006145849916), 'max_depth': 11, 'min_child_samples': 79, 'min_child_weight': 4, 'n_estimators': 103, 'num_leaves': 199}",0.7319200106441248,67,0.4975421366096694,1.5429304669489974,1.7443800713135913,0.32292006145849916,11,79,4,103,199
8,11,0.40203486096901175,0.034645658160816065,0.963756074370451,0.004543721075225433,"{'bagging_fraction': np.float64(0.6854314675983852), 'bagging_freq': 27, 'feature_fraction': np.float64(0.5522111079611508), 'lambda_l1': np.float64(1.596723374175577), 'lambda_l2': np.float64(1.1561372814527806), 'learning_rate': np.float64(0.49991462611267345), 'max_depth': 25, 'min_child_samples': 119, 'min_child_weight': 14, 'n_estimators': 125, 'num_leaves': 93}",0.6854314675983852,27,0.5522111079611508,1.596723374175577,1.1561372814527806,0.49991462611267345,25,119,14,125,93
8,12,0.3687138166425788,0.026579355772993786,0.784066801908548,0.007188954024097295,"{'bagging_fraction': np.float64(0.6496081085091022), 'bagging_freq': 67, 'feature_fraction': np.float64(0.5045996174380034), 'lambda_l1': np.float64(1.0082342872277024), 'lambda_l2': np.float64(2.368080728502133), 'learning_rate': np.float64(0.512916712862387), 'max_depth': 24, 'min_child_samples': 95, 'min_child_weight': 11, 'n_estimators': 54, 'num_leaves': 177}",0.6496081085091022,67,0.5045996174380034,1.0082342872277024,2.368080728502133,0.512916712862387,24,95,11,54,177
8,13,0.4205620166979191,0.043156257256976735,0.9976199479779062,0.0011520763121438174,"{'bagging_fraction': np.float64(0.9037999511703043), 'bagging_freq': 17, 'feature_fraction': np.float64(0.22055270595525592), 'lambda_l1': np.float64(1.4590125080581506), 'lambda_l2': np.float64(2.29560016923791), 'learning_rate': np.float64(0.7003153444824094), 'max_depth': 16, 'min_child_samples': 79, 'min_child_weight': 12, 'n_estimators': 106, 'num_leaves': 102}",0.9037999511703043,17,0.22055270595525592,1.4590125080581506,2.29560016923791,0.7003153444824094,16,79,12,106,102
8,14,0.4195336355239722,0.022849242948818897,0.9487695884921206,0.008687122104932325,"{'bagging_fraction': np.float64(0.7702543220742384), 'bagging_freq': 21, 'feature_fraction': np.float64(0.5542159230108717), 'lambda_l1': np.float64(0.6124781923732325), 'lambda_l2': np.float64(2.26742556843663), 'learning_rate': np.float64(0.23849580827391706), 'max_depth': 19, 'min_child_samples': 114, 'min_child_weight': 18, 'n_estimators': 89, 'num_leaves': 183}",0.7702543220742384,21,0.5542159230108717,0.6124781923732325,2.26742556843663,0.23849580827391706,19,114,18,89,183
8,15,0.3268999279046283,0.02961698487283417,0.7597579582579475,0.0036539913425601414,"{'bagging_fraction': np.float64(0.6188903094968606), 'bagging_freq': 38, 'feature_fraction': np.float64(0.3456376801619522), 'lambda_l1': np.float64(1.6632161453302223), 'lambda_l2': np.float64(2.362674662150872), 'learning_rate': np.float64(0.4141001689515318), 'max_depth': 29, 'min_child_samples': 93, 'min_child_weight': 20, 'n_estimators': 66, 'num_leaves': 120}",0.6188903094968606,38,0.3456376801619522,1.6632161453302223,2.362674662150872,0.4141001689515318,29,93,20,66,120
8,16,0.44196200658192664,0.034489870974559425,0.9459978892901578,0.004283817941067068,"{'bagging_fraction': np.float64(0.813695605695233), 'bagging_freq': 60, 'feature_fraction': np.float64(0.11623823290832738), 'lambda_l1': np.float64(0.8227892689634413), 'lambda_l2': np.float64(1.591633646619771), 'learning_rate': np.float64(0.37809765843887444), 'max_depth': 14, 'min_child_samples': 57, 'min_child_weight': 14, 'n_estimators': 85, 'num_leaves': 102}",0.813695605695233,60,0.11623823290832738,0.8227892689634413,1.591633646619771,0.37809765843887444,14,57,14,85,102
8,17,0.3700654077858346,0.0410799890499159,0.8277797536298414,0.09129829317399936,"{'bagging_fraction': np.float64(0.6042070468865943), 'bagging_freq': 25, 'feature_fraction': np.float64(0.49112813780355224), 'lambda_l1': np.float64(1.988730547201658), 'lambda_l2': np.float64(1.344845027209743), 'learning_rate': np.float64(0.772622928871184), 'max_depth': 25, 'min_child_samples': 66, 'min_child_weight': 4, 'n_estimators': 121, 'num_leaves': 125}",0.6042070468865943,25,0.49112813780355224,1.988730547201658,1.344845027209743,0.772622928871184,25,66,4,121,125
8,18,0.3676172988564314,0.008560067255997937,0.9898478781670119,0.001505317579025914,"{'bagging_fraction': np.float64(0.9496735991545486), 'bagging_freq': 40, 'feature_fraction': np.float64(0.44912076889337194), 'lambda_l1': np.float64(1.9282118400555048), 'lambda_l2': np.float64(2.2983514853670886), 'learning_rate': np.float64(1.025518344894307), 'max_depth': 22, 'min_child_samples': 73, 'min_child_weight': 16, 'n_estimators': 130, 'num_leaves': 51}",0.9496735991545486,40,0.44912076889337194,1.9282118400555048,2.2983514853670886,1.025518344894307,22,73,16,130,51
8,19,0.4516183231709552,0.030943854466983237,0.9943443032372444,0.0024696476867910656,"{'bagging_fraction': np.float64(0.938038552221097), 'bagging_freq': 44, 'feature_fraction': np.float64(0.3725209913155396), 'lambda_l1': np.float64(0.9421114684796568), 'lambda_l2': np.float64(2.388425094782305), 'learning_rate': np.float64(0.3646168726799447), 'max_depth': 10, 'min_child_samples': 93, 'min_child_weight': 15, 'n_estimators': 119, 'num_leaves': 115}",0.938038552221097,44,0.3725209913155396,0.9421114684796568,2.388425094782305,0.3646168726799447,10,93,15,119,115
9,0,0.36809215071727247,0.03741333877876683,0.7136453570101287,0.010228730926805039,"{'bagging_fraction': np.float64(0.5429704025603991), 'bagging_freq': 50, 'feature_fraction': np.float64(0.24099819975973877), 'lambda_l1': np.float64(1.163763422798267), 'lambda_l2': np.float64(1.2218587687373552), 'learning_rate': np.float64(0.5989917011973623), 'max_depth': 24, 'min_child_samples': 52, 'min_child_weight': 5, 'n_estimators': 45, 'num_leaves': 143}",0.5429704025603991,50,0.24099819975973877,1.163763422798267,1.2218587687373552,0.5989917011973623,24,52,5,45,143
9,1,0.382438993037679,0.03792669398006532,0.9533503375186368,0.004298357515972033,"{'bagging_fraction': np.float64(0.6614328936977162), 'bagging_freq': 14, 'feature_fraction': np.float64(0.45047329980533235), 'lambda_l1': np.float64(1.3721019394698604), 'lambda_l2': np.float64(2.4747343269782425), 'learning_rate': np.float64(1.0185014290521945), 'max_depth': 16, 'min_child_samples': 116, 'min_child_weight': 6, 'n_estimators': 46, 'num_leaves': 62}",0.6614328936977162,14,0.45047329980533235,1.3721019394698604,2.4747343269782425,1.0185014290521945,16,116,6,46,62
9,2,0.3962668080051419,0.016973294487781163,0.8897449540331241,0.009963130850370145,"{'bagging_fraction': np.float64(0.6617293677061169), 'bagging_freq': 37, 'feature_fraction': np.float64(0.43065591900650846), 'lambda_l1': np.float64(0.6987604264952486), 'lambda_l2': np.float64(1.7307487894220859), 'learning_rate': np.float64(0.3116566352856527), 'max_depth': 19, 'min_child_samples': 106, 'min_child_weight': 17, 'n_estimators': 102, 'num_leaves': 156}",0.6617293677061169,37,0.43065591900650846,0.6987604264952486,1.7307487894220859,0.3116566352856527,19,106,17,102,156
9,3,0.40917165313962717,0.02933964470145426,0.7943358363324519,0.005443502769205421,"{'bagging_fraction': np.float64(0.6326969251048771), 'bagging_freq': 46, 'feature_fraction': np.float64(0.5538803064586897), 'lambda_l1': np.float64(0.5559301177830167), 'lambda_l2': np.float64(1.1515348283527116), 'learning_rate': np.float64(0.17288163126248893), 'max_depth': 24, 'min_child_samples': 106, 'min_child_weight': 5, 'n_estimators': 36, 'num_leaves': 165}",0.6326969251048771,46,0.5538803064586897,0.5559301177830167,1.1515348283527116,0.17288163126248893,24,106,5,36,165
9,4,0.34839321745715235,0.01431953361609958,0.9735942626304134,0.00454272415144274,"{'bagging_fraction': np.float64(0.7692610853895376), 'bagging_freq': 19, 'feature_fraction': np.float64(0.12159639158383681), 'lambda_l1': np.float64(0.590381194898963), 'lambda_l2': np.float64(1.0068674509904976), 'learning_rate': np.float64(0.9352151707277108), 'max_depth': 19, 'min_child_samples': 70, 'min_child_weight': 16, 'n_estimators': 97, 'num_leaves': 63}",0.7692610853895376,19,0.12159639158383681,0.590381194898963,1.0068674509904976,0.9352151707277108,19,70,16,97,63
9,5,0.3377780100993824,0.011516995703412638,0.9704655660976153,0.002181782854684464,"{'bagging_fraction': np.float64(0.907729944706424), 'bagging_freq': 68, 'feature_fraction': np.float64(0.17568753607924645), 'lambda_l1': np.float64(1.4811490062358137), 'lambda_l2': np.float64(1.4701611791765163), 'learning_rate': np.float64(1.0959553361294072), 'max_depth': 12, 'min_child_samples': 115, 'min_child_weight': 21, 'n_estimators': 145, 'num_leaves': 144}",0.907729944706424,68,0.17568753607924645,1.4811490062358137,1.4701611791765163,1.0959553361294072,12,115,21,145,144
9,6,0.362934913847395,0.029281207843810445,0.9766077980340342,0.004225490797194703,"{'bagging_fraction': np.float64(0.7790497976257147), 'bagging_freq': 17, 'feature_fraction': np.float64(0.21796812819955194), 'lambda_l1': np.float64(1.6238190049560481), 'lambda_l2': np.float64(1.9148945992356274), 'learning_rate': np.float64(0.6970472360218368), 'max_depth': 20, 'min_child_samples': 108, 'min_child_weight': 18, 'n_estimators': 107, 'num_leaves': 117}",0.7790497976257147,17,0.21796812819955194,1.6238190049560481,1.9148945992356274,0.6970472360218368,20,108,18,107,117
9,7,0.4068284101257721,0.017558954844093127,0.8311001716267835,0.010228749065691514,"{'bagging_fraction': np.float64(0.6987765320004469), 'bagging_freq': 66, 'feature_fraction': np.float64(0.4140604462229215), 'lambda_l1': np.float64(1.287848311488999), 'lambda_l2': np.float64(2.2433070800112525), 'learning_rate': np.float64(0.5849688761164569), 'max_depth': 11, 'min_child_samples': 114, 'min_child_weight': 6, 'n_estimators': 66, 'num_leaves': 59}",0.6987765320004469,66,0.4140604462229215,1.287848311488999,2.2433070800112525,0.5849688761164569,11,114,6,66,59
9,8,0.3867000976020892,0.007497079299325008,0.9819904903345966,0.0032161510877129432,"{'bagging_fraction': np.float64(0.7130257318148842), 'bagging_freq': 25, 'feature_fraction': np.float64(0.48063006972169), 'lambda_l1': np.float64(1.526611977471184), 'lambda_l2': np.float64(1.93101962755185), 'learning_rate': np.float64(0.7703214412074352), 'max_depth': 24, 'min_child_samples': 83, 'min_child_weight': 12, 'n_estimators': 131, 'num_leaves': 109}",0.7130257318148842,25,0.48063006972169,1.526611977471184,1.93101962755185,0.7703214412074352,24,83,12,131,109
9,9,0.3711014416075084,0.03982723042336654,0.7556229334112382,0.011012192441983088,"{'bagging_fraction': np.float64(0.7777709341759548), 'bagging_freq': 28, 'feature_fraction': np.float64(0.24247199758297058), 'lambda_l1': np.float64(1.2648216568880069), 'lambda_l2': np.float64(1.6287869008717137), 'learning_rate': np.float64(0.17535962523833795), 'max_depth': 22, 'min_child_samples': 94, 'min_child_weight': 20, 'n_estimators': 39, 'num_leaves': 100}",0.7777709341759548,28,0.24247199758297058,1.2648216568880069,1.6287869008717137,0.17535962523833795,22,94,20,39,100
9,10,0.36308823884507724,0.023171857703952536,0.8927856927696147,0.003767275275815558,"{'bagging_fraction': np.float64(0.6344022852613763), 'bagging_freq': 54, 'feature_fraction': np.float64(0.14286923787221514), 'lambda_l1': np.float64(1.4391976536739344), 'lambda_l2': np.float64(1.6615829427431903), 'learning_rate': np.float64(0.6082928449277134), 'max_depth': 20, 'min_child_samples': 118, 'min_child_weight': 16, 'n_estimators': 140, 'num_leaves': 136}",0.6344022852613763,54,0.14286923787221514,1.4391976536739344,1.6615829427431903,0.6082928449277134,20,118,16,140,136
9,11,0.47889454651871277,0.04226077804751449,0.9550706053427074,0.0030436789754116574,"{'bagging_fraction': np.float64(0.7007116349051339), 'bagging_freq': 37, 'feature_fraction': np.float64(0.4636263485732003), 'lambda_l1': np.float64(1.9176070812792156), 'lambda_l2': np.float64(1.623025273064534), 'learning_rate': np.float64(0.19109614352170848), 'max_depth': 14, 'min_child_samples': 71, 'min_child_weight': 6, 'n_estimators': 81, 'num_leaves': 198}",0.7007116349051339,37,0.4636263485732003,1.9176070812792156,1.623025273064534,0.19109614352170848,14,71,6,81,198
9,12,0.4110268251058352,0.02964636782695167,0.9397494559204016,0.006071785832359791,"{'bagging_fraction': np.float64(0.7400097574121274), 'bagging_freq': 18, 'feature_fraction': np.float64(0.27432707756717134), 'lambda_l1': np.float64(1.5534818778250106), 'lambda_l2': np.float64(1.7757332035186915), 'learning_rate': np.float64(0.4480056472067775), 'max_depth': 14, 'min_child_samples': 60, 'min_child_weight': 12, 'n_estimators': 46, 'num_leaves': 91}",0.7400097574121274,18,0.27432707756717134,1.5534818778250106,1.7757332035186915,0.4480056472067775,14,60,12,46,91
9,13,0.452595930838231,0.03960510409683779,0.9280287431938458,0.0021809823744927273,"{'bagging_fraction': np.float64(0.8530803089490524), 'bagging_freq': 67, 'feature_fraction': np.float64(0.13286849491740124), 'lambda_l1': np.float64(1.6399083308728981), 'lambda_l2': np.float64(1.8633468914634472), 'learning_rate': np.float64(0.3571257025500162), 'max_depth': 18, 'min_child_samples': 100, 'min_child_weight': 10, 'n_estimators': 65, 'num_leaves': 101}",0.8530803089490524,67,0.13286849491740124,1.6399083308728981,1.8633468914634472,0.3571257025500162,18,100,10,65,101
9,14,0.37221346305985814,0.027785988017821346,0.9953475123154757,0.0008770787693802171,"{'bagging_fraction': np.float64(0.8394774681623554), 'bagging_freq': 14, 'feature_fraction': np.float64(0.37204288755909687), 'lambda_l1': np.float64(1.7911907171611545), 'lambda_l2': np.float64(1.51254838237893), 'learning_rate': np.float64(1.066072660705482), 'max_depth': 20, 'min_child_samples': 68, 'min_child_weight': 10, 'n_estimators': 98, 'num_leaves': 96}",0.8394774681623554,14,0.37204288755909687,1.7911907171611545,1.51254838237893,1.066072660705482,20,68,10,98,96
9,15,0.39753694657938776,0.05054534661616653,0.9480415125872584,0.004402362430872315,"{'bagging_fraction': np.float64(0.847248237315076), 'bagging_freq': 58, 'feature_fraction': np.float64(0.46720756378547146), 'lambda_l1': np.float64(1.2815647002424158), 'lambda_l2': np.float64(1.6859627392215386), 'learning_rate': np.float64(0.8960061448909705), 'max_depth': 13, 'min_child_samples': 118, 'min_child_weight': 7, 'n_estimators': 63, 'num_leaves': 183}",0.847248237315076,58,0.46720756378547146,1.2815647002424158,1.6859627392215386,0.8960061448909705,13,118,7,63,183
9,16,0.4545797982348973,0.03143148025344298,0.9447306627651442,0.003776816053978679,"{'bagging_fraction': np.float64(0.7111967186704451), 'bagging_freq': 38, 'feature_fraction': np.float64(0.2940268121929329), 'lambda_l1': np.float64(1.5061890828768139), 'lambda_l2': np.float64(1.07395243363041), 'learning_rate': np.float64(0.3163469121876977), 'max_depth': 23, 'min_child_samples': 119, 'min_child_weight': 7, 'n_estimators': 71, 'num_leaves': 126}",0.7111967186704451,38,0.2940268121929329,1.5061890828768139,1.07395243363041,0.3163469121876977,23,119,7,71,126
9,17,0.39222079477509453,0.032957690892788605,0.9889010560532174,0.001637355737363984,"{'bagging_fraction': np.float64(0.6730676234244727), 'bagging_freq': 16, 'feature_fraction': np.float64(0.26964923987588163), 'lambda_l1': np.float64(1.1416281800254353), 'lambda_l2': np.float64(2.128035728413804), 'learning_rate': np.float64(0.8497018942752714), 'max_depth': 28, 'min_child_samples': 77, 'min_child_weight': 6, 'n_estimators': 97, 'num_leaves': 173}",0.6730676234244727,16,0.26964923987588163,1.1416281800254353,2.128035728413804,0.8497018942752714,28,77,6,97,173
9,18,0.41732907147175907,0.042359281551331375,0.9625974469405862,0.00396799690796434,"{'bagging_fraction': np.float64(0.8088389329952366), 'bagging_freq': 60, 'feature_fraction': np.float64(0.14349330566880256), 'lambda_l1': np.float64(0.686722252286081), 'lambda_l2': np.float64(1.758039285172691), 'learning_rate': np.float64(0.8992749726496587), 'max_depth': 15, 'min_child_samples': 94, 'min_child_weight': 5, 'n_estimators': 69, 'num_leaves': 123}",0.8088389329952366,60,0.14349330566880256,0.686722252286081,1.758039285172691,0.8992749726496587,15,94,5,69,123
9,19,0.4017637322870208,0.035551935227329606,0.9977348173846069,0.001012913719606329,"{'bagging_fraction': np.float64(0.8182452684226911), 'bagging_freq': 13, 'feature_fraction': np.float64(0.49156376240867194), 'lambda_l1': np.float64(1.012099903422348), 'lambda_l2': np.float64(1.628991079113949), 'learning_rate': np.float64(0.9296038921374371), 'max_depth': 11, 'min_child_samples': 51, 'min_child_weight': 8, 'n_estimators': 95, 'num_leaves': 101}",0.8182452684226911,13,0.49156376240867194,1.012099903422348,1.628991079113949,0.9296038921374371,11,51,8,95,101
10,0,0.47228209177633856,0.037925368340736954,0.9371585232437184,0.004638834964933531,"{'bagging_fraction': np.float64(0.8608652291275628), 'bagging_freq': 56, 'feature_fraction': np.float64(0.3478509012883555), 'lambda_l1': np.float64(0.5903250779149369), 'lambda_l2': np.float64(1.2009470573212286), 'learning_rate': np.float64(0.18553797853789591), 'max_depth': 12, 'min_child_samples': 61, 'min_child_weight': 11, 'n_estimators': 58, 'num_leaves': 83}",0.8608652291275628,56,0.3478509012883555,0.5903250779149369,1.2009470573212286,0.18553797853789591,12,61,11,58,83
10,1,0.4335559615375633,0.031017409876069345,0.9959491901500721,0.000964284571567445,"{'bagging_fraction': np.float64(0.9129938965477339), 'bagging_freq': 15, 'feature_fraction': np.float64(0.4203575046122162), 'lambda_l1': np.float64(1.1127666799771527), 'lambda_l2': np.float64(2.44505320114325), 'learning_rate': np.float64(0.43570760512847273), 'max_depth': 29, 'min_child_samples': 107, 'min_child_weight': 18, 'n_estimators': 101, 'num_leaves': 153}",0.9129938965477339,15,0.4203575046122162,1.1127666799771527,2.44505320114325,0.43570760512847273,29,107,18,101,153
10,2,0.4315119140081671,0.03337883467515102,0.9235667918697941,0.004386399612930629,"{'bagging_fraction': np.float64(0.8557697285154449), 'bagging_freq': 62, 'feature_fraction': np.float64(0.422394336331922), 'lambda_l1': np.float64(0.5886136480635151), 'lambda_l2': np.float64(1.1045128742398096), 'learning_rate': np.float64(0.6391687292231473), 'max_depth': 29, 'min_child_samples': 61, 'min_child_weight': 7, 'n_estimators': 37, 'num_leaves': 83}",0.8557697285154449,62,0.422394336331922,0.5886136480635151,1.1045128742398096,0.6391687292231473,29,61,7,37,83
10,3,0.3020277935893939,0.012569217811151723,0.773922728204098,0.003136364172353078,"{'bagging_fraction': np.float64(0.5802092337897791), 'bagging_freq': 26, 'feature_fraction': np.float64(0.47044792270586744), 'lambda_l1': np.float64(1.6284070338461611), 'lambda_l2': np.float64(1.1898908168970297), 'learning_rate': np.float64(0.9492597457661878), 'max_depth': 23, 'min_child_samples': 78, 'min_child_weight': 15, 'n_estimators': 48, 'num_leaves': 199}",0.5802092337897791,26,0.47044792270586744,1.6284070338461611,1.1898908168970297,0.9492597457661878,23,78,15,48,199
10,4,0.3260027152742946,0.027073774440879158,0.7789537655641586,0.009058874452791275,"{'bagging_fraction': np.float64(0.6706846196729113), 'bagging_freq': 60, 'feature_fraction': np.float64(0.45893314293868903), 'lambda_l1': np.float64(0.7699698086127509), 'lambda_l2': np.float64(2.3400276172505823), 'learning_rate': np.float64(0.6327224343678034), 'max_depth': 16, 'min_child_samples': 66, 'min_child_weight': 18, 'n_estimators': 46, 'num_leaves': 111}",0.6706846196729113,60,0.45893314293868903,0.7699698086127509,2.3400276172505823,0.6327224343678034,16,66,18,46,111
10,5,0.3970117078012791,0.027698685008511695,0.927360164895665,0.005919943748199272,"{'bagging_fraction': np.float64(0.6848629506196067), 'bagging_freq': 10, 'feature_fraction': np.float64(0.5750668270322038), 'lambda_l1': np.float64(1.6550957779848383), 'lambda_l2': np.float64(1.6259990239722544), 'learning_rate': np.float64(0.2952558377336917), 'max_depth': 20, 'min_child_samples': 118, 'min_child_weight': 18, 'n_estimators': 87, 'num_leaves': 66}",0.6848629506196067,10,0.5750668270322038,1.6550957779848383,1.6259990239722544,0.2952558377336917,20,118,18,87,66
10,6,0.4735291965236801,0.019991261330857008,0.9640627104452554,0.003743146788327311,"{'bagging_fraction': np.float64(0.874504013305192), 'bagging_freq': 69, 'feature_fraction': np.float64(0.4214172507125854), 'lambda_l1': np.float64(0.5441677362176252), 'lambda_l2': np.float64(2.2181404429509324), 'learning_rate': np.float64(0.23798078763529654), 'max_depth': 12, 'min_child_samples': 84, 'min_child_weight': 12, 'n_estimators': 88, 'num_leaves': 139}",0.874504013305192,69,0.4214172507125854,0.5441677362176252,2.2181404429509324,0.23798078763529654,12,84,12,88,139
10,7,0.37394777400729307,0.01864239995064099,0.9646013445977673,0.0030926148224942043,"{'bagging_fraction': np.float64(0.8472608200518221), 'bagging_freq': 64, 'feature_fraction': np.float64(0.12714064445080184), 'lambda_l1': np.float64(1.2875382975632363), 'lambda_l2': np.float64(1.7358395653553702), 'learning_rate': np.float64(0.6070398706282594), 'max_depth': 26, 'min_child_samples': 119, 'min_child_weight': 21, 'n_estimators': 148, 'num_leaves': 124}",0.8472608200518221,64,0.12714064445080184,1.2875382975632363,1.7358395653553702,0.6070398706282594,26,119,21,148,124
10,8,0.36821807099740794,0.027980619527247164,0.9017795827478388,0.004300504259575196,"{'bagging_fraction': np.float64(0.8332061991350039), 'bagging_freq': 69, 'feature_fraction': np.float64(0.13624439718912287), 'lambda_l1': np.float64(1.2446666879758286), 'lambda_l2': np.float64(1.9051723022292184), 'learning_rate': np.float64(0.857714718465045), 'max_depth': 22, 'min_child_samples': 96, 'min_child_weight': 18, 'n_estimators': 69, 'num_leaves': 55}",0.8332061991350039,69,0.13624439718912287,1.2446666879758286,1.9051723022292184,0.857714718465045,22,96,18,69,55
10,9,0.3207936517960259,0.03869652080466699,0.8022049953409939,0.002915492934726347,"{'bagging_fraction': np.float64(0.608881573476399), 'bagging_freq': 43, 'feature_fraction': np.float64(0.375441310941815), 'lambda_l1': np.float64(0.8875199215361926), 'lambda_l2': np.float64(2.2180823441759205), 'learning_rate': np.float64(0.7583859393137267), 'max_depth': 19, 'min_child_samples': 85, 'min_child_weight': 14, 'n_estimators': 55, 'num_leaves': 56}",0.608881573476399,43,0.375441310941815,0.8875199215361926,2.2180823441759205,0.7583859393137267,19,85,14,55,56
10,10,0.25580448536212386,0.01304037876660479,0.77671597257979,0.006530477881799219,"{'bagging_fraction': np.float64(0.578675231582662), 'bagging_freq': 36, 'feature_fraction': np.float64(0.5067568281735628), 'lambda_l1': np.float64(0.7142098571700043), 'lambda_l2': np.float64(1.1428970822032092), 'learning_rate': np.float64(0.7117593876260434), 'max_depth': 18, 'min_child_samples': 115, 'min_child_weight': 21, 'n_estimators': 97, 'num_leaves': 91}",0.578675231582662,36,0.5067568281735628,0.7142098571700043,1.1428970822032092,0.7117593876260434,18,115,21,97,91
10,11,0.45496389140349436,0.038121048282475166,0.997969449276707,0.000584363270472669,"{'bagging_fraction': np.float64(0.8214432220799442), 'bagging_freq': 14, 'feature_fraction': np.float64(0.37831453026129225), 'lambda_l1': np.float64(1.9446965246976673), 'lambda_l2': np.float64(1.6803316358217892), 'learning_rate': np.float64(0.53903173485832), 'max_depth': 12, 'min_child_samples': 101, 'min_child_weight': 6, 'n_estimators': 100, 'num_leaves': 171}",0.8214432220799442,14,0.37831453026129225,1.9446965246976673,1.6803316358217892,0.53903173485832,12,101,6,100,171
10,12,0.2863038764557809,0.01868334875814725,0.5731875212404633,0.003959486724057148,"{'bagging_fraction': np.float64(0.5019440616382649), 'bagging_freq': 23, 'feature_fraction': np.float64(0.36575438863083354), 'lambda_l1': np.float64(1.7750581075273126), 'lambda_l2': np.float64(1.0399391496168826), 'learning_rate': np.float64(0.10133266342829231), 'max_depth': 18, 'min_child_samples': 78, 'min_child_weight': 21, 'n_estimators': 118, 'num_leaves': 196}",0.5019440616382649,23,0.36575438863083354,1.7750581075273126,1.0399391496168826,0.10133266342829231,18,78,21,118,196
10,13,0.3818376040899226,0.03443471476291451,0.9768792799548619,0.003264743855400304,"{'bagging_fraction': np.float64(0.8220297544045543), 'bagging_freq': 40, 'feature_fraction': np.float64(0.33375618659074957), 'lambda_l1': np.float64(1.1058477181190982), 'lambda_l2': np.float64(1.0956355079020337), 'learning_rate': np.float64(0.8404745817845348), 'max_depth': 11, 'min_child_samples': 115, 'min_child_weight': 12, 'n_estimators': 98, 'num_leaves': 197}",0.8220297544045543,40,0.33375618659074957,1.1058477181190982,1.0956355079020337,0.8404745817845348,11,115,12,98,197
10,14,0.4879310989042017,0.032864321756467633,0.9964715254196881,0.0016265949081468794,"{'bagging_fraction': np.float64(0.8384097245731068), 'bagging_freq': 12, 'feature_fraction': np.float64(0.30695295846373305), 'lambda_l1': np.float64(1.217630946527417), 'lambda_l2': np.float64(2.373673740723358), 'learning_rate': np.float64(0.193145978466039), 'max_depth': 23, 'min_child_samples': 115, 'min_child_weight': 9, 'n_estimators': 79, 'num_leaves': 183}",0.8384097245731068,12,0.30695295846373305,1.217630946527417,2.373673740723358,0.193145978466039,23,115,9,79,183
10,15,0.39815431742285223,0.022931680665502108,0.83663476674416,0.008696894520497695,"{'bagging_fraction': np.float64(0.7178419867858056), 'bagging_freq': 54, 'feature_fraction': np.float64(0.39297095686405237), 'lambda_l1': np.float64(1.805784199988186), 'lambda_l2': np.float64(1.6257680362211293), 'learning_rate': np.float64(0.7353793659781938), 'max_depth': 14, 'min_child_samples': 111, 'min_child_weight': 4, 'n_estimators': 133, 'num_leaves': 95}",0.7178419867858056,54,0.39297095686405237,1.805784199988186,1.6257680362211293,0.7353793659781938,14,111,4,133,95
10,16,0.33949235632404207,0.026585523504551647,0.988162164959971,0.0021981292242211218,"{'bagging_fraction': np.float64(0.8933647408984426), 'bagging_freq': 41, 'feature_fraction': np.float64(0.1599691604702543), 'lambda_l1': np.float64(1.3126240123713826), 'lambda_l2': np.float64(1.3537800837231573), 'learning_rate': np.float64(1.0758953439623464), 'max_depth': 10, 'min_child_samples': 100, 'min_child_weight': 17, 'n_estimators': 145, 'num_leaves': 197}",0.8933647408984426,41,0.1599691604702543,1.3126240123713826,1.3537800837231573,1.0758953439623464,10,100,17,145,197
10,17,0.38635289557947783,0.0229092393112716,0.7891345439388007,0.005599368949092149,"{'bagging_fraction': np.float64(0.6554113050083517), 'bagging_freq': 68, 'feature_fraction': np.float64(0.268256594282671), 'lambda_l1': np.float64(1.0284683093266853), 'lambda_l2': np.float64(1.902043046942909), 'learning_rate': np.float64(0.38761429021699656), 'max_depth': 22, 'min_child_samples': 103, 'min_child_weight': 13, 'n_estimators': 40, 'num_leaves': 107}",0.6554113050083517,68,0.268256594282671,1.0284683093266853,1.902043046942909,0.38761429021699656,22,103,13,40,107
10,18,0.256844148169604,0.022667047466813084,0.7921735555204589,0.009787839003901209,"{'bagging_fraction': np.float64(0.5639882793676243), 'bagging_freq': 50, 'feature_fraction': np.float64(0.49863087403689577), 'lambda_l1': np.float64(1.099312326099251), 'lambda_l2': np.float64(1.1331255413524768), 'learning_rate': np.float64(0.9353347224110037), 'max_depth': 19, 'min_child_samples': 102, 'min_child_weight': 18, 'n_estimators': 130, 'num_leaves': 146}",0.5639882793676243,50,0.49863087403689577,1.099312326099251,1.1331255413524768,0.9353347224110037,19,102,18,130,146
10,19,0.4160979755028092,0.04129945305786858,0.9653673200852007,0.003325371565840913,"{'bagging_fraction': np.float64(0.9252885497173238), 'bagging_freq': 32, 'feature_fraction': np.float64(0.33937518410970413), 'lambda_l1': np.float64(1.2337147458832152), 'lambda_l2': np.float64(1.9573143935467134), 'learning_rate': np.float64(0.5872782033592309), 'max_depth': 17, 'min_child_samples': 96, 'min_child_weight': 17, 'n_estimators': 45, 'num_leaves': 178}",0.9252885497173238,32,0.33937518410970413,1.2337147458832152,1.9573143935467134,0.5872782033592309,17,96,17,45,178
11,0,0.4258598478651493,0.027669487526150994,0.9608386828702512,0.0041668173041219,"{'bagging_fraction': np.float64(0.610311220824263), 'bagging_freq': 13, 'feature_fraction': np.float64(0.39433239163720524), 'lambda_l1': np.float64(1.9091497859315347), 'lambda_l2': np.float64(1.9061031584917165), 'learning_rate': np.float64(0.3481749066136255), 'max_depth': 11, 'min_child_samples': 78, 'min_child_weight': 11, 'n_estimators': 90, 'num_leaves': 123}",0.610311220824263,13,0.39433239163720524,1.9091497859315347,1.9061031584917165,0.3481749066136255,11,78,11,90,123
11,1,0.402909017346541,0.04061452433519299,0.9938674024417141,0.0013096840808006548,"{'bagging_fraction': np.float64(0.8525960525501272), 'bagging_freq': 12, 'feature_fraction': np.float64(0.10793542777001083), 'lambda_l1': np.float64(1.7775375598577778), 'lambda_l2': np.float64(1.4497600253528122), 'learning_rate': np.float64(0.9598001077386903), 'max_depth': 16, 'min_child_samples': 116, 'min_child_weight': 10, 'n_estimators': 70, 'num_leaves': 82}",0.8525960525501272,12,0.10793542777001083,1.7775375598577778,1.4497600253528122,0.9598001077386903,16,116,10,70,82
11,2,0.26609714889912217,0.016926826279693944,0.7621364989966308,0.0043089761134752665,"{'bagging_fraction': np.float64(0.5522108437632284), 'bagging_freq': 47, 'feature_fraction': np.float64(0.4131415303238952), 'lambda_l1': np.float64(1.2825927014038325), 'lambda_l2': np.float64(1.0581698676219253), 'learning_rate': np.float64(0.8817156808485819), 'max_depth': 24, 'min_child_samples': 112, 'min_child_weight': 18, 'n_estimators': 96, 'num_leaves': 72}",0.5522108437632284,47,0.4131415303238952,1.2825927014038325,1.0581698676219253,0.8817156808485819,24,112,18,96,72
11,3,0.41659376952991123,0.014085935528416972,0.8111809933193973,0.003942466301656766,"{'bagging_fraction': np.float64(0.6760501871098343), 'bagging_freq': 61, 'feature_fraction': np.float64(0.49165969790801434), 'lambda_l1': np.float64(1.1059523816201133), 'lambda_l2': np.float64(1.1816650643642412), 'learning_rate': np.float64(0.5216516368255808), 'max_depth': 22, 'min_child_samples': 80, 'min_child_weight': 8, 'n_estimators': 44, 'num_leaves': 147}",0.6760501871098343,61,0.49165969790801434,1.1059523816201133,1.1816650643642412,0.5216516368255808,22,80,8,44,147
11,4,0.3844781273538576,0.024780649297565526,0.9946109964435916,0.001043664523789705,"{'bagging_fraction': np.float64(0.8535572010621191), 'bagging_freq': 10, 'feature_fraction': np.float64(0.4374587240107257), 'lambda_l1': np.float64(1.2061957517821233), 'lambda_l2': np.float64(1.2480188336805988), 'learning_rate': np.float64(0.5852437704622768), 'max_depth': 14, 'min_child_samples': 54, 'min_child_weight': 19, 'n_estimators': 106, 'num_leaves': 131}",0.8535572010621191,10,0.4374587240107257,1.2061957517821233,1.2480188336805988,0.5852437704622768,14,54,19,106,131
11,5,0.44153383869179275,0.0218936321431835,0.9906730101922099,0.003328049246723589,"{'bagging_fraction': np.float64(0.5268796181092926), 'bagging_freq': 17, 'feature_fraction': np.float64(0.4668018202998815), 'lambda_l1': np.float64(0.8617849011668046), 'lambda_l2': np.float64(1.8199312676143498), 'learning_rate': np.float64(0.3124428660021783), 'max_depth': 19, 'min_child_samples': 88, 'min_child_weight': 4, 'n_estimators': 134, 'num_leaves': 123}",0.5268796181092926,17,0.4668018202998815,0.8617849011668046,1.8199312676143498,0.3124428660021783,19,88,4,134,123
11,6,0.41979808220884,0.02424677637478927,0.9319811327955495,0.006867323567454951,"{'bagging_fraction': np.float64(0.5946027886709435), 'bagging_freq': 48, 'feature_fraction': np.float64(0.32437773781732315), 'lambda_l1': np.float64(0.6156892702428914), 'lambda_l2': np.float64(1.3869209094219035), 'learning_rate': np.float64(0.2555688867039365), 'max_depth': 29, 'min_child_samples': 85, 'min_child_weight': 10, 'n_estimators': 140, 'num_leaves': 135}",0.5946027886709435,48,0.32437773781732315,0.6156892702428914,1.3869209094219035,0.2555688867039365,29,85,10,140,135
11,7,0.3495369297348779,0.018925006467815638,0.7591568721641073,0.023523318179746525,"{'bagging_fraction': np.float64(0.7225859660090405), 'bagging_freq': 44, 'feature_fraction': np.float64(0.3347878250128813), 'lambda_l1': np.float64(1.9172323643662), 'lambda_l2': np.float64(2.0921340685286265), 'learning_rate': np.float64(0.3376943526672348), 'max_depth': 24, 'min_child_samples': 104, 'min_child_weight': 20, 'n_estimators': 33, 'num_leaves': 103}",0.7225859660090405,44,0.3347878250128813,1.9172323643662,2.0921340685286265,0.3376943526672348,24,104,20,33,103
11,8,0.40804269668903326,0.03378195115786342,0.9510860416094727,0.004503397883766197,"{'bagging_fraction': np.float64(0.5604693910648996), 'bagging_freq': 34, 'feature_fraction': np.float64(0.1474411666489616), 'lambda_l1': np.float64(1.4018291692029312), 'lambda_l2': np.float64(1.7778628427400935), 'learning_rate': np.float64(0.7304814706151361), 'max_depth': 14, 'min_child_samples': 74, 'min_child_weight': 5, 'n_estimators': 119, 'num_leaves': 57}",0.5604693910648996,34,0.1474411666489616,1.4018291692029312,1.7778628427400935,0.7304814706151361,14,74,5,119,57
11,9,0.3408165669706374,0.02255089542562653,0.9382452152630274,0.008167990925950023,"{'bagging_fraction': np.float64(0.7958934691375588), 'bagging_freq': 19, 'feature_fraction': np.float64(0.158720323357622), 'lambda_l1': np.float64(1.6000800005519975), 'lambda_l2': np.float64(1.8060308914386125), 'learning_rate': np.float64(1.0256730319929734), 'max_depth': 28, 'min_child_samples': 51, 'min_child_weight': 21, 'n_estimators': 77, 'num_leaves': 170}",0.7958934691375588,19,0.158720323357622,1.6000800005519975,1.8060308914386125,1.0256730319929734,28,51,21,77,170
11,10,0.37324017925227687,0.02251193084168375,0.9927842050307556,0.001530925962759393,"{'bagging_fraction': np.float64(0.5281000197650246), 'bagging_freq': 11, 'feature_fraction': np.float64(0.3605623852374147), 'lambda_l1': np.float64(1.1993864598213833), 'lambda_l2': np.float64(1.434087970853223), 'learning_rate': np.float64(0.6290027524361548), 'max_depth': 25, 'min_child_samples': 56, 'min_child_weight': 7, 'n_estimators': 131, 'num_leaves': 76}",0.5281000197650246,11,0.3605623852374147,1.1993864598213833,1.434087970853223,0.6290027524361548,25,56,7,131,76
11,11,0.41672202620661425,0.04518212515988385,0.9189923694559281,0.0019561658152987744,"{'bagging_fraction': np.float64(0.6572654563564742), 'bagging_freq': 55, 'feature_fraction': np.float64(0.13637712704087349), 'lambda_l1': np.float64(0.7232620466304965), 'lambda_l2': np.float64(1.5278748882648325), 'learning_rate': np.float64(0.5042857843901336), 'max_depth': 23, 'min_child_samples': 57, 'min_child_weight': 8, 'n_estimators': 92, 'num_leaves': 125}",0.6572654563564742,55,0.13637712704087349,0.7232620466304965,1.5278748882648325,0.5042857843901336,23,57,8,92,125
11,12,0.4124328665539666,0.031034030262493073,0.9926961535841862,0.0020656521348276333,"{'bagging_fraction': np.float64(0.8616876796990988), 'bagging_freq': 29, 'feature_fraction': np.float64(0.5343092233550631), 'lambda_l1': np.float64(1.80902127623873), 'lambda_l2': np.float64(1.691028864675392), 'learning_rate': np.float64(0.8918026045439833), 'max_depth': 11, 'min_child_samples': 104, 'min_child_weight': 6, 'n_estimators': 118, 'num_leaves': 115}",0.8616876796990988,29,0.5343092233550631,1.80902127623873,1.691028864675392,0.8918026045439833,11,104,6,118,115
11,13,0.3036272609456287,0.027944110456315993,0.8813253072173621,0.006335255844999794,"{'bagging_fraction': np.float64(0.6357060268794844), 'bagging_freq': 63, 'feature_fraction': np.float64(0.3214792983065), 'lambda_l1': np.float64(0.9043692517438315), 'lambda_l2': np.float64(2.3300832246007035), 'learning_rate': np.float64(0.8026140752074977), 'max_depth': 24, 'min_child_samples': 101, 'min_child_weight': 17, 'n_estimators': 146, 'num_leaves': 82}",0.6357060268794844,63,0.3214792983065,0.9043692517438315,2.3300832246007035,0.8026140752074977,24,101,17,146,82
11,14,0.47018295693341167,0.03063345976914111,0.9326731285821751,0.005040583207519411,"{'bagging_fraction': np.float64(0.7094138686474951), 'bagging_freq': 29, 'feature_fraction': np.float64(0.18063564234657561), 'lambda_l1': np.float64(1.6875120273124462), 'lambda_l2': np.float64(1.092083574023967), 'learning_rate': np.float64(0.10051460379434776), 'max_depth': 19, 'min_child_samples': 111, 'min_child_weight': 7, 'n_estimators': 83, 'num_leaves': 185}",0.7094138686474951,29,0.18063564234657561,1.6875120273124462,1.092083574023967,0.10051460379434776,19,111,7,83,185
11,15,0.42627969300224117,0.0338759207404687,0.989355889919835,0.0033222217816109814,"{'bagging_fraction': np.float64(0.6893351209970404), 'bagging_freq': 26, 'feature_fraction': np.float64(0.4464596274094803), 'lambda_l1': np.float64(1.276962798497795), 'lambda_l2': np.float64(1.7399266331196366), 'learning_rate': np.float64(0.4780605882702701), 'max_depth': 13, 'min_child_samples': 60, 'min_child_weight': 8, 'n_estimators': 141, 'num_leaves': 129}",0.6893351209970404,26,0.4464596274094803,1.276962798497795,1.7399266331196366,0.4780605882702701,13,60,8,141,129
11,16,0.4822891092713747,0.03506902992398204,0.9866874067939945,0.0022458937291102567,"{'bagging_fraction': np.float64(0.9098046939025074), 'bagging_freq': 33, 'feature_fraction': np.float64(0.26472292542693776), 'lambda_l1': np.float64(1.2247866056521564), 'lambda_l2': np.float64(2.3876737637658962), 'learning_rate': np.float64(0.2957417993436874), 'max_depth': 18, 'min_child_samples': 115, 'min_child_weight': 9, 'n_estimators': 61, 'num_leaves': 96}",0.9098046939025074,33,0.26472292542693776,1.2247866056521564,2.3876737637658962,0.2957417993436874,18,115,9,61,96
11,17,0.4363764055689363,0.020144640896536493,0.9742662776780218,0.0029405965524563166,"{'bagging_fraction': np.float64(0.5299768659695618), 'bagging_freq': 15, 'feature_fraction': np.float64(0.11346270148163493), 'lambda_l1': np.float64(1.5669575997679979), 'lambda_l2': np.float64(1.2618843075184407), 'learning_rate': np.float64(0.38459348404379234), 'max_depth': 23, 'min_child_samples': 55, 'min_child_weight': 8, 'n_estimators': 119, 'num_leaves': 184}",0.5299768659695618,15,0.11346270148163493,1.5669575997679979,1.2618843075184407,0.38459348404379234,23,55,8,119,184
11,18,0.35134370095669354,0.058284624090802366,0.9796200809219698,0.003966767276810823,"{'bagging_fraction': np.float64(0.9192777365658167), 'bagging_freq': 43, 'feature_fraction': np.float64(0.3298690724992135), 'lambda_l1': np.float64(0.6061146119193825), 'lambda_l2': np.float64(1.547480772061233), 'learning_rate': np.float64(1.0672739243004323), 'max_depth': 21, 'min_child_samples': 104, 'min_child_weight': 18, 'n_estimators': 99, 'num_leaves': 170}",0.9192777365658167,43,0.3298690724992135,0.6061146119193825,1.547480772061233,1.0672739243004323,21,104,18,99,170
11,19,0.40879678018198645,0.023787520182970263,0.9271071440359997,0.005857913492297527,"{'bagging_fraction': np.float64(0.5610432446081312), 'bagging_freq': 38, 'feature_fraction': np.float64(0.1567329951110039), 'lambda_l1': np.float64(0.8122316335778805), 'lambda_l2': np.float64(1.727255709840002), 'learning_rate': np.float64(0.5706807154312077), 'max_depth': 17, 'min_child_samples': 78, 'min_child_weight': 6, 'n_estimators': 110, 'num_leaves': 57}",0.5610432446081312,38,0.1567329951110039,0.8122316335778805,1.727255709840002,0.5706807154312077,17,78,6,110,57
12,0,0.26793363465318737,0.008470698226945187,0.8329530782065101,0.009315502213354513,"{'bagging_fraction': np.float64(0.6492302805087661), 'bagging_freq': 52, 'feature_fraction': np.float64(0.3951686751594743), 'lambda_l1': np.float64(1.057836985043278), 'lambda_l2': np.float64(1.8726841733124542), 'learning_rate': np.float64(1.0216500890508415), 'max_depth': 13, 'min_child_samples': 91, 'min_child_weight': 19, 'n_estimators': 101, 'num_leaves': 156}",0.6492302805087661,52,0.3951686751594743,1.057836985043278,1.8726841733124542,1.0216500890508415,13,91,19,101,156
12,1,0.42683741138404657,0.030020249234451436,0.8821756700195896,0.00431706570704835,"{'bagging_fraction': np.float64(0.5818129533558147), 'bagging_freq': 21, 'feature_fraction': np.float64(0.2539984142169074), 'lambda_l1': np.float64(0.6201229931986169), 'lambda_l2': np.float64(2.473270301836461), 'learning_rate': np.float64(0.3459609120293191), 'max_depth': 10, 'min_child_samples': 91, 'min_child_weight': 6, 'n_estimators': 42, 'num_leaves': 97}",0.5818129533558147,21,0.2539984142169074,0.6201229931986169,2.473270301836461,0.3459609120293191,10,91,6,42,97
12,2,0.3254708686256838,0.022167345021184108,0.8729399559793649,0.008244822102221867,"{'bagging_fraction': np.float64(0.5306852792681389), 'bagging_freq': 44, 'feature_fraction': np.float64(0.31757107047316446), 'lambda_l1': np.float64(0.5356262858645746), 'lambda_l2': np.float64(1.47237791178309), 'learning_rate': np.float64(0.8805409804735175), 'max_depth': 12, 'min_child_samples': 67, 'min_child_weight': 8, 'n_estimators': 112, 'num_leaves': 177}",0.5306852792681389,44,0.31757107047316446,0.5356262858645746,1.47237791178309,0.8805409804735175,12,67,8,112,177
12,3,0.4301272162785506,0.023419227947484203,0.9739156576301745,0.001623094278176705,"{'bagging_fraction': np.float64(0.8240836770643944), 'bagging_freq': 45, 'feature_fraction': np.float64(0.4292322825431497), 'lambda_l1': np.float64(1.7593400030659272), 'lambda_l2': np.float64(1.539773483695484), 'learning_rate': np.float64(0.6201604585609283), 'max_depth': 17, 'min_child_samples': 76, 'min_child_weight': 8, 'n_estimators': 74, 'num_leaves': 102}",0.8240836770643944,45,0.4292322825431497,1.7593400030659272,1.539773483695484,0.6201604585609283,17,76,8,74,102
12,4,0.3921429663611987,0.034406828482943984,0.9539025963429939,0.00401085006201764,"{'bagging_fraction': np.float64(0.9282540510326063), 'bagging_freq': 52, 'feature_fraction': np.float64(0.5655140960637797), 'lambda_l1': np.float64(1.9676008863818741), 'lambda_l2': np.float64(1.3174626095847193), 'learning_rate': np.float64(0.9551457827060699), 'max_depth': 14, 'min_child_samples': 58, 'min_child_weight': 9, 'n_estimators': 33, 'num_leaves': 50}",0.9282540510326063,52,0.5655140960637797,1.9676008863818741,1.3174626095847193,0.9551457827060699,14,58,9,33,50
12,5,0.43028969149104174,0.0414781595336773,0.8567798032938356,0.006150494625594669,"{'bagging_fraction': np.float64(0.556901424566957), 'bagging_freq': 50, 'feature_fraction': np.float64(0.23292990150795537), 'lambda_l1': np.float64(0.9428822038628077), 'lambda_l2': np.float64(1.8756253283826276), 'learning_rate': np.float64(0.18851255642445744), 'max_depth': 19, 'min_child_samples': 113, 'min_child_weight': 7, 'n_estimators': 71, 'num_leaves': 197}",0.556901424566957,50,0.23292990150795537,0.9428822038628077,1.8756253283826276,0.18851255642445744,19,113,7,71,197
12,6,0.43309041590350483,0.02936648560094263,0.9358124576103485,0.0056374441115185515,"{'bagging_fraction': np.float64(0.7431055705056016), 'bagging_freq': 68, 'feature_fraction': np.float64(0.2509644248679256), 'lambda_l1': np.float64(1.9821455805022432), 'lambda_l2': np.float64(1.2765395605645127), 'learning_rate': np.float64(0.22401600568688376), 'max_depth': 12, 'min_child_samples': 104, 'min_child_weight': 13, 'n_estimators': 134, 'num_leaves': 53}",0.7431055705056016,68,0.2509644248679256,1.9821455805022432,1.2765395605645127,0.22401600568688376,12,104,13,134,53
12,7,0.30625473986280427,0.013965486747396718,0.7403558397929633,0.005289869165535647,"{'bagging_fraction': np.float64(0.5185540068865817), 'bagging_freq': 66, 'feature_fraction': np.float64(0.3432246476977596), 'lambda_l1': np.float64(1.749114169579884), 'lambda_l2': np.float64(1.579977233893032), 'learning_rate': np.float64(0.4445440976114359), 'max_depth': 11, 'min_child_samples': 56, 'min_child_weight': 17, 'n_estimators': 104, 'num_leaves': 106}",0.5185540068865817,66,0.3432246476977596,1.749114169579884,1.579977233893032,0.4445440976114359,11,56,17,104,106
12,8,0.4889185668293237,0.032127022958990586,0.992934880662682,0.0021698450800211396,"{'bagging_fraction': np.float64(0.9121279375512217), 'bagging_freq': 48, 'feature_fraction': np.float64(0.40052586761285747), 'lambda_l1': np.float64(1.6551962144807935), 'lambda_l2': np.float64(1.0503446710255746), 'learning_rate': np.float64(0.3958268873586437), 'max_depth': 17, 'min_child_samples': 84, 'min_child_weight': 5, 'n_estimators': 100, 'num_leaves': 168}",0.9121279375512217,48,0.40052586761285747,1.6551962144807935,1.0503446710255746,0.3958268873586437,17,84,5,100,168
12,9,0.38643756515406186,0.019463532374012837,0.7623893438211953,0.0049226750309929665,"{'bagging_fraction': np.float64(0.5402851938630259), 'bagging_freq': 68, 'feature_fraction': np.float64(0.545139474378884), 'lambda_l1': np.float64(0.6855897158658483), 'lambda_l2': np.float64(1.055865852882977), 'learning_rate': np.float64(0.4240732372752788), 'max_depth': 23, 'min_child_samples': 103, 'min_child_weight': 5, 'n_estimators': 70, 'num_leaves': 83}",0.5402851938630259,68,0.545139474378884,0.6855897158658483,1.055865852882977,0.4240732372752788,23,103,5,70,83
12,10,0.4076317602931379,0.02329612775808814,0.969121964139223,0.0029366657182404417,"{'bagging_fraction': np.float64(0.931550322325815), 'bagging_freq': 56, 'feature_fraction': np.float64(0.44765352273906345), 'lambda_l1': np.float64(0.7736257142508973), 'lambda_l2': np.float64(2.2690579016365158), 'learning_rate': np.float64(0.5537560973509986), 'max_depth': 29, 'min_child_samples': 81, 'min_child_weight': 17, 'n_estimators': 72, 'num_leaves': 138}",0.931550322325815,56,0.44765352273906345,0.7736257142508973,2.2690579016365158,0.5537560973509986,29,81,17,72,138
12,11,0.239044495489795,0.03198201188335799,0.7158756205847985,0.014970486352086374,"{'bagging_fraction': np.float64(0.5114796538476196), 'bagging_freq': 11, 'feature_fraction': np.float64(0.29942215926725146), 'lambda_l1': np.float64(0.838309680263027), 'lambda_l2': np.float64(1.8257515557447732), 'learning_rate': np.float64(0.8325644433052202), 'max_depth': 25, 'min_child_samples': 68, 'min_child_weight': 20, 'n_estimators': 85, 'num_leaves': 102}",0.5114796538476196,11,0.29942215926725146,0.838309680263027,1.8257515557447732,0.8325644433052202,25,68,20,85,102
12,12,0.4224828828007318,0.029473558957114277,0.9724069888210909,0.0015809610088985823,"{'bagging_fraction': np.float64(0.850476340056318), 'bagging_freq': 61, 'feature_fraction': np.float64(0.5344940651156175), 'lambda_l1': np.float64(1.7028308032649568), 'lambda_l2': np.float64(1.1902781451631166), 'learning_rate': np.float64(0.7667278549392016), 'max_depth': 16, 'min_child_samples': 96, 'min_child_weight': 10, 'n_estimators': 93, 'num_leaves': 106}",0.850476340056318,61,0.5344940651156175,1.7028308032649568,1.1902781451631166,0.7667278549392016,16,96,10,93,106
12,13,0.4231070753353324,0.03407228942766556,0.9111679379772328,0.00511684879141348,"{'bagging_fraction': np.float64(0.9104919038032746), 'bagging_freq': 35, 'feature_fraction': np.float64(0.20815298097866755), 'lambda_l1': np.float64(1.3546312187140988), 'lambda_l2': np.float64(1.1662210847938481), 'learning_rate': np.float64(0.18966908788303408), 'max_depth': 18, 'min_child_samples': 116, 'min_child_weight': 18, 'n_estimators': 47, 'num_leaves': 107}",0.9104919038032746,35,0.20815298097866755,1.3546312187140988,1.1662210847938481,0.18966908788303408,18,116,18,47,107
12,14,0.38541157138009574,0.03843820387246594,0.9980825077779135,0.0006822704515763499,"{'bagging_fraction': np.float64(0.9483574020439901), 'bagging_freq': 18, 'feature_fraction': np.float64(0.33351430154290607), 'lambda_l1': np.float64(0.5491110604490994), 'lambda_l2': np.float64(1.5227821617459385), 'learning_rate': np.float64(0.9217797221544087), 'max_depth': 24, 'min_child_samples': 85, 'min_child_weight': 13, 'n_estimators': 107, 'num_leaves': 130}",0.9483574020439901,18,0.33351430154290607,0.5491110604490994,1.5227821617459385,0.9217797221544087,24,85,13,107,130
12,15,0.47638135598350273,0.028884379634132238,0.986328406711771,0.002533232336260669,"{'bagging_fraction': np.float64(0.8794220818346681), 'bagging_freq': 57, 'feature_fraction': np.float64(0.2021927561914774), 'lambda_l1': np.float64(1.1721643796020755), 'lambda_l2': np.float64(1.2698356507509132), 'learning_rate': np.float64(0.19259910561294571), 'max_depth': 25, 'min_child_samples': 77, 'min_child_weight': 14, 'n_estimators': 145, 'num_leaves': 166}",0.8794220818346681,57,0.2021927561914774,1.1721643796020755,1.2698356507509132,0.19259910561294571,25,77,14,145,166
12,16,0.43420109098890636,0.02683066165351744,0.8861400390447036,0.00830651747479777,"{'bagging_fraction': np.float64(0.9048473793632819), 'bagging_freq': 30, 'feature_fraction': np.float64(0.29541201016548446), 'lambda_l1': np.float64(1.7207279196482612), 'lambda_l2': np.float64(1.3659940554943917), 'learning_rate': np.float64(0.14416477760636473), 'max_depth': 10, 'min_child_samples': 111, 'min_child_weight': 15, 'n_estimators': 40, 'num_leaves': 64}",0.9048473793632819,30,0.29541201016548446,1.7207279196482612,1.3659940554943917,0.14416477760636473,10,111,15,40,64
12,17,0.46395027370561304,0.04398581077830417,0.9392024560203698,0.004205640871195151,"{'bagging_fraction': np.float64(0.6771885341461098), 'bagging_freq': 41, 'feature_fraction': np.float64(0.4811050765373036), 'lambda_l1': np.float64(1.5329222581644353), 'lambda_l2': np.float64(2.019215140228209), 'learning_rate': np.float64(0.152779991092622), 'max_depth': 24, 'min_child_samples': 117, 'min_child_weight': 10, 'n_estimators': 109, 'num_leaves': 155}",0.6771885341461098,41,0.4811050765373036,1.5329222581644353,2.019215140228209,0.152779991092622,24,117,10,109,155
12,18,0.4358052296104663,0.03581172684236033,0.940505459960924,0.0031655632962562974,"{'bagging_fraction': np.float64(0.8655634625811741), 'bagging_freq': 63, 'feature_fraction': np.float64(0.5992199895380648), 'lambda_l1': np.float64(0.8355896518801117), 'lambda_l2': np.float64(1.4179759570720822), 'learning_rate': np.float64(0.19753955934736658), 'max_depth': 17, 'min_child_samples': 65, 'min_child_weight': 21, 'n_estimators': 103, 'num_leaves': 137}",0.8655634625811741,63,0.5992199895380648,0.8355896518801117,1.4179759570720822,0.19753955934736658,17,65,21,103,137
12,19,0.36538029690892976,0.03615812942773575,0.9588994590769279,0.003404471459993142,"{'bagging_fraction': np.float64(0.8485628321386389), 'bagging_freq': 56, 'feature_fraction': np.float64(0.41140315958797424), 'lambda_l1': np.float64(1.7426327978337335), 'lambda_l2': np.float64(1.2987371286314113), 'learning_rate': np.float64(1.0208326517608912), 'max_depth': 14, 'min_child_samples': 58, 'min_child_weight': 15, 'n_estimators': 96, 'num_leaves': 90}",0.8485628321386389,56,0.41140315958797424,1.7426327978337335,1.2987371286314113,1.0208326517608912,14,58,15,96,90
13,0,0.49751250961658194,0.03398898264160282,0.9620424102152999,0.0025242696643410236,"{'bagging_fraction': np.float64(0.8468876167687511), 'bagging_freq': 28, 'feature_fraction': np.float64(0.27966532874928185), 'lambda_l1': np.float64(0.865216674880684), 'lambda_l2': np.float64(1.4168832858664997), 'learning_rate': np.float64(0.10781787716826555), 'max_depth': 26, 'min_child_samples': 76, 'min_child_weight': 9, 'n_estimators': 59, 'num_leaves': 181}",0.8468876167687511,28,0.27966532874928185,0.865216674880684,1.4168832858664997,0.10781787716826555,26,76,9,59,181
13,1,0.29281391210957847,0.028742747021595957,0.8402291820193133,0.004884679558971097,"{'bagging_fraction': np.float64(0.6143543593217602), 'bagging_freq': 39, 'feature_fraction': np.float64(0.4480945847062666), 'lambda_l1': np.float64(0.8236560531514451), 'lambda_l2': np.float64(1.5673615775138463), 'learning_rate': np.float64(1.0709946186311807), 'max_depth': 23, 'min_child_samples': 82, 'min_child_weight': 14, 'n_estimators': 82, 'num_leaves': 100}",0.6143543593217602,39,0.4480945847062666,0.8236560531514451,1.5673615775138463,1.0709946186311807,23,82,14,82,100
13,2,0.34409363007549515,0.02494535509377373,0.8635697596966514,0.011838802635517743,"{'bagging_fraction': np.float64(0.6894411797539548), 'bagging_freq': 67, 'feature_fraction': np.float64(0.40527358954876946), 'lambda_l1': np.float64(1.0973515497607829), 'lambda_l2': np.float64(2.4204327436455695), 'learning_rate': np.float64(0.3463909170074153), 'max_depth': 27, 'min_child_samples': 119, 'min_child_weight': 21, 'n_estimators': 137, 'num_leaves': 182}",0.6894411797539548,67,0.40527358954876946,1.0973515497607829,2.4204327436455695,0.3463909170074153,27,119,21,137,182
13,3,0.31050747783515037,0.008616308720157425,0.79390216740937,0.012429416734976677,"{'bagging_fraction': np.float64(0.52968037774478), 'bagging_freq': 60, 'feature_fraction': np.float64(0.1641798268997479), 'lambda_l1': np.float64(0.6292851009518202), 'lambda_l2': np.float64(1.6660114296440516), 'learning_rate': np.float64(1.0332706838051646), 'max_depth': 13, 'min_child_samples': 57, 'min_child_weight': 11, 'n_estimators': 117, 'num_leaves': 178}",0.52968037774478,60,0.1641798268997479,0.6292851009518202,1.6660114296440516,1.0332706838051646,13,57,11,117,178
13,4,0.4307070361350588,0.022929408558043894,0.913258979999758,0.004445951246776531,"{'bagging_fraction': np.float64(0.7428258663476452), 'bagging_freq': 22, 'feature_fraction': np.float64(0.16615707567002516), 'lambda_l1': np.float64(0.6810112422101413), 'lambda_l2': np.float64(1.6082835284331853), 'learning_rate': np.float64(0.13965929119481416), 'max_depth': 21, 'min_child_samples': 76, 'min_child_weight': 15, 'n_estimators': 78, 'num_leaves': 56}",0.7428258663476452,22,0.16615707567002516,0.6810112422101413,1.6082835284331853,0.13965929119481416,21,76,15,78,56
13,5,0.44343598821499886,0.012946334189250851,0.9973906474916724,0.001843347638648201,"{'bagging_fraction': np.float64(0.9111950584863371), 'bagging_freq': 14, 'feature_fraction': np.float64(0.1293271686664593), 'lambda_l1': np.float64(1.586933443184323), 'lambda_l2': np.float64(1.022141790324417), 'learning_rate': np.float64(0.6753826377255914), 'max_depth': 26, 'min_child_samples': 80, 'min_child_weight': 13, 'n_estimators': 89, 'num_leaves': 160}",0.9111950584863371,14,0.1293271686664593,1.586933443184323,1.022141790324417,0.6753826377255914,26,80,13,89,160
13,6,0.32711629501201445,0.023112268777679645,0.8202751155797353,0.012081651843280309,"{'bagging_fraction': np.float64(0.771385338568431), 'bagging_freq': 57, 'feature_fraction': np.float64(0.3794378799478676), 'lambda_l1': np.float64(0.5553256897911305), 'lambda_l2': np.float64(1.58648226858906), 'learning_rate': np.float64(0.73216430606488), 'max_depth': 17, 'min_child_samples': 113, 'min_child_weight': 21, 'n_estimators': 38, 'num_leaves': 74}",0.771385338568431,57,0.3794378799478676,0.5553256897911305,1.58648226858906,0.73216430606488,17,113,21,38,74
13,7,0.3667789111989961,0.040234145675436546,0.830348951610338,0.004293517278791033,"{'bagging_fraction': np.float64(0.5154662159228055), 'bagging_freq': 65, 'feature_fraction': np.float64(0.1754064572229708), 'lambda_l1': np.float64(0.8704948552731196), 'lambda_l2': np.float64(1.915968782302445), 'learning_rate': np.float64(0.7901632430348201), 'max_depth': 14, 'min_child_samples': 103, 'min_child_weight': 5, 'n_estimators': 110, 'num_leaves': 59}",0.5154662159228055,65,0.1754064572229708,0.8704948552731196,1.915968782302445,0.7901632430348201,14,103,5,110,59
13,8,0.3967087567613884,0.023010626669061278,0.8415099375595604,0.01057007193126879,"{'bagging_fraction': np.float64(0.5152177607860863), 'bagging_freq': 43, 'feature_fraction': np.float64(0.5984794880939757), 'lambda_l1': np.float64(0.539079869285253), 'lambda_l2': np.float64(2.4332381511273526), 'learning_rate': np.float64(0.2655785728423474), 'max_depth': 14, 'min_child_samples': 62, 'min_child_weight': 10, 'n_estimators': 86, 'num_leaves': 91}",0.5152177607860863,43,0.5984794880939757,0.539079869285253,2.4332381511273526,0.2655785728423474,14,62,10,86,91
13,9,0.24489642463319578,0.02335934401268196,0.7057707538833947,0.013430030873413249,"{'bagging_fraction': np.float64(0.5862291520546479), 'bagging_freq': 27, 'feature_fraction': np.float64(0.29991285793352296), 'lambda_l1': np.float64(0.6724215886154467), 'lambda_l2': np.float64(1.6343803454159067), 'learning_rate': np.float64(0.9771275763800287), 'max_depth': 26, 'min_child_samples': 110, 'min_child_weight': 21, 'n_estimators': 63, 'num_leaves': 67}",0.5862291520546479,27,0.29991285793352296,0.6724215886154467,1.6343803454159067,0.9771275763800287,26,110,21,63,67
13,10,0.33257537466583587,0.020620863406115478,0.9038571216914585,0.005716787632069925,"{'bagging_fraction': np.float64(0.7082507380096491), 'bagging_freq': 41, 'feature_fraction': np.float64(0.12219511609932068), 'lambda_l1': np.float64(1.423106090195986), 'lambda_l2': np.float64(1.3698384198824665), 'learning_rate': np.float64(0.8052028804248255), 'max_depth': 15, 'min_child_samples': 76, 'min_child_weight': 19, 'n_estimators': 112, 'num_leaves': 110}",0.7082507380096491,41,0.12219511609932068,1.423106090195986,1.3698384198824665,0.8052028804248255,15,76,19,112,110
13,11,0.3984955415500968,0.03550344122950642,0.8557485181975695,0.007383810340632973,"{'bagging_fraction': np.float64(0.5466868095071641), 'bagging_freq': 39, 'feature_fraction': np.float64(0.17962604182096095), 'lambda_l1': np.float64(1.1093899136991376), 'lambda_l2': np.float64(1.5366279411134391), 'learning_rate': np.float64(0.5010527618625756), 'max_depth': 12, 'min_child_samples': 87, 'min_child_weight': 9, 'n_estimators': 66, 'num_leaves': 192}",0.5466868095071641,39,0.17962604182096095,1.1093899136991376,1.5366279411134391,0.5010527618625756,12,87,9,66,192
13,12,0.34942851068646963,0.015302378013028691,0.7107195590940665,0.007896911704978749,"{'bagging_fraction': np.float64(0.5999706575217889), 'bagging_freq': 27, 'feature_fraction': np.float64(0.10342311804980639), 'lambda_l1': np.float64(0.6445861480381369), 'lambda_l2': np.float64(2.2755120640365747), 'learning_rate': np.float64(0.1498553780184181), 'max_depth': 27, 'min_child_samples': 98, 'min_child_weight': 11, 'n_estimators': 30, 'num_leaves': 125}",0.5999706575217889,27,0.10342311804980639,0.6445861480381369,2.2755120640365747,0.1498553780184181,27,98,11,30,125
13,13,0.4117621204990278,0.021181845852271678,0.9742705659102894,0.0028166541232782297,"{'bagging_fraction': np.float64(0.8188332568604726), 'bagging_freq': 68, 'feature_fraction': np.float64(0.1798364701065541), 'lambda_l1': np.float64(0.5233951297002123), 'lambda_l2': np.float64(1.6988561914263862), 'learning_rate': np.float64(0.7537480928456086), 'max_depth': 12, 'min_child_samples': 97, 'min_child_weight': 6, 'n_estimators': 134, 'num_leaves': 173}",0.8188332568604726,68,0.1798364701065541,0.5233951297002123,1.6988561914263862,0.7537480928456086,12,97,6,134,173
13,14,0.4113675933693687,0.03193057845636139,0.931523584788416,0.0012180944619569992,"{'bagging_fraction': np.float64(0.8244249359243784), 'bagging_freq': 59, 'feature_fraction': np.float64(0.3399758997166421), 'lambda_l1': np.float64(1.509004681274896), 'lambda_l2': np.float64(2.0280286364827473), 'learning_rate': np.float64(0.633842185189886), 'max_depth': 29, 'min_child_samples': 74, 'min_child_weight': 16, 'n_estimators': 76, 'num_leaves': 73}",0.8244249359243784,59,0.3399758997166421,1.509004681274896,2.0280286364827473,0.633842185189886,29,74,16,76,73
13,15,0.3121768109458789,0.03314646161534017,0.8636542214001335,0.011487712402859566,"{'bagging_fraction': np.float64(0.6753579118241174), 'bagging_freq': 65, 'feature_fraction': np.float64(0.5512660818341013), 'lambda_l1': np.float64(1.241568410085452), 'lambda_l2': np.float64(2.304636195203742), 'learning_rate': np.float64(0.7923847512160814), 'max_depth': 12, 'min_child_samples': 78, 'min_child_weight': 16, 'n_estimators': 89, 'num_leaves': 133}",0.6753579118241174,65,0.5512660818341013,1.241568410085452,2.304636195203742,0.7923847512160814,12,78,16,89,133
13,16,0.45413754422657054,0.02277506453434513,0.9494344129409689,0.00567230096829025,"{'bagging_fraction': np.float64(0.6007548098618974), 'bagging_freq': 23, 'feature_fraction': np.float64(0.23404633616307294), 'lambda_l1': np.float64(1.0618086173425192), 'lambda_l2': np.float64(1.2185409304993657), 'learning_rate': np.float64(0.21812378326252038), 'max_depth': 21, 'min_child_samples': 97, 'min_child_weight': 8, 'n_estimators': 84, 'num_leaves': 61}",0.6007548098618974,23,0.23404633616307294,1.0618086173425192,1.2185409304993657,0.21812378326252038,21,97,8,84,61
13,17,0.359269193037559,0.023375219873532353,0.9285230270274452,0.005255904046540288,"{'bagging_fraction': np.float64(0.6547596107569242), 'bagging_freq': 32, 'feature_fraction': np.float64(0.3084399878537536), 'lambda_l1': np.float64(0.9870737322129903), 'lambda_l2': np.float64(1.4357560195523398), 'learning_rate': np.float64(0.6549303744039658), 'max_depth': 21, 'min_child_samples': 112, 'min_child_weight': 16, 'n_estimators': 118, 'num_leaves': 103}",0.6547596107569242,32,0.3084399878537536,0.9870737322129903,1.4357560195523398,0.6549303744039658,21,112,16,118,103
13,18,0.32831669523495055,0.009267566143641052,0.6815868651884365,0.005237792940158243,"{'bagging_fraction': np.float64(0.5215696134189487), 'bagging_freq': 39, 'feature_fraction': np.float64(0.3345661339593117), 'lambda_l1': np.float64(1.5053873845392967), 'lambda_l2': np.float64(1.0184347770284397), 'learning_rate': np.float64(1.0948321962555339), 'max_depth': 11, 'min_child_samples': 69, 'min_child_weight': 5, 'n_estimators': 37, 'num_leaves': 142}",0.5215696134189487,39,0.3345661339593117,1.5053873845392967,1.0184347770284397,1.0948321962555339,11,69,5,37,142
13,19,0.47328498336681396,0.030011420178167204,0.993516298486855,0.0022341444498242325,"{'bagging_fraction': np.float64(0.8163840034326024), 'bagging_freq': 33, 'feature_fraction': np.float64(0.16867937933281388), 'lambda_l1': np.float64(1.679217299594821), 'lambda_l2': np.float64(1.4508652952296797), 'learning_rate': np.float64(0.5385660560534614), 'max_depth': 10, 'min_child_samples': 115, 'min_child_weight': 4, 'n_estimators': 119, 'num_leaves': 119}",0.8163840034326024,33,0.16867937933281388,1.679217299594821,1.4508652952296797,0.5385660560534614,10,115,4,119,119
14,0,0.4489738231989885,0.03034427234474088,0.9963335178621995,0.002484920747303445,"{'bagging_fraction': np.float64(0.8352045186049223), 'bagging_freq': 17, 'feature_fraction': np.float64(0.31047530454588224), 'lambda_l1': np.float64(0.6624596959572182), 'lambda_l2': np.float64(2.2424087823218244), 'learning_rate': np.float64(0.3420124564825118), 'max_depth': 19, 'min_child_samples': 58, 'min_child_weight': 13, 'n_estimators': 90, 'num_leaves': 188}",0.8352045186049223,17,0.31047530454588224,0.6624596959572182,2.2424087823218244,0.3420124564825118,19,58,13,90,188
14,1,0.4530760273844064,0.026965887956588542,0.9736090949064948,0.002246982197625635,"{'bagging_fraction': np.float64(0.8572547849461959), 'bagging_freq': 24, 'feature_fraction': np.float64(0.36335106273331075), 'lambda_l1': np.float64(1.2598548897963413), 'lambda_l2': np.float64(2.4774173208359214), 'learning_rate': np.float64(0.2282512292839283), 'max_depth': 18, 'min_child_samples': 82, 'min_child_weight': 19, 'n_estimators': 102, 'num_leaves': 140}",0.8572547849461959,24,0.36335106273331075,1.2598548897963413,2.4774173208359214,0.2282512292839283,18,82,19,102,140
14,2,0.39192614280311944,0.03725374571928173,0.9103917205298823,0.008258223444550917,"{'bagging_fraction': np.float64(0.692827112694043), 'bagging_freq': 30, 'feature_fraction': np.float64(0.4896533634211785), 'lambda_l1': np.float64(1.9949850807741583), 'lambda_l2': np.float64(1.226851521966132), 'learning_rate': np.float64(0.7088888498669734), 'max_depth': 21, 'min_child_samples': 68, 'min_child_weight': 10, 'n_estimators': 49, 'num_leaves': 176}",0.692827112694043,30,0.4896533634211785,1.9949850807741583,1.226851521966132,0.7088888498669734,21,68,10,49,176
14,3,0.33507269837127873,0.02639572493621388,0.9815825560348014,0.003774652105383898,"{'bagging_fraction': np.float64(0.7639856980174962), 'bagging_freq': 19, 'feature_fraction': np.float64(0.3477669792274929), 'lambda_l1': np.float64(1.2127040790385988), 'lambda_l2': np.float64(1.383384338351346), 'learning_rate': np.float64(1.0381544488242516), 'max_depth': 21, 'min_child_samples': 71, 'min_child_weight': 17, 'n_estimators': 141, 'num_leaves': 192}",0.7639856980174962,19,0.3477669792274929,1.2127040790385988,1.383384338351346,1.0381544488242516,21,71,17,141,192
14,4,0.4463448105374229,0.03518674960804188,0.959404256101933,0.0026330188344188352,"{'bagging_fraction': np.float64(0.6987579838813697), 'bagging_freq': 45, 'feature_fraction': np.float64(0.3510347758313662), 'lambda_l1': np.float64(1.7534572074305002), 'lambda_l2': np.float64(1.522682108239746), 'learning_rate': np.float64(0.34318666789457697), 'max_depth': 24, 'min_child_samples': 91, 'min_child_weight': 9, 'n_estimators': 116, 'num_leaves': 57}",0.6987579838813697,45,0.3510347758313662,1.7534572074305002,1.522682108239746,0.34318666789457697,24,91,9,116,57
14,5,0.4564686414972298,0.03803699432543814,0.994151228234063,0.0013650676884919767,"{'bagging_fraction': np.float64(0.9119711933150816), 'bagging_freq': 27, 'feature_fraction': np.float64(0.2057342783682605), 'lambda_l1': np.float64(1.4709332712657572), 'lambda_l2': np.float64(1.232557903570226), 'learning_rate': np.float64(0.6151985407817608), 'max_depth': 12, 'min_child_samples': 87, 'min_child_weight': 8, 'n_estimators': 81, 'num_leaves': 75}",0.9119711933150816,27,0.2057342783682605,1.4709332712657572,1.232557903570226,0.6151985407817608,12,87,8,81,75
14,6,0.3634199542078895,0.02439888146495678,0.7795593473630751,0.004878068607514454,"{'bagging_fraction': np.float64(0.6561666381327247), 'bagging_freq': 62, 'feature_fraction': np.float64(0.5604807175033584), 'lambda_l1': np.float64(0.5964416847931975), 'lambda_l2': np.float64(1.430046972873015), 'learning_rate': np.float64(0.8882674187177846), 'max_depth': 13, 'min_child_samples': 116, 'min_child_weight': 8, 'n_estimators': 53, 'num_leaves': 175}",0.6561666381327247,62,0.5604807175033584,0.5964416847931975,1.430046972873015,0.8882674187177846,13,116,8,53,175
14,7,0.43892567323851195,0.03024663166950021,0.9116592180191443,0.005860094213407326,"{'bagging_fraction': np.float64(0.8082756933166559), 'bagging_freq': 44, 'feature_fraction': np.float64(0.5805269055486609), 'lambda_l1': np.float64(1.4314835909014192), 'lambda_l2': np.float64(2.091124768545015), 'learning_rate': np.float64(0.3955213642980858), 'max_depth': 19, 'min_child_samples': 87, 'min_child_weight': 12, 'n_estimators': 48, 'num_leaves': 136}",0.8082756933166559,44,0.5805269055486609,1.4314835909014192,2.091124768545015,0.3955213642980858,19,87,12,48,136
14,8,0.4220303505791089,0.031192532002546024,0.9679497012386443,0.004425726581944138,"{'bagging_fraction': np.float64(0.9062273564369092), 'bagging_freq': 41, 'feature_fraction': np.float64(0.5886700786797581), 'lambda_l1': np.float64(1.4757528222693241), 'lambda_l2': np.float64(1.640599653254771), 'learning_rate': np.float64(0.6010766575901734), 'max_depth': 23, 'min_child_samples': 105, 'min_child_weight': 13, 'n_estimators': 55, 'num_leaves': 149}",0.9062273564369092,41,0.5886700786797581,1.4757528222693241,1.640599653254771,0.6010766575901734,23,105,13,55,149
14,9,0.45263419783495484,0.03746394888415721,0.9017475144330392,0.005540886446598975,"{'bagging_fraction': np.float64(0.8054364836878903), 'bagging_freq': 48, 'feature_fraction': np.float64(0.5341429479861541), 'lambda_l1': np.float64(1.2771129151525678), 'lambda_l2': np.float64(1.434614327482972), 'learning_rate': np.float64(0.3572427420918509), 'max_depth': 19, 'min_child_samples': 76, 'min_child_weight': 9, 'n_estimators': 36, 'num_leaves': 180}",0.8054364836878903,48,0.5341429479861541,1.2771129151525678,1.434614327482972,0.3572427420918509,19,76,9,36,180
14,10,0.4480237991081446,0.02474349586485017,0.9384939063557722,0.006136739997624342,"{'bagging_fraction': np.float64(0.8282038349072558), 'bagging_freq': 40, 'feature_fraction': np.float64(0.15751948518780826), 'lambda_l1': np.float64(1.4164662397801346), 'lambda_l2': np.float64(2.4174642528336983), 'learning_rate': np.float64(0.1439313770926515), 'max_depth': 29, 'min_child_samples': 62, 'min_child_weight': 17, 'n_estimators': 99, 'num_leaves': 63}",0.8282038349072558,40,0.15751948518780826,1.4164662397801346,2.4174642528336983,0.1439313770926515,29,62,17,99,63
14,11,0.4085126540558358,0.030027697788244018,0.9422018116320366,0.0035029841259876554,"{'bagging_fraction': np.float64(0.8865337534597363), 'bagging_freq': 53, 'feature_fraction': np.float64(0.13766711055971612), 'lambda_l1': np.float64(1.9855393227057276), 'lambda_l2': np.float64(1.5401607219030338), 'learning_rate': np.float64(0.6715371094815886), 'max_depth': 25, 'min_child_samples': 98, 'min_child_weight': 14, 'n_estimators': 55, 'num_leaves': 191}",0.8865337534597363,53,0.13766711055971612,1.9855393227057276,1.5401607219030338,0.6715371094815886,25,98,14,55,191
14,12,0.4057307222705783,0.017679205505447992,0.8155437656684661,0.008441886716009421,"{'bagging_fraction': np.float64(0.5702294753934357), 'bagging_freq': 47, 'feature_fraction': np.float64(0.4765880346566984), 'lambda_l1': np.float64(1.6874946803749116), 'lambda_l2': np.float64(2.3236787294824426), 'learning_rate': np.float64(0.2630835345630168), 'max_depth': 19, 'min_child_samples': 82, 'min_child_weight': 9, 'n_estimators': 57, 'num_leaves': 138}",0.5702294753934357,47,0.4765880346566984,1.6874946803749116,2.3236787294824426,0.2630835345630168,19,82,9,57,138
14,13,0.3395377111122671,0.02150887881773003,0.8272918077054892,0.004263800075111898,"{'bagging_fraction': np.float64(0.514971484520127), 'bagging_freq': 39, 'feature_fraction': np.float64(0.29131614561733743), 'lambda_l1': np.float64(1.6088791171053365), 'lambda_l2': np.float64(2.317398340557689), 'learning_rate': np.float64(0.6694467358434093), 'max_depth': 13, 'min_child_samples': 90, 'min_child_weight': 13, 'n_estimators': 93, 'num_leaves': 185}",0.514971484520127,39,0.29131614561733743,1.6088791171053365,2.317398340557689,0.6694467358434093,13,90,13,93,185
14,14,0.34517654381053076,0.03326160809261783,0.8990334257232557,0.004329457814644508,"{'bagging_fraction': np.float64(0.8647392486544793), 'bagging_freq': 42, 'feature_fraction': np.float64(0.33260501475738946), 'lambda_l1': np.float64(1.0147235827817012), 'lambda_l2': np.float64(1.5379677816458717), 'learning_rate': np.float64(0.9355013606415877), 'max_depth': 18, 'min_child_samples': 72, 'min_child_weight': 20, 'n_estimators': 36, 'num_leaves': 145}",0.8647392486544793,42,0.33260501475738946,1.0147235827817012,1.5379677816458717,0.9355013606415877,18,72,20,36,145
14,15,0.4177173237266601,0.032840420902924265,0.9059355890266337,0.0044395922097478545,"{'bagging_fraction': np.float64(0.8465882881862451), 'bagging_freq': 58, 'feature_fraction': np.float64(0.39003957777470044), 'lambda_l1': np.float64(0.9681494870796954), 'lambda_l2': np.float64(2.132354842840292), 'learning_rate': np.float64(0.44404296471188986), 'max_depth': 28, 'min_child_samples': 101, 'min_child_weight': 16, 'n_estimators': 31, 'num_leaves': 163}",0.8465882881862451,58,0.39003957777470044,0.9681494870796954,2.132354842840292,0.44404296471188986,28,101,16,31,163
14,16,0.33883309795887306,0.007792655313610795,0.8566835338942236,0.0028020781936161773,"{'bagging_fraction': np.float64(0.5882753289278949), 'bagging_freq': 56, 'feature_fraction': np.float64(0.5778150826762922), 'lambda_l1': np.float64(0.7105872445899895), 'lambda_l2': np.float64(1.8922349567636632), 'learning_rate': np.float64(0.3128652142546756), 'max_depth': 29, 'min_child_samples': 55, 'min_child_weight': 17, 'n_estimators': 147, 'num_leaves': 191}",0.5882753289278949,56,0.5778150826762922,0.7105872445899895,1.8922349567636632,0.3128652142546756,29,55,17,147,191
14,17,0.4257981717152304,0.036947125560009966,0.9585363694597182,0.0025154633161987403,"{'bagging_fraction': np.float64(0.6027410161732473), 'bagging_freq': 25, 'feature_fraction': np.float64(0.2109981320629334), 'lambda_l1': np.float64(0.9018751707035773), 'lambda_l2': np.float64(2.256590463738201), 'learning_rate': np.float64(0.6064217785614949), 'max_depth': 10, 'min_child_samples': 63, 'min_child_weight': 5, 'n_estimators': 78, 'num_leaves': 142}",0.6027410161732473,25,0.2109981320629334,0.9018751707035773,2.256590463738201,0.6064217785614949,10,63,5,78,142
14,18,0.4399146575798095,0.02821890336430043,0.9534664212392118,0.006156474737035104,"{'bagging_fraction': np.float64(0.7340449308649613), 'bagging_freq': 46, 'feature_fraction': np.float64(0.21735563324562032), 'lambda_l1': np.float64(0.6158351787782613), 'lambda_l2': np.float64(1.2903174516139468), 'learning_rate': np.float64(0.3945195636699449), 'max_depth': 26, 'min_child_samples': 105, 'min_child_weight': 7, 'n_estimators': 80, 'num_leaves': 74}",0.7340449308649613,46,0.21735563324562032,0.6158351787782613,1.2903174516139468,0.3945195636699449,26,105,7,80,74
14,19,0.4082679160248042,0.0327171965864954,0.9912135630577465,0.0014533623572282055,"{'bagging_fraction': np.float64(0.5435840723901229), 'bagging_freq': 15, 'feature_fraction': np.float64(0.49256103933097584), 'lambda_l1': np.float64(0.8037416734124904), 'lambda_l2': np.float64(2.3572547081038477), 'learning_rate': np.float64(0.5163704705397824), 'max_depth': 13, 'min_child_samples': 119, 'min_child_weight': 4, 'n_estimators': 120, 'num_leaves': 152}",0.5435840723901229,15,0.49256103933097584,0.8037416734124904,2.3572547081038477,0.5163704705397824,13,119,4,120,152
15,0,0.4268711736182945,0.031196578386162507,0.9658467908130651,0.0033165156744787623,"{'bagging_fraction': np.float64(0.8597454426081175), 'bagging_freq': 65, 'feature_fraction': np.float64(0.43700872919360534), 'lambda_l1': np.float64(0.9636975919158819), 'lambda_l2': np.float64(1.8157689024728878), 'learning_rate': np.float64(0.4849676182463858), 'max_depth': 19, 'min_child_samples': 117, 'min_child_weight': 16, 'n_estimators': 105, 'num_leaves': 137}",0.8597454426081175,65,0.43700872919360534,0.9636975919158819,1.8157689024728878,0.4849676182463858,19,117,16,105,137
15,1,0.3425511190787329,0.029722885457700427,0.7496143711138286,0.003104181161669052,"{'bagging_fraction': np.float64(0.6463253260442119), 'bagging_freq': 33, 'feature_fraction': np.float64(0.31514552146784147), 'lambda_l1': np.float64(1.9567945216556262), 'lambda_l2': np.float64(1.448753182044888), 'learning_rate': np.float64(0.3978775907568396), 'max_depth': 20, 'min_child_samples': 64, 'min_child_weight': 21, 'n_estimators': 55, 'num_leaves': 125}",0.6463253260442119,33,0.31514552146784147,1.9567945216556262,1.448753182044888,0.3978775907568396,20,64,21,55,125
15,2,0.43875970540089393,0.04072580876936825,0.8768322723798117,0.007323922687221566,"{'bagging_fraction': np.float64(0.771082826714754), 'bagging_freq': 62, 'feature_fraction': np.float64(0.39616107274890155), 'lambda_l1': np.float64(1.4316519284288272), 'lambda_l2': np.float64(1.0707261135729227), 'learning_rate': np.float64(0.4591478698512145), 'max_depth': 29, 'min_child_samples': 58, 'min_child_weight': 5, 'n_estimators': 43, 'num_leaves': 147}",0.771082826714754,62,0.39616107274890155,1.4316519284288272,1.0707261135729227,0.4591478698512145,29,58,5,43,147
15,3,0.47920677009122026,0.02730635817665702,0.9986156911100587,0.001008988645593612,"{'bagging_fraction': np.float64(0.8167239018422665), 'bagging_freq': 23, 'feature_fraction': np.float64(0.300404042196575), 'lambda_l1': np.float64(1.3869073721428957), 'lambda_l2': np.float64(2.3380884378802604), 'learning_rate': np.float64(0.5318757234490156), 'max_depth': 13, 'min_child_samples': 115, 'min_child_weight': 4, 'n_estimators': 149, 'num_leaves': 151}",0.8167239018422665,23,0.300404042196575,1.3869073721428957,2.3380884378802604,0.5318757234490156,13,115,4,149,151
15,4,0.37624670343605543,0.011759755580228745,0.7735215807101609,0.005416799563886766,"{'bagging_fraction': np.float64(0.6287344882813142), 'bagging_freq': 56, 'feature_fraction': np.float64(0.11318212363793775), 'lambda_l1': np.float64(1.8518157797246315), 'lambda_l2': np.float64(1.5385310735812983), 'learning_rate': np.float64(0.49245556671443225), 'max_depth': 12, 'min_child_samples': 80, 'min_child_weight': 11, 'n_estimators': 44, 'num_leaves': 119}",0.6287344882813142,56,0.11318212363793775,1.8518157797246315,1.5385310735812983,0.49245556671443225,12,80,11,44,119
15,5,0.38361902440002693,0.02572367298495242,0.9255583510986879,0.0043203975801604745,"{'bagging_fraction': np.float64(0.8604964199707661), 'bagging_freq': 65, 'feature_fraction': np.float64(0.5953914553428387), 'lambda_l1': np.float64(1.6926824123353816), 'lambda_l2': np.float64(2.05595215144447), 'learning_rate': np.float64(0.5505750232677308), 'max_depth': 12, 'min_child_samples': 92, 'min_child_weight': 16, 'n_estimators': 43, 'num_leaves': 80}",0.8604964199707661,65,0.5953914553428387,1.6926824123353816,2.05595215144447,0.5505750232677308,12,92,16,43,80
15,6,0.33715639697728317,0.026165479984889183,0.9085364568464367,0.005536415162838404,"{'bagging_fraction': np.float64(0.6586843057014944), 'bagging_freq': 57, 'feature_fraction': np.float64(0.3573958141316663), 'lambda_l1': np.float64(1.9929026816257602), 'lambda_l2': np.float64(1.0461504321610837), 'learning_rate': np.float64(0.9159862156617982), 'max_depth': 10, 'min_child_samples': 107, 'min_child_weight': 14, 'n_estimators': 141, 'num_leaves': 58}",0.6586843057014944,57,0.3573958141316663,1.9929026816257602,1.0461504321610837,0.9159862156617982,10,107,14,141,58
15,7,0.3711927722150713,0.017900448840646517,0.8713246032889457,0.01184339577471956,"{'bagging_fraction': np.float64(0.7282119458239528), 'bagging_freq': 56, 'feature_fraction': np.float64(0.46730144273583296), 'lambda_l1': np.float64(1.8777437571588709), 'lambda_l2': np.float64(1.8388360973605444), 'learning_rate': np.float64(0.4216949940196979), 'max_depth': 15, 'min_child_samples': 95, 'min_child_weight': 21, 'n_estimators': 110, 'num_leaves': 166}",0.7282119458239528,56,0.46730144273583296,1.8777437571588709,1.8388360973605444,0.4216949940196979,15,95,21,110,166
15,8,0.38380348653312074,0.014140275117921059,0.8663138987554333,0.010224792987656361,"{'bagging_fraction': np.float64(0.7373622009745328), 'bagging_freq': 44, 'feature_fraction': np.float64(0.3876490870469791), 'lambda_l1': np.float64(1.6820823966467204), 'lambda_l2': np.float64(2.419239820637901), 'learning_rate': np.float64(0.33927693214244414), 'max_depth': 12, 'min_child_samples': 118, 'min_child_weight': 21, 'n_estimators': 87, 'num_leaves': 137}",0.7373622009745328,44,0.3876490870469791,1.6820823966467204,2.419239820637901,0.33927693214244414,12,118,21,87,137
15,9,0.44810020766140274,0.03154594653048941,0.9199014732539563,0.0039917696026008954,"{'bagging_fraction': np.float64(0.9202299236112597), 'bagging_freq': 56, 'feature_fraction': np.float64(0.23177009248734806), 'lambda_l1': np.float64(1.9092872505469989), 'lambda_l2': np.float64(1.4183945253570522), 'learning_rate': np.float64(0.1737604586653644), 'max_depth': 12, 'min_child_samples': 109, 'min_child_weight': 14, 'n_estimators': 40, 'num_leaves': 111}",0.9202299236112597,56,0.23177009248734806,1.9092872505469989,1.4183945253570522,0.1737604586653644,12,109,14,40,111
15,10,0.42471473923468733,0.03004740145814827,0.9547978658316552,0.003035100118433657,"{'bagging_fraction': np.float64(0.9202807432359202), 'bagging_freq': 60, 'feature_fraction': np.float64(0.5474861931518124), 'lambda_l1': np.float64(1.2820687436487748), 'lambda_l2': np.float64(1.3336094613547336), 'learning_rate': np.float64(0.7915323133155571), 'max_depth': 23, 'min_child_samples': 99, 'min_child_weight': 4, 'n_estimators': 112, 'num_leaves': 171}",0.9202807432359202,60,0.5474861931518124,1.2820687436487748,1.3336094613547336,0.7915323133155571,23,99,4,112,171
15,11,0.358509490807069,0.027214585261494135,0.7531374773209908,0.013761769142839515,"{'bagging_fraction': np.float64(0.5833450576809223), 'bagging_freq': 23, 'feature_fraction': np.float64(0.5148183861383105), 'lambda_l1': np.float64(1.760698524843067), 'lambda_l2': np.float64(1.9851088934352958), 'learning_rate': np.float64(0.1261473837442967), 'max_depth': 19, 'min_child_samples': 88, 'min_child_weight': 13, 'n_estimators': 51, 'num_leaves': 132}",0.5833450576809223,23,0.5148183861383105,1.760698524843067,1.9851088934352958,0.1261473837442967,19,88,13,51,132
15,12,0.39233681877670923,0.022400509556388885,0.9666162114797633,0.002946818365880053,"{'bagging_fraction': np.float64(0.8904718443772499), 'bagging_freq': 39, 'feature_fraction': np.float64(0.27580738069350896), 'lambda_l1': np.float64(0.8253486881608523), 'lambda_l2': np.float64(1.1275770833851597), 'learning_rate': np.float64(0.7336440408344927), 'max_depth': 26, 'min_child_samples': 83, 'min_child_weight': 15, 'n_estimators': 64, 'num_leaves': 109}",0.8904718443772499,39,0.27580738069350896,0.8253486881608523,1.1275770833851597,0.7336440408344927,26,83,15,64,109
15,13,0.4716842137356104,0.029570151148790573,0.9128491630258923,0.003444747808063882,"{'bagging_fraction': np.float64(0.7583732757199915), 'bagging_freq': 65, 'feature_fraction': np.float64(0.2791089710924658), 'lambda_l1': np.float64(1.0960579435017452), 'lambda_l2': np.float64(2.0590961911609154), 'learning_rate': np.float64(0.1500096390450373), 'max_depth': 10, 'min_child_samples': 91, 'min_child_weight': 10, 'n_estimators': 79, 'num_leaves': 190}",0.7583732757199915,65,0.2791089710924658,1.0960579435017452,2.0590961911609154,0.1500096390450373,10,91,10,79,190
15,14,0.4215682590253568,0.04340943938857811,0.9873076666427533,0.003063186295546658,"{'bagging_fraction': np.float64(0.7903869539850301), 'bagging_freq': 39, 'feature_fraction': np.float64(0.20395059925595108), 'lambda_l1': np.float64(1.3186279789419035), 'lambda_l2': np.float64(2.126417505216845), 'learning_rate': np.float64(0.7629832627621062), 'max_depth': 13, 'min_child_samples': 92, 'min_child_weight': 4, 'n_estimators': 110, 'num_leaves': 183}",0.7903869539850301,39,0.20395059925595108,1.3186279789419035,2.126417505216845,0.7629832627621062,13,92,4,110,183
15,15,0.46139528906272026,0.03395254988076579,0.9221199388999356,0.02474604055178966,"{'bagging_fraction': np.float64(0.8232694847780004), 'bagging_freq': 60, 'feature_fraction': np.float64(0.22700282804878022), 'lambda_l1': np.float64(1.7957591435677314), 'lambda_l2': np.float64(1.7746394324275314), 'learning_rate': np.float64(0.40546918431691126), 'max_depth': 18, 'min_child_samples': 50, 'min_child_weight': 4, 'n_estimators': 101, 'num_leaves': 89}",0.8232694847780004,60,0.22700282804878022,1.7957591435677314,1.7746394324275314,0.40546918431691126,18,50,4,101,89
15,16,0.4504043571634789,0.03341860882867037,0.9798775919639354,0.002251583246963359,"{'bagging_fraction': np.float64(0.8817983772702558), 'bagging_freq': 45, 'feature_fraction': np.float64(0.5718514652736619), 'lambda_l1': np.float64(1.102173678574856), 'lambda_l2': np.float64(2.111391129203831), 'learning_rate': np.float64(0.393487362643992), 'max_depth': 19, 'min_child_samples': 83, 'min_child_weight': 13, 'n_estimators': 93, 'num_leaves': 189}",0.8817983772702558,45,0.5718514652736619,1.102173678574856,2.111391129203831,0.393487362643992,19,83,13,93,189
15,17,0.4056581978508137,0.050059382686320285,0.9938298852055695,0.0014694768350797802,"{'bagging_fraction': np.float64(0.9144528659368192), 'bagging_freq': 41, 'feature_fraction': np.float64(0.1765001147303413), 'lambda_l1': np.float64(0.9510617608998362), 'lambda_l2': np.float64(1.45229713761628), 'learning_rate': np.float64(0.9770603672760562), 'max_depth': 13, 'min_child_samples': 101, 'min_child_weight': 10, 'n_estimators': 104, 'num_leaves': 102}",0.9144528659368192,41,0.1765001147303413,0.9510617608998362,1.45229713761628,0.9770603672760562,13,101,10,104,102
15,18,0.28606631245280884,0.01981556075449189,0.8205828029782019,0.011725618609751543,"{'bagging_fraction': np.float64(0.6104752440457475), 'bagging_freq': 49, 'feature_fraction': np.float64(0.43595533948491294), 'lambda_l1': np.float64(1.0922315171351722), 'lambda_l2': np.float64(1.5559922680506513), 'learning_rate': np.float64(0.8242989693201281), 'max_depth': 26, 'min_child_samples': 76, 'min_child_weight': 20, 'n_estimators': 119, 'num_leaves': 198}",0.6104752440457475,49,0.43595533948491294,1.0922315171351722,1.5559922680506513,0.8242989693201281,26,76,20,119,198
15,19,0.42625660205617216,0.02994719210940682,0.987649595215089,0.0010982629374155807,"{'bagging_fraction': np.float64(0.8123828693872546), 'bagging_freq': 39, 'feature_fraction': np.float64(0.13917607167476173), 'lambda_l1': np.float64(0.5242181733117188), 'lambda_l2': np.float64(2.0397195234124577), 'learning_rate': np.float64(0.42709715765899536), 'max_depth': 27, 'min_child_samples': 53, 'min_child_weight': 14, 'n_estimators': 147, 'num_leaves': 158}",0.8123828693872546,39,0.13917607167476173,0.5242181733117188,2.0397195234124577,0.42709715765899536,27,53,14,147,158
16,0,0.4490520319366125,0.037445001476453195,0.9352754277382902,0.0033485989797826026,"{'bagging_fraction': np.float64(0.869872072210018), 'bagging_freq': 66, 'feature_fraction': np.float64(0.24659374758575162), 'lambda_l1': np.float64(1.0088443711254351), 'lambda_l2': np.float64(1.1572462963302685), 'learning_rate': np.float64(0.3176918148907907), 'max_depth': 14, 'min_child_samples': 88, 'min_child_weight': 15, 'n_estimators': 58, 'num_leaves': 76}",0.869872072210018,66,0.24659374758575162,1.0088443711254351,1.1572462963302685,0.3176918148907907,14,88,15,58,76
16,1,0.3473483870415786,0.035651268093699534,0.932583607494174,0.0045013826054910375,"{'bagging_fraction': np.float64(0.6916756512914174), 'bagging_freq': 36, 'feature_fraction': np.float64(0.5253898481070765), 'lambda_l1': np.float64(1.696629953852685), 'lambda_l2': np.float64(2.1355848187799253), 'learning_rate': np.float64(1.0464226188077501), 'max_depth': 22, 'min_child_samples': 106, 'min_child_weight': 10, 'n_estimators': 84, 'num_leaves': 101}",0.6916756512914174,36,0.5253898481070765,1.696629953852685,2.1355848187799253,1.0464226188077501,22,106,10,84,101
16,2,0.3491060527354946,0.010710234585985948,0.8181782873803746,0.004907691597566541,"{'bagging_fraction': np.float64(0.6989998469941272), 'bagging_freq': 28, 'feature_fraction': np.float64(0.579007855325519), 'lambda_l1': np.float64(1.9375364211338368), 'lambda_l2': np.float64(1.7075733900748442), 'learning_rate': np.float64(0.9983623440802553), 'max_depth': 21, 'min_child_samples': 111, 'min_child_weight': 15, 'n_estimators': 35, 'num_leaves': 120}",0.6989998469941272,28,0.579007855325519,1.9375364211338368,1.7075733900748442,0.9983623440802553,21,111,15,35,120
16,3,0.4105186293297603,0.035894364603139425,0.9930971620237411,0.0017182153830117171,"{'bagging_fraction': np.float64(0.7720528194557593), 'bagging_freq': 12, 'feature_fraction': np.float64(0.3336786486464155), 'lambda_l1': np.float64(1.9068066000644235), 'lambda_l2': np.float64(2.1536959642639557), 'learning_rate': np.float64(0.6833965622485113), 'max_depth': 15, 'min_child_samples': 116, 'min_child_weight': 11, 'n_estimators': 103, 'num_leaves': 97}",0.7720528194557593,12,0.3336786486464155,1.9068066000644235,2.1536959642639557,0.6833965622485113,15,116,11,103,97
16,4,0.4134644201390466,0.032760657347369194,0.877268958117541,0.005264823037003471,"{'bagging_fraction': np.float64(0.5440376080896733), 'bagging_freq': 55, 'feature_fraction': np.float64(0.28421360122528505), 'lambda_l1': np.float64(1.0613999087976504), 'lambda_l2': np.float64(2.4550182952570885), 'learning_rate': np.float64(0.4203349648755629), 'max_depth': 11, 'min_child_samples': 88, 'min_child_weight': 6, 'n_estimators': 109, 'num_leaves': 141}",0.5440376080896733,55,0.28421360122528505,1.0613999087976504,2.4550182952570885,0.4203349648755629,11,88,6,109,141
16,5,0.4608798347693865,0.030646604892745014,0.9065257135959118,0.005272875000716082,"{'bagging_fraction': np.float64(0.819229066110286), 'bagging_freq': 42, 'feature_fraction': np.float64(0.19156431387711956), 'lambda_l1': np.float64(1.6877999386082057), 'lambda_l2': np.float64(2.4628916797999643), 'learning_rate': np.float64(0.331547363916353), 'max_depth': 13, 'min_child_samples': 54, 'min_child_weight': 8, 'n_estimators': 35, 'num_leaves': 53}",0.819229066110286,42,0.19156431387711956,1.6877999386082057,2.4628916797999643,0.331547363916353,13,54,8,35,53
16,6,0.40818214401973013,0.031064986656820344,0.887693995017554,0.008213575893996286,"{'bagging_fraction': np.float64(0.6581898717256337), 'bagging_freq': 47, 'feature_fraction': np.float64(0.31832856703245616), 'lambda_l1': np.float64(0.7789949350188112), 'lambda_l2': np.float64(1.2414644215811972), 'learning_rate': np.float64(0.21252002764141245), 'max_depth': 14, 'min_child_samples': 108, 'min_child_weight': 16, 'n_estimators': 109, 'num_leaves': 93}",0.6581898717256337,47,0.31832856703245616,0.7789949350188112,1.2414644215811972,0.21252002764141245,14,108,16,109,93
16,7,0.4084828063957858,0.042935864173797335,0.860975927515969,0.007844556457756287,"{'bagging_fraction': np.float64(0.748482394976723), 'bagging_freq': 66, 'feature_fraction': np.float64(0.21736784311604682), 'lambda_l1': np.float64(1.9231731756820838), 'lambda_l2': np.float64(1.215225687742497), 'learning_rate': np.float64(0.31720554414996815), 'max_depth': 28, 'min_child_samples': 97, 'min_child_weight': 19, 'n_estimators': 77, 'num_leaves': 142}",0.748482394976723,66,0.21736784311604682,1.9231731756820838,1.215225687742497,0.31720554414996815,28,97,19,77,142
16,8,0.38915039892683784,0.025178586274823257,0.848423832767496,0.0051460007595664995,"{'bagging_fraction': np.float64(0.5212252883266455), 'bagging_freq': 35, 'feature_fraction': np.float64(0.5633526493854258), 'lambda_l1': np.float64(1.4757631366264277), 'lambda_l2': np.float64(1.9512156935457314), 'learning_rate': np.float64(0.43169096614255686), 'max_depth': 18, 'min_child_samples': 51, 'min_child_weight': 8, 'n_estimators': 56, 'num_leaves': 139}",0.5212252883266455,35,0.5633526493854258,1.4757631366264277,1.9512156935457314,0.43169096614255686,18,51,8,56,139
16,9,0.48435138403334876,0.03751868975526564,0.9964974357280767,0.0018255423678476485,"{'bagging_fraction': np.float64(0.8650890165693912), 'bagging_freq': 42, 'feature_fraction': np.float64(0.36583424917243146), 'lambda_l1': np.float64(1.1280812069051782), 'lambda_l2': np.float64(1.8509216692546535), 'learning_rate': np.float64(0.32181817755168773), 'max_depth': 15, 'min_child_samples': 87, 'min_child_weight': 5, 'n_estimators': 144, 'num_leaves': 121}",0.8650890165693912,42,0.36583424917243146,1.1280812069051782,1.8509216692546535,0.32181817755168773,15,87,5,144,121
16,10,0.4384038410285476,0.03683889505077674,0.9826410283174845,0.004195391351060075,"{'bagging_fraction': np.float64(0.7187297227824463), 'bagging_freq': 15, 'feature_fraction': np.float64(0.5523967293927325), 'lambda_l1': np.float64(1.974702541779094), 'lambda_l2': np.float64(1.4583075403369001), 'learning_rate': np.float64(0.7075068160960368), 'max_depth': 22, 'min_child_samples': 110, 'min_child_weight': 6, 'n_estimators': 61, 'num_leaves': 123}",0.7187297227824463,15,0.5523967293927325,1.974702541779094,1.4583075403369001,0.7075068160960368,22,110,6,61,123
16,11,0.2825378001215957,0.00889008283339886,0.7610902428511783,0.006179473177767722,"{'bagging_fraction': np.float64(0.5425423929354249), 'bagging_freq': 28, 'feature_fraction': np.float64(0.4245315820891806), 'lambda_l1': np.float64(1.2696829074606062), 'lambda_l2': np.float64(2.357431298545877), 'learning_rate': np.float64(0.9499271628469113), 'max_depth': 29, 'min_child_samples': 100, 'min_child_weight': 15, 'n_estimators': 57, 'num_leaves': 169}",0.5425423929354249,28,0.4245315820891806,1.2696829074606062,2.357431298545877,0.9499271628469113,29,100,15,57,169
16,12,0.4797176465036309,0.03856837523542052,0.9740794753315407,0.0029138859590937946,"{'bagging_fraction': np.float64(0.944437681014007), 'bagging_freq': 46, 'feature_fraction': np.float64(0.4636525081992193), 'lambda_l1': np.float64(0.6177298264993791), 'lambda_l2': np.float64(1.8652560764481876), 'learning_rate': np.float64(0.1837557003460444), 'max_depth': 24, 'min_child_samples': 116, 'min_child_weight': 9, 'n_estimators': 50, 'num_leaves': 118}",0.944437681014007,46,0.4636525081992193,0.6177298264993791,1.8652560764481876,0.1837557003460444,24,116,9,50,118
16,13,0.44349005407119435,0.03272053713620511,0.9171802035375386,0.04124624430865184,"{'bagging_fraction': np.float64(0.7788908882402967), 'bagging_freq': 64, 'feature_fraction': np.float64(0.581214385968624), 'lambda_l1': np.float64(1.7969205188693436), 'lambda_l2': np.float64(1.020217934724802), 'learning_rate': np.float64(0.36720509578049954), 'max_depth': 21, 'min_child_samples': 108, 'min_child_weight': 6, 'n_estimators': 101, 'num_leaves': 78}",0.7788908882402967,64,0.581214385968624,1.7969205188693436,1.020217934724802,0.36720509578049954,21,108,6,101,78
16,14,0.45421332836843276,0.0385987439031174,0.9884542488584088,0.002299348184850815,"{'bagging_fraction': np.float64(0.7492357916173), 'bagging_freq': 31, 'feature_fraction': np.float64(0.5405887891668584), 'lambda_l1': np.float64(1.1953952325097332), 'lambda_l2': np.float64(1.8473327794038714), 'learning_rate': np.float64(0.49446416227956924), 'max_depth': 18, 'min_child_samples': 109, 'min_child_weight': 6, 'n_estimators': 112, 'num_leaves': 50}",0.7492357916173,31,0.5405887891668584,1.1953952325097332,1.8473327794038714,0.49446416227956924,18,109,6,112,50
16,15,0.36810548347090083,0.023568698019405317,0.9292499384051022,0.003945935831061522,"{'bagging_fraction': np.float64(0.7210864408566258), 'bagging_freq': 53, 'feature_fraction': np.float64(0.20277596637169706), 'lambda_l1': np.float64(0.9329599897663936), 'lambda_l2': np.float64(1.0264492360324626), 'learning_rate': np.float64(0.8410784599463812), 'max_depth': 14, 'min_child_samples': 86, 'min_child_weight': 10, 'n_estimators': 90, 'num_leaves': 198}",0.7210864408566258,53,0.20277596637169706,0.9329599897663936,1.0264492360324626,0.8410784599463812,14,86,10,90,198
16,16,0.3802362001616744,0.03728643774426039,0.9821532425859918,0.001882499307397525,"{'bagging_fraction': np.float64(0.8688460250142817), 'bagging_freq': 51, 'feature_fraction': np.float64(0.17054049207731206), 'lambda_l1': np.float64(1.9293344201713638), 'lambda_l2': np.float64(1.8500140506120135), 'learning_rate': np.float64(1.063430022533751), 'max_depth': 29, 'min_child_samples': 56, 'min_child_weight': 12, 'n_estimators': 138, 'num_leaves': 112}",0.8688460250142817,51,0.17054049207731206,1.9293344201713638,1.8500140506120135,1.063430022533751,29,56,12,138,112
16,17,0.396273903587704,0.02147750123748962,0.8739268132801327,0.040364364896966216,"{'bagging_fraction': np.float64(0.7399724804324136), 'bagging_freq': 61, 'feature_fraction': np.float64(0.5029409953884721), 'lambda_l1': np.float64(1.5082420031518071), 'lambda_l2': np.float64(2.287582932712513), 'learning_rate': np.float64(0.741150238940703), 'max_depth': 29, 'min_child_samples': 107, 'min_child_weight': 4, 'n_estimators': 123, 'num_leaves': 149}",0.7399724804324136,61,0.5029409953884721,1.5082420031518071,2.287582932712513,0.741150238940703,29,107,4,123,149
16,18,0.3932814393231801,0.024060856373826225,0.8354833003992903,0.006556249118652704,"{'bagging_fraction': np.float64(0.6100208556492511), 'bagging_freq': 43, 'feature_fraction': np.float64(0.5227910475175702), 'lambda_l1': np.float64(1.2980920517531858), 'lambda_l2': np.float64(1.771326350698959), 'learning_rate': np.float64(0.3219744028907524), 'max_depth': 17, 'min_child_samples': 107, 'min_child_weight': 15, 'n_estimators': 70, 'num_leaves': 167}",0.6100208556492511,43,0.5227910475175702,1.2980920517531858,1.771326350698959,0.3219744028907524,17,107,15,70,167
16,19,0.38294975996913505,0.044596739529404884,0.9678590583592166,0.003003999858356126,"{'bagging_fraction': np.float64(0.8670933433952502), 'bagging_freq': 41, 'feature_fraction': np.float64(0.1638015986171605), 'lambda_l1': np.float64(1.3188905027058304), 'lambda_l2': np.float64(2.2581889039343195), 'learning_rate': np.float64(0.8172448792906832), 'max_depth': 18, 'min_child_samples': 52, 'min_child_weight': 13, 'n_estimators': 73, 'num_leaves': 110}",0.8670933433952502,41,0.1638015986171605,1.3188905027058304,2.2581889039343195,0.8172448792906832,18,52,13,73,110
17,0,0.25826852009334045,0.02042434561653135,0.6283326080306304,0.007464043830875943,"{'bagging_fraction': np.float64(0.5318317826991602), 'bagging_freq': 62, 'feature_fraction': np.float64(0.2162946520895441), 'lambda_l1': np.float64(1.6187187481570653), 'lambda_l2': np.float64(1.1321582005137736), 'learning_rate': np.float64(0.8020049977997458), 'max_depth': 15, 'min_child_samples': 74, 'min_child_weight': 19, 'n_estimators': 50, 'num_leaves': 160}",0.5318317826991602,62,0.2162946520895441,1.6187187481570653,1.1321582005137736,0.8020049977997458,15,74,19,50,160
17,1,0.30461240450267296,0.008638627043488912,0.641171665742454,0.010797700428670017,"{'bagging_fraction': np.float64(0.5038001925441824), 'bagging_freq': 36, 'feature_fraction': np.float64(0.3541505749891498), 'lambda_l1': np.float64(1.985778545894966), 'lambda_l2': np.float64(2.0726868820243), 'learning_rate': np.float64(0.19864775096237822), 'max_depth': 15, 'min_child_samples': 74, 'min_child_weight': 20, 'n_estimators': 103, 'num_leaves': 112}",0.5038001925441824,36,0.3541505749891498,1.985778545894966,2.0726868820243,0.19864775096237822,15,74,20,103,112
17,2,0.4142280576629049,0.019100997923977413,0.9412767987827785,0.0027812005186020465,"{'bagging_fraction': np.float64(0.8315709285614115), 'bagging_freq': 53, 'feature_fraction': np.float64(0.23894530580200982), 'lambda_l1': np.float64(0.9180660148325703), 'lambda_l2': np.float64(2.109385134387196), 'learning_rate': np.float64(0.5702851766176656), 'max_depth': 27, 'min_child_samples': 56, 'min_child_weight': 14, 'n_estimators': 66, 'num_leaves': 112}",0.8315709285614115,53,0.23894530580200982,0.9180660148325703,2.109385134387196,0.5702851766176656,27,56,14,66,112
17,3,0.2805303300756056,0.010847994749096382,0.7075011033159896,0.00544160416540974,"{'bagging_fraction': np.float64(0.5053022308175571), 'bagging_freq': 64, 'feature_fraction': np.float64(0.4256146703547897), 'lambda_l1': np.float64(1.3382813221251713), 'lambda_l2': np.float64(1.559173170327982), 'learning_rate': np.float64(0.4352695869377081), 'max_depth': 21, 'min_child_samples': 105, 'min_child_weight': 21, 'n_estimators': 149, 'num_leaves': 122}",0.5053022308175571,64,0.4256146703547897,1.3382813221251713,1.559173170327982,0.4352695869377081,21,105,21,149,122
17,4,0.459160705937793,0.02936612937879806,0.9449278998326507,0.004732793567634949,"{'bagging_fraction': np.float64(0.7203648018409405), 'bagging_freq': 63, 'feature_fraction': np.float64(0.5075712492363906), 'lambda_l1': np.float64(1.1733640917818033), 'lambda_l2': np.float64(2.0526715145325696), 'learning_rate': np.float64(0.15310592681059212), 'max_depth': 16, 'min_child_samples': 70, 'min_child_weight': 9, 'n_estimators': 110, 'num_leaves': 118}",0.7203648018409405,63,0.5075712492363906,1.1733640917818033,2.0526715145325696,0.15310592681059212,16,70,9,110,118
17,5,0.42281382674280144,0.027195972878632537,0.9986766478655695,0.0006465460739883429,"{'bagging_fraction': np.float64(0.8666202685749665), 'bagging_freq': 11, 'feature_fraction': np.float64(0.18852581566378382), 'lambda_l1': np.float64(1.0392544531091004), 'lambda_l2': np.float64(1.8783839763160932), 'learning_rate': np.float64(1.014708259625013), 'max_depth': 24, 'min_child_samples': 52, 'min_child_weight': 4, 'n_estimators': 130, 'num_leaves': 158}",0.8666202685749665,11,0.18852581566378382,1.0392544531091004,1.8783839763160932,1.014708259625013,24,52,4,130,158
17,6,0.33675733420852555,0.022651482789998872,0.9657322681651923,0.003723170744909793,"{'bagging_fraction': np.float64(0.774010737468579), 'bagging_freq': 12, 'feature_fraction': np.float64(0.5584288692014687), 'lambda_l1': np.float64(1.0005910673860248), 'lambda_l2': np.float64(1.5982933048605108), 'learning_rate': np.float64(0.7787952762705947), 'max_depth': 29, 'min_child_samples': 110, 'min_child_weight': 21, 'n_estimators': 98, 'num_leaves': 83}",0.774010737468579,12,0.5584288692014687,1.0005910673860248,1.5982933048605108,0.7787952762705947,29,110,21,98,83
17,7,0.43704516986788733,0.02673311094929644,0.9930636175656403,0.001434389259437096,"{'bagging_fraction': np.float64(0.912116439680875), 'bagging_freq': 57, 'feature_fraction': np.float64(0.24280446318525165), 'lambda_l1': np.float64(1.1694886401704498), 'lambda_l2': np.float64(2.123329311802075), 'learning_rate': np.float64(0.5718760609223121), 'max_depth': 14, 'min_child_samples': 68, 'min_child_weight': 13, 'n_estimators': 147, 'num_leaves': 72}",0.912116439680875,57,0.24280446318525165,1.1694886401704498,2.123329311802075,0.5718760609223121,14,68,13,147,72
17,8,0.37990443072169866,0.03913183045837489,0.9891147902491826,0.0019587182772647094,"{'bagging_fraction': np.float64(0.7649650082598143), 'bagging_freq': 12, 'feature_fraction': np.float64(0.3896762458767685), 'lambda_l1': np.float64(1.5082731122827897), 'lambda_l2': np.float64(1.1258649941581038), 'learning_rate': np.float64(0.8063474211104288), 'max_depth': 21, 'min_child_samples': 108, 'min_child_weight': 12, 'n_estimators': 82, 'num_leaves': 103}",0.7649650082598143,12,0.3896762458767685,1.5082731122827897,1.1258649941581038,0.8063474211104288,21,108,12,82,103
17,9,0.4478018673824796,0.018116216354967934,0.9763465071510591,0.0015425102153810658,"{'bagging_fraction': np.float64(0.9156821119761944), 'bagging_freq': 42, 'feature_fraction': np.float64(0.23762376081030037), 'lambda_l1': np.float64(0.5031570959440004), 'lambda_l2': np.float64(1.2946220462542732), 'learning_rate': np.float64(0.4103313560725421), 'max_depth': 17, 'min_child_samples': 73, 'min_child_weight': 12, 'n_estimators': 60, 'num_leaves': 142}",0.9156821119761944,42,0.23762376081030037,0.5031570959440004,1.2946220462542732,0.4103313560725421,17,73,12,60,142
17,10,0.3266099354301174,0.034278160711526236,0.9161060413514852,0.0032996755395996455,"{'bagging_fraction': np.float64(0.6608035386749872), 'bagging_freq': 35, 'feature_fraction': np.float64(0.5654510048966487), 'lambda_l1': np.float64(0.7611762447687208), 'lambda_l2': np.float64(1.5942075590405334), 'learning_rate': np.float64(0.995139879867775), 'max_depth': 28, 'min_child_samples': 112, 'min_child_weight': 11, 'n_estimators': 96, 'num_leaves': 97}",0.6608035386749872,35,0.5654510048966487,0.7611762447687208,1.5942075590405334,0.995139879867775,28,112,11,96,97
17,11,0.3639910819826143,0.024199208348445658,0.8421220653440951,0.006294507854513736,"{'bagging_fraction': np.float64(0.6771189238096915), 'bagging_freq': 53, 'feature_fraction': np.float64(0.3391784894149439), 'lambda_l1': np.float64(1.3183479773947815), 'lambda_l2': np.float64(1.6910057960280174), 'learning_rate': np.float64(0.782864915149721), 'max_depth': 10, 'min_child_samples': 66, 'min_child_weight': 12, 'n_estimators': 60, 'num_leaves': 106}",0.6771189238096915,53,0.3391784894149439,1.3183479773947815,1.6910057960280174,0.782864915149721,10,66,12,60,106
17,12,0.2556293087071716,0.02082567004512624,0.8124350790009631,0.007082886938936401,"{'bagging_fraction': np.float64(0.58375007043221), 'bagging_freq': 17, 'feature_fraction': np.float64(0.3979037657632496), 'lambda_l1': np.float64(0.7336825079760586), 'lambda_l2': np.float64(2.1012527451086056), 'learning_rate': np.float64(0.813762182172547), 'max_depth': 19, 'min_child_samples': 82, 'min_child_weight': 21, 'n_estimators': 109, 'num_leaves': 120}",0.58375007043221,17,0.3979037657632496,0.7336825079760586,2.1012527451086056,0.813762182172547,19,82,21,109,120
17,13,0.3489313475097001,0.04528635006216233,0.8949568930785107,0.006756396709489506,"{'bagging_fraction': np.float64(0.6408307717388023), 'bagging_freq': 68, 'feature_fraction': np.float64(0.46103371898264145), 'lambda_l1': np.float64(0.8615984916094825), 'lambda_l2': np.float64(2.043359934792243), 'learning_rate': np.float64(0.7720048139839829), 'max_depth': 29, 'min_child_samples': 74, 'min_child_weight': 9, 'n_estimators': 128, 'num_leaves': 101}",0.6408307717388023,68,0.46103371898264145,0.8615984916094825,2.043359934792243,0.7720048139839829,29,74,9,128,101
17,14,0.35481179573490323,0.0294017710958648,0.9753372369559357,0.001916430705910502,"{'bagging_fraction': np.float64(0.866904075447352), 'bagging_freq': 68, 'feature_fraction': np.float64(0.5615317988993662), 'lambda_l1': np.float64(1.5609946069534126), 'lambda_l2': np.float64(1.589316193569913), 'learning_rate': np.float64(0.9744784997489642), 'max_depth': 10, 'min_child_samples': 63, 'min_child_weight': 16, 'n_estimators': 149, 'num_leaves': 104}",0.866904075447352,68,0.5615317988993662,1.5609946069534126,1.589316193569913,0.9744784997489642,10,63,16,149,104
17,15,0.4052631426645167,0.02578484992989726,0.9537956207137684,0.0028226268431295626,"{'bagging_fraction': np.float64(0.9344215308058639), 'bagging_freq': 36, 'feature_fraction': np.float64(0.5612268798037896), 'lambda_l1': np.float64(0.6016419677439353), 'lambda_l2': np.float64(1.67306400278105), 'learning_rate': np.float64(0.6922954682054179), 'max_depth': 22, 'min_child_samples': 90, 'min_child_weight': 16, 'n_estimators': 36, 'num_leaves': 112}",0.9344215308058639,36,0.5612268798037896,0.6016419677439353,1.67306400278105,0.6922954682054179,22,90,16,36,112
17,16,0.48072407548863516,0.03321319137597086,0.9796414441944645,0.0030810344459466198,"{'bagging_fraction': np.float64(0.7374774887011079), 'bagging_freq': 50, 'feature_fraction': np.float64(0.10647598647059561), 'lambda_l1': np.float64(1.5961204959831858), 'lambda_l2': np.float64(2.4778575998180647), 'learning_rate': np.float64(0.2858974228459008), 'max_depth': 24, 'min_child_samples': 98, 'min_child_weight': 6, 'n_estimators': 147, 'num_leaves': 151}",0.7374774887011079,50,0.10647598647059561,1.5961204959831858,2.4778575998180647,0.2858974228459008,24,98,6,147,151
17,17,0.5192551438849977,0.029039773732163893,0.9986781799224843,0.0007076333293307794,"{'bagging_fraction': np.float64(0.8849060927721962), 'bagging_freq': 29, 'feature_fraction': np.float64(0.47430927136920875), 'lambda_l1': np.float64(0.8497537548908722), 'lambda_l2': np.float64(1.8488649871290401), 'learning_rate': np.float64(0.2551876985594319), 'max_depth': 27, 'min_child_samples': 107, 'min_child_weight': 4, 'n_estimators': 105, 'num_leaves': 160}",0.8849060927721962,29,0.47430927136920875,0.8497537548908722,1.8488649871290401,0.2551876985594319,27,107,4,105,160
17,18,0.37326133986926385,0.036488381946855594,0.930539974315064,0.006298404123518829,"{'bagging_fraction': np.float64(0.6034761857727576), 'bagging_freq': 47, 'feature_fraction': np.float64(0.21728264269550493), 'lambda_l1': np.float64(1.4504568783592937), 'lambda_l2': np.float64(1.8108509142657945), 'learning_rate': np.float64(0.6103117159363077), 'max_depth': 10, 'min_child_samples': 72, 'min_child_weight': 11, 'n_estimators': 147, 'num_leaves': 50}",0.6034761857727576,47,0.21728264269550493,1.4504568783592937,1.8108509142657945,0.6103117159363077,10,72,11,147,50
17,19,0.41179385762613385,0.03680963249571109,0.9935636633882167,0.001793444459502766,"{'bagging_fraction': np.float64(0.8682577494993646), 'bagging_freq': 34, 'feature_fraction': np.float64(0.5174529852944534), 'lambda_l1': np.float64(0.9019025202626845), 'lambda_l2': np.float64(1.6388785765110987), 'learning_rate': np.float64(0.6086373960100488), 'max_depth': 11, 'min_child_samples': 95, 'min_child_weight': 13, 'n_estimators': 124, 'num_leaves': 76}",0.8682577494993646,34,0.5174529852944534,0.9019025202626845,1.6388785765110987,0.6086373960100488,11,95,13,124,76
18,0,0.4375662951722298,0.04727626312058558,0.9229122780832373,0.006059364314191462,"{'bagging_fraction': np.float64(0.6572834358675469), 'bagging_freq': 46, 'feature_fraction': np.float64(0.14206546675399787), 'lambda_l1': np.float64(1.9213960460576036), 'lambda_l2': np.float64(2.2702529251590247), 'learning_rate': np.float64(0.3740668641561561), 'max_depth': 11, 'min_child_samples': 59, 'min_child_weight': 8, 'n_estimators': 89, 'num_leaves': 90}",0.6572834358675469,46,0.14206546675399787,1.9213960460576036,2.2702529251590247,0.3740668641561561,11,59,8,89,90
18,1,0.3639121045592086,0.02626685380063711,0.930093320681235,0.00508423081907794,"{'bagging_fraction': np.float64(0.6787471638626127), 'bagging_freq': 60, 'feature_fraction': np.float64(0.11833015433335728), 'lambda_l1': np.float64(1.4873823285735406), 'lambda_l2': np.float64(1.7372872393855436), 'learning_rate': np.float64(0.7678050552390139), 'max_depth': 15, 'min_child_samples': 78, 'min_child_weight': 13, 'n_estimators': 148, 'num_leaves': 65}",0.6787471638626127,60,0.11833015433335728,1.4873823285735406,1.7372872393855436,0.7678050552390139,15,78,13,148,65
18,2,0.3292661639534392,0.035236463444390874,0.8934136720751316,0.0033056556947933962,"{'bagging_fraction': np.float64(0.5879577718748481), 'bagging_freq': 33, 'feature_fraction': np.float64(0.2702589321251384), 'lambda_l1': np.float64(0.5152755798505193), 'lambda_l2': np.float64(2.3381667870183023), 'learning_rate': np.float64(0.9668031530699213), 'max_depth': 21, 'min_child_samples': 71, 'min_child_weight': 7, 'n_estimators': 74, 'num_leaves': 66}",0.5879577718748481,33,0.2702589321251384,0.5152755798505193,2.3381667870183023,0.9668031530699213,21,71,7,74,66
18,3,0.37625286599702557,0.0094005829466028,0.8835087267568674,0.0027693288782698238,"{'bagging_fraction': np.float64(0.547341894183753), 'bagging_freq': 14, 'feature_fraction': np.float64(0.5648785102618025), 'lambda_l1': np.float64(1.9547125359067066), 'lambda_l2': np.float64(1.8287765682745638), 'learning_rate': np.float64(0.45625528001900195), 'max_depth': 26, 'min_child_samples': 87, 'min_child_weight': 14, 'n_estimators': 74, 'num_leaves': 120}",0.547341894183753,14,0.5648785102618025,1.9547125359067066,1.8287765682745638,0.45625528001900195,26,87,14,74,120
18,4,0.500677176158333,0.018312680095974632,0.9952980390303299,0.0010238469248378182,"{'bagging_fraction': np.float64(0.8112986368545843), 'bagging_freq': 32, 'feature_fraction': np.float64(0.5296279124914602), 'lambda_l1': np.float64(1.7288952470978622), 'lambda_l2': np.float64(1.9583499202746055), 'learning_rate': np.float64(0.14041365328122038), 'max_depth': 19, 'min_child_samples': 68, 'min_child_weight': 9, 'n_estimators': 144, 'num_leaves': 54}",0.8112986368545843,32,0.5296279124914602,1.7288952470978622,1.9583499202746055,0.14041365328122038,19,68,9,144,54
18,5,0.4564639764758368,0.024984373006542403,0.9841419139478276,0.002906657821045192,"{'bagging_fraction': np.float64(0.6496579405112869), 'bagging_freq': 13, 'feature_fraction': np.float64(0.30322576554336567), 'lambda_l1': np.float64(0.6208836731439039), 'lambda_l2': np.float64(1.050233507505308), 'learning_rate': np.float64(0.3358118233242984), 'max_depth': 22, 'min_child_samples': 69, 'min_child_weight': 5, 'n_estimators': 62, 'num_leaves': 129}",0.6496579405112869,13,0.30322576554336567,0.6208836731439039,1.050233507505308,0.3358118233242984,22,69,5,62,129
18,6,0.4004833747843507,0.023465364494509502,0.8680170110099539,0.007123581278077344,"{'bagging_fraction': np.float64(0.612933887213511), 'bagging_freq': 41, 'feature_fraction': np.float64(0.27442049947390024), 'lambda_l1': np.float64(1.6315717086205532), 'lambda_l2': np.float64(1.3595651218378726), 'learning_rate': np.float64(0.3377641357574802), 'max_depth': 12, 'min_child_samples': 79, 'min_child_weight': 13, 'n_estimators': 74, 'num_leaves': 76}",0.612933887213511,41,0.27442049947390024,1.6315717086205532,1.3595651218378726,0.3377641357574802,12,79,13,74,76
18,7,0.3861669881644284,0.04885732271586615,0.99775774904917,0.0012705110397763075,"{'bagging_fraction': np.float64(0.6426124541996031), 'bagging_freq': 10, 'feature_fraction': np.float64(0.5274493834608875), 'lambda_l1': np.float64(1.1214039916943543), 'lambda_l2': np.float64(1.9763847379945731), 'learning_rate': np.float64(0.9077710428476696), 'max_depth': 21, 'min_child_samples': 55, 'min_child_weight': 6, 'n_estimators': 126, 'num_leaves': 135}",0.6426124541996031,10,0.5274493834608875,1.1214039916943543,1.9763847379945731,0.9077710428476696,21,55,6,126,135
18,8,0.5011936359597089,0.01493723305109269,0.9807852858884398,0.003157174127493518,"{'bagging_fraction': np.float64(0.9499058046593818), 'bagging_freq': 46, 'feature_fraction': np.float64(0.11261532611028566), 'lambda_l1': np.float64(0.6888181070783408), 'lambda_l2': np.float64(2.275150979150595), 'learning_rate': np.float64(0.10286139430554866), 'max_depth': 11, 'min_child_samples': 106, 'min_child_weight': 11, 'n_estimators': 82, 'num_leaves': 67}",0.9499058046593818,46,0.11261532611028566,0.6888181070783408,2.275150979150595,0.10286139430554866,11,106,11,82,67
18,9,0.3810386872466946,0.03363131261128131,0.9178882894673622,0.0027605102941936827,"{'bagging_fraction': np.float64(0.8565077838896691), 'bagging_freq': 55, 'feature_fraction': np.float64(0.12876051073794634), 'lambda_l1': np.float64(0.7074409965006123), 'lambda_l2': np.float64(1.311943730795214), 'learning_rate': np.float64(0.9349349619688564), 'max_depth': 22, 'min_child_samples': 71, 'min_child_weight': 14, 'n_estimators': 55, 'num_leaves': 73}",0.8565077838896691,55,0.12876051073794634,0.7074409965006123,1.311943730795214,0.9349349619688564,22,71,14,55,73
18,10,0.4489719194058971,0.017679163147630877,0.9439843135611765,0.007126029398046327,"{'bagging_fraction': np.float64(0.8573858902738709), 'bagging_freq': 51, 'feature_fraction': np.float64(0.20843425568899962), 'lambda_l1': np.float64(1.7525176413112646), 'lambda_l2': np.float64(2.479890639118487), 'learning_rate': np.float64(0.31111947037667087), 'max_depth': 19, 'min_child_samples': 72, 'min_child_weight': 16, 'n_estimators': 66, 'num_leaves': 140}",0.8573858902738709,51,0.20843425568899962,1.7525176413112646,2.479890639118487,0.31111947037667087,19,72,16,66,140
18,11,0.3698113838882423,0.017282963390030055,0.9829969709941417,0.001959670676167729,"{'bagging_fraction': np.float64(0.8440527435615897), 'bagging_freq': 27, 'feature_fraction': np.float64(0.35714210255320256), 'lambda_l1': np.float64(0.6575958330078022), 'lambda_l2': np.float64(1.3719477601332715), 'learning_rate': np.float64(1.0277655956593246), 'max_depth': 11, 'min_child_samples': 105, 'min_child_weight': 8, 'n_estimators': 58, 'num_leaves': 51}",0.8440527435615897,27,0.35714210255320256,0.6575958330078022,1.3719477601332715,1.0277655956593246,11,105,8,58,51
18,12,0.4676268357791944,0.0409825394728719,0.9930945243395118,0.0008034119597857374,"{'bagging_fraction': np.float64(0.9392069293866201), 'bagging_freq': 27, 'feature_fraction': np.float64(0.3020459134754172), 'lambda_l1': np.float64(1.7439022106853281), 'lambda_l2': np.float64(1.3927812085302826), 'learning_rate': np.float64(0.2440743132268112), 'max_depth': 15, 'min_child_samples': 50, 'min_child_weight': 13, 'n_estimators': 77, 'num_leaves': 162}",0.9392069293866201,27,0.3020459134754172,1.7439022106853281,1.3927812085302826,0.2440743132268112,15,50,13,77,162
18,13,0.34466435874781104,0.03858998007374952,0.9341246364769893,0.004848261141283409,"{'bagging_fraction': np.float64(0.7792656571958585), 'bagging_freq': 48, 'feature_fraction': np.float64(0.44786187746084094), 'lambda_l1': np.float64(1.1662523589729594), 'lambda_l2': np.float64(1.643150928878714), 'learning_rate': np.float64(0.9911387440595391), 'max_depth': 11, 'min_child_samples': 107, 'min_child_weight': 12, 'n_estimators': 70, 'num_leaves': 109}",0.7792656571958585,48,0.44786187746084094,1.1662523589729594,1.643150928878714,0.9911387440595391,11,107,12,70,109
18,14,0.3543333762476689,0.03362417704071819,0.8224982968170901,0.008228886792334385,"{'bagging_fraction': np.float64(0.5029640589458301), 'bagging_freq': 47, 'feature_fraction': np.float64(0.5993056043504237), 'lambda_l1': np.float64(1.4831843975787122), 'lambda_l2': np.float64(1.470379990083355), 'learning_rate': np.float64(0.5050488997795266), 'max_depth': 14, 'min_child_samples': 55, 'min_child_weight': 9, 'n_estimators': 74, 'num_leaves': 72}",0.5029640589458301,47,0.5993056043504237,1.4831843975787122,1.470379990083355,0.5050488997795266,14,55,9,74,72
18,15,0.36034542060577096,0.023625430340792994,0.7589740671440406,0.015795992225006113,"{'bagging_fraction': np.float64(0.6376705743232893), 'bagging_freq': 45, 'feature_fraction': np.float64(0.43360130567013666), 'lambda_l1': np.float64(1.0000376235429131), 'lambda_l2': np.float64(1.3360300850142226), 'learning_rate': np.float64(0.13677160762453347), 'max_depth': 25, 'min_child_samples': 118, 'min_child_weight': 18, 'n_estimators': 69, 'num_leaves': 147}",0.6376705743232893,45,0.43360130567013666,1.0000376235429131,1.3360300850142226,0.13677160762453347,25,118,18,69,147
18,16,0.49502328364538994,0.047594800829147146,0.9960323311366233,0.001103909492096269,"{'bagging_fraction': np.float64(0.8633249546787107), 'bagging_freq': 25, 'feature_fraction': np.float64(0.5094354784270199), 'lambda_l1': np.float64(1.5236499985756922), 'lambda_l2': np.float64(1.7687730658596474), 'learning_rate': np.float64(0.26183126472904794), 'max_depth': 18, 'min_child_samples': 93, 'min_child_weight': 10, 'n_estimators': 102, 'num_leaves': 124}",0.8633249546787107,25,0.5094354784270199,1.5236499985756922,1.7687730658596474,0.26183126472904794,18,93,10,102,124
18,17,0.45659074959055446,0.01990179134035162,0.9718368909171289,0.003276523544396086,"{'bagging_fraction': np.float64(0.8558804631060813), 'bagging_freq': 13, 'feature_fraction': np.float64(0.5585554209721123), 'lambda_l1': np.float64(1.8446029893839484), 'lambda_l2': np.float64(2.1363131302414375), 'learning_rate': np.float64(0.14457501575544), 'max_depth': 10, 'min_child_samples': 58, 'min_child_weight': 16, 'n_estimators': 93, 'num_leaves': 75}",0.8558804631060813,13,0.5585554209721123,1.8446029893839484,2.1363131302414375,0.14457501575544,10,58,16,93,75
18,18,0.32959809993567973,0.029321427397538076,0.955615581569516,0.001892864725679441,"{'bagging_fraction': np.float64(0.6511222592631954), 'bagging_freq': 24, 'feature_fraction': np.float64(0.5255872210695519), 'lambda_l1': np.float64(1.129841491603748), 'lambda_l2': np.float64(1.1766319949645483), 'learning_rate': np.float64(1.0276917446526987), 'max_depth': 15, 'min_child_samples': 97, 'min_child_weight': 11, 'n_estimators': 105, 'num_leaves': 94}",0.6511222592631954,24,0.5255872210695519,1.129841491603748,1.1766319949645483,1.0276917446526987,15,97,11,105,94
18,19,0.4178775092835587,0.017280131947183995,0.9499224494691847,0.004047930317624312,"{'bagging_fraction': np.float64(0.736381205821982), 'bagging_freq': 47, 'feature_fraction': np.float64(0.5711484003707452), 'lambda_l1': np.float64(1.9187989996318207), 'lambda_l2': np.float64(2.311418076578987), 'learning_rate': np.float64(0.50052368889805), 'max_depth': 14, 'min_child_samples': 70, 'min_child_weight': 14, 'n_estimators': 122, 'num_leaves': 193}",0.736381205821982,47,0.5711484003707452,1.9187989996318207,2.311418076578987,0.50052368889805,14,70,14,122,193
19,0,0.3759498174631634,0.03192398356600574,0.7146784284995987,0.007658582552827247,"{'bagging_fraction': np.float64(0.5293731029696821), 'bagging_freq': 55, 'feature_fraction': np.float64(0.14306113975513848), 'lambda_l1': np.float64(0.6386406830586551), 'lambda_l2': np.float64(2.308517519804467), 'learning_rate': np.float64(0.4743825733018838), 'max_depth': 16, 'min_child_samples': 59, 'min_child_weight': 6, 'n_estimators': 36, 'num_leaves': 125}",0.5293731029696821,55,0.14306113975513848,0.6386406830586551,2.308517519804467,0.4743825733018838,16,59,6,36,125
19,1,0.42349705322058295,0.026269614515142262,0.89294109054616,0.003071340072239081,"{'bagging_fraction': np.float64(0.6108603563477901), 'bagging_freq': 69, 'feature_fraction': np.float64(0.40758435535345283), 'lambda_l1': np.float64(1.2500174025974635), 'lambda_l2': np.float64(2.2354731141665076), 'learning_rate': np.float64(0.3098613662387282), 'max_depth': 11, 'min_child_samples': 107, 'min_child_weight': 11, 'n_estimators': 120, 'num_leaves': 64}",0.6108603563477901,69,0.40758435535345283,1.2500174025974635,2.2354731141665076,0.3098613662387282,11,107,11,120,64
19,2,0.3740743968255379,0.011586382165625677,0.7698599117932279,0.007189895943317747,"{'bagging_fraction': np.float64(0.5156816472074536), 'bagging_freq': 20, 'feature_fraction': np.float64(0.40961659365224723), 'lambda_l1': np.float64(1.0375793678406124), 'lambda_l2': np.float64(1.7556164233012161), 'learning_rate': np.float64(0.16301342933936117), 'max_depth': 27, 'min_child_samples': 116, 'min_child_weight': 16, 'n_estimators': 89, 'num_leaves': 137}",0.5156816472074536,20,0.40961659365224723,1.0375793678406124,1.7556164233012161,0.16301342933936117,27,116,16,89,137
19,3,0.3862598577757096,0.03215237238647783,0.9166352007150212,0.007936950887311523,"{'bagging_fraction': np.float64(0.7248218212389744), 'bagging_freq': 49, 'feature_fraction': np.float64(0.469133369249087), 'lambda_l1': np.float64(1.8078882202400286), 'lambda_l2': np.float64(2.43236732304492), 'learning_rate': np.float64(0.44542817963567616), 'max_depth': 20, 'min_child_samples': 100, 'min_child_weight': 19, 'n_estimators': 125, 'num_leaves': 77}",0.7248218212389744,49,0.469133369249087,1.8078882202400286,2.43236732304492,0.44542817963567616,20,100,19,125,77
19,4,0.34964467533566573,0.034506238281357036,0.8976111460187013,0.005286874277929584,"{'bagging_fraction': np.float64(0.5657639791973569), 'bagging_freq': 35, 'feature_fraction': np.float64(0.5044171749642377), 'lambda_l1': np.float64(0.6949910768063747), 'lambda_l2': np.float64(1.24849026708053), 'learning_rate': np.float64(0.7142499417773379), 'max_depth': 14, 'min_child_samples': 94, 'min_child_weight': 9, 'n_estimators': 100, 'num_leaves': 162}",0.5657639791973569,35,0.5044171749642377,0.6949910768063747,1.24849026708053,0.7142499417773379,14,94,9,100,162
19,5,0.37051015931913867,0.013233172522148616,0.8859894863953028,0.004309404321056612,"{'bagging_fraction': np.float64(0.5955218871056057), 'bagging_freq': 16, 'feature_fraction': np.float64(0.5721514149519387), 'lambda_l1': np.float64(1.4521336695696316), 'lambda_l2': np.float64(1.5362018729596296), 'learning_rate': np.float64(0.2912416668878235), 'max_depth': 26, 'min_child_samples': 103, 'min_child_weight': 17, 'n_estimators': 101, 'num_leaves': 116}",0.5955218871056057,16,0.5721514149519387,1.4521336695696316,1.5362018729596296,0.2912416668878235,26,103,17,101,116
19,6,0.35421508252584283,0.03647564709142934,0.9851188384519702,0.00222704690493069,"{'bagging_fraction': np.float64(0.9169838977094509), 'bagging_freq': 51, 'feature_fraction': np.float64(0.4229095150189318), 'lambda_l1': np.float64(1.5636741396799025), 'lambda_l2': np.float64(1.2545634641147982), 'learning_rate': np.float64(0.9201280104349655), 'max_depth': 10, 'min_child_samples': 112, 'min_child_weight': 17, 'n_estimators': 124, 'num_leaves': 138}",0.9169838977094509,51,0.4229095150189318,1.5636741396799025,1.2545634641147982,0.9201280104349655,10,112,17,124,138
19,7,0.33826254399424205,0.008113318015182192,0.8903070348961679,0.0057661622523699115,"{'bagging_fraction': np.float64(0.7472630173666214), 'bagging_freq': 13, 'feature_fraction': np.float64(0.427309023513897), 'lambda_l1': np.float64(1.2233992619226415), 'lambda_l2': np.float64(1.5224609196836014), 'learning_rate': np.float64(0.9804205280302076), 'max_depth': 23, 'min_child_samples': 54, 'min_child_weight': 14, 'n_estimators': 31, 'num_leaves': 113}",0.7472630173666214,13,0.427309023513897,1.2233992619226415,1.5224609196836014,0.9804205280302076,23,54,14,31,113
19,8,0.371164800172863,0.023646515283520995,0.7345089546425855,0.013448522357527724,"{'bagging_fraction': np.float64(0.6603519566001264), 'bagging_freq': 43, 'feature_fraction': np.float64(0.4672681586779347), 'lambda_l1': np.float64(1.0275004686528226), 'lambda_l2': np.float64(2.3518412709718253), 'learning_rate': np.float64(0.15329315807390578), 'max_depth': 25, 'min_child_samples': 94, 'min_child_weight': 15, 'n_estimators': 38, 'num_leaves': 68}",0.6603519566001264,43,0.4672681586779347,1.0275004686528226,2.3518412709718253,0.15329315807390578,25,94,15,38,68
19,9,0.3732959728402714,0.02964318998938688,0.870910328942324,0.009938905846559595,"{'bagging_fraction': np.float64(0.6112759448413068), 'bagging_freq': 29, 'feature_fraction': np.float64(0.26518090782026893), 'lambda_l1': np.float64(1.8456720909958129), 'lambda_l2': np.float64(2.228036572198411), 'learning_rate': np.float64(0.4781519347722403), 'max_depth': 13, 'min_child_samples': 100, 'min_child_weight': 16, 'n_estimators': 88, 'num_leaves': 177}",0.6112759448413068,29,0.26518090782026893,1.8456720909958129,2.228036572198411,0.4781519347722403,13,100,16,88,177
19,10,0.38172334520133255,0.0253175869291577,0.9596558197113975,0.003368305979019916,"{'bagging_fraction': np.float64(0.8079217621309329), 'bagging_freq': 48, 'feature_fraction': np.float64(0.3982566049145242), 'lambda_l1': np.float64(1.7058821501090886), 'lambda_l2': np.float64(1.3279746443503646), 'learning_rate': np.float64(0.7085583192298859), 'max_depth': 19, 'min_child_samples': 95, 'min_child_weight': 17, 'n_estimators': 120, 'num_leaves': 51}",0.8079217621309329,48,0.3982566049145242,1.7058821501090886,1.3279746443503646,0.7085583192298859,19,95,17,120,51
19,11,0.46979452061083915,0.025681016835887846,0.9980810032179537,0.0012225667777984715,"{'bagging_fraction': np.float64(0.8926628334921181), 'bagging_freq': 11, 'feature_fraction': np.float64(0.30277380925494135), 'lambda_l1': np.float64(1.5573071394102795), 'lambda_l2': np.float64(1.057166718714563), 'learning_rate': np.float64(0.5211370434873435), 'max_depth': 11, 'min_child_samples': 73, 'min_child_weight': 4, 'n_estimators': 51, 'num_leaves': 98}",0.8926628334921181,11,0.30277380925494135,1.5573071394102795,1.057166718714563,0.5211370434873435,11,73,4,51,98
19,12,0.4038294953054768,0.03679671554681456,0.9150944724879727,0.004106650696231045,"{'bagging_fraction': np.float64(0.6416177967561795), 'bagging_freq': 24, 'feature_fraction': np.float64(0.1787451503885761), 'lambda_l1': np.float64(0.6061304491201313), 'lambda_l2': np.float64(1.5366292598928635), 'learning_rate': np.float64(0.5200450572810306), 'max_depth': 26, 'min_child_samples': 54, 'min_child_weight': 4, 'n_estimators': 35, 'num_leaves': 89}",0.6416177967561795,24,0.1787451503885761,0.6061304491201313,1.5366292598928635,0.5200450572810306,26,54,4,35,89
19,13,0.3066809163376532,0.029707680754073925,0.7741348596823077,0.011712834305377182,"{'bagging_fraction': np.float64(0.6098308708560454), 'bagging_freq': 36, 'feature_fraction': np.float64(0.5381519912228138), 'lambda_l1': np.float64(1.1422959415945817), 'lambda_l2': np.float64(1.1730500527313232), 'learning_rate': np.float64(0.8252083296858999), 'max_depth': 29, 'min_child_samples': 62, 'min_child_weight': 14, 'n_estimators': 43, 'num_leaves': 145}",0.6098308708560454,36,0.5381519912228138,1.1422959415945817,1.1730500527313232,0.8252083296858999,29,62,14,43,145
19,14,0.3668155839557034,0.025717416103646338,0.9438922501357359,0.00271320687945094,"{'bagging_fraction': np.float64(0.6960967252372265), 'bagging_freq': 28, 'feature_fraction': np.float64(0.2871334543315456), 'lambda_l1': np.float64(0.6420211224109595), 'lambda_l2': np.float64(1.5610961902429217), 'learning_rate': np.float64(0.8124539996658385), 'max_depth': 12, 'min_child_samples': 115, 'min_child_weight': 10, 'n_estimators': 73, 'num_leaves': 147}",0.6960967252372265,28,0.2871334543315456,0.6420211224109595,1.5610961902429217,0.8124539996658385,12,115,10,73,147
19,15,0.4310354812186083,0.02224252593622276,0.9845638432849725,0.003299849937018425,"{'bagging_fraction': np.float64(0.8917008482474026), 'bagging_freq': 59, 'feature_fraction': np.float64(0.11420551118039815), 'lambda_l1': np.float64(1.6311123843127637), 'lambda_l2': np.float64(1.8865233399905381), 'learning_rate': np.float64(0.48520354745184113), 'max_depth': 27, 'min_child_samples': 81, 'min_child_weight': 15, 'n_estimators': 141, 'num_leaves': 117}",0.8917008482474026,59,0.11420551118039815,1.6311123843127637,1.8865233399905381,0.48520354745184113,27,81,15,141,117
19,16,0.4757010893552751,0.026855139128901858,1.0,0.0,"{'bagging_fraction': np.float64(0.9440949294685422), 'bagging_freq': 10, 'feature_fraction': np.float64(0.1697346874004885), 'lambda_l1': np.float64(1.2449068734231215), 'lambda_l2': np.float64(1.9374140370745343), 'learning_rate': np.float64(0.5056614634271903), 'max_depth': 16, 'min_child_samples': 116, 'min_child_weight': 10, 'n_estimators': 88, 'num_leaves': 92}",0.9440949294685422,10,0.1697346874004885,1.2449068734231215,1.9374140370745343,0.5056614634271903,16,116,10,88,92
19,17,0.4170301437229891,0.020285567717465345,0.9802494377045964,0.0020335421064155788,"{'bagging_fraction': np.float64(0.8084057454271683), 'bagging_freq': 55, 'feature_fraction': np.float64(0.5255156772946752), 'lambda_l1': np.float64(1.49167337713315), 'lambda_l2': np.float64(1.8605380629157495), 'learning_rate': np.float64(0.5712865020285844), 'max_depth': 13, 'min_child_samples': 118, 'min_child_weight': 11, 'n_estimators': 144, 'num_leaves': 140}",0.8084057454271683,55,0.5255156772946752,1.49167337713315,1.8605380629157495,0.5712865020285844,13,118,11,144,140
19,18,0.36685900155105483,0.009882593253654044,0.9538242416729166,0.003146828131072035,"{'bagging_fraction': np.float64(0.8342523155922998), 'bagging_freq': 59, 'feature_fraction': np.float64(0.2767394481597485), 'lambda_l1': np.float64(1.2665537937821174), 'lambda_l2': np.float64(2.2681139467594678), 'learning_rate': np.float64(0.5600201895860548), 'max_depth': 22, 'min_child_samples': 78, 'min_child_weight': 21, 'n_estimators': 123, 'num_leaves': 132}",0.8342523155922998,59,0.2767394481597485,1.2665537937821174,2.2681139467594678,0.5600201895860548,22,78,21,123,132
19,19,0.43005387351360885,0.018940662905597816,0.9496526209224745,0.0028454159677593306,"{'bagging_fraction': np.float64(0.9133457397957461), 'bagging_freq': 60, 'feature_fraction': np.float64(0.2719570666402866), 'lambda_l1': np.float64(1.2043421401044359), 'lambda_l2': np.float64(2.0851792680809846), 'learning_rate': np.float64(0.7596454001425353), 'max_depth': 14, 'min_child_samples': 56, 'min_child_weight': 9, 'n_estimators': 43, 'num_leaves': 193}",0.9133457397957461,60,0.2719570666402866,1.2043421401044359,2.0851792680809846,0.7596454001425353,14,56,9,43,193
