search_idx,iteration,mean_test_score,std_test_score,mean_train_score,std_train_score,params,bagging_fraction,bagging_freq,feature_fraction,lambda_l1,lambda_l2,learning_rate,max_depth,min_child_samples,min_child_weight,n_estimators,num_leaves
0,0,0.4415590785456299,0.020316660269041498,0.9904425334827447,0.001512292264940604,"{'bagging_fraction': np.float64(0.76042335351119), 'bagging_freq': 24, 'feature_fraction': np.float64(0.3152050598803724), 'lambda_l1': np.float64(0.6882634184335974), 'lambda_l2': np.float64(1.6511878542432024), 'learning_rate': np.float64(0.3106099966215571), 'max_depth': 10, 'min_child_samples': 56, 'min_child_weight': 12, 'n_estimators': 129, 'num_leaves': 149}",0.76042335351119,24,0.3152050598803724,0.6882634184335974,1.6511878542432024,0.3106099966215571,10,56,12,129,149
0,1,0.37019840338813,0.03210710773761938,0.9897918147482327,0.002367111338172926,"{'bagging_fraction': np.float64(0.8819620387157165), 'bagging_freq': 32, 'feature_fraction': np.float64(0.5714852381301522), 'lambda_l1': np.float64(1.0522804072464313), 'lambda_l2': np.float64(1.8929101451220607), 'learning_rate': np.float64(0.9491231016192226), 'max_depth': 23, 'min_child_samples': 53, 'min_child_weight': 15, 'n_estimators': 111, 'num_leaves': 178}",0.8819620387157165,32,0.5714852381301522,1.0522804072464313,1.8929101451220607,0.9491231016192226,23,53,15,111,178
0,2,0.3164437780881861,0.023327587885432217,0.876905715606663,0.005460118618481472,"{'bagging_fraction': np.float64(0.6096207959462975), 'bagging_freq': 30, 'feature_fraction': np.float64(0.2175929263846844), 'lambda_l1': np.float64(0.5450242292637066), 'lambda_l2': np.float64(1.1879495435901029), 'learning_rate': np.float64(0.6236228488769731), 'max_depth': 26, 'min_child_samples': 108, 'min_child_weight': 18, 'n_estimators': 112, 'num_leaves': 173}",0.6096207959462975,30,0.2175929263846844,0.5450242292637066,1.1879495435901029,0.6236228488769731,26,108,18,112,173
0,3,0.4283219370984094,0.0406372559248234,0.8785246414031633,0.005722453642239903,"{'bagging_fraction': np.float64(0.7811803315775595), 'bagging_freq': 55, 'feature_fraction': np.float64(0.14978162576293755), 'lambda_l1': np.float64(1.8782769451357406), 'lambda_l2': np.float64(1.190051557886326), 'learning_rate': np.float64(0.5552298937200497), 'max_depth': 28, 'min_child_samples': 50, 'min_child_weight': 6, 'n_estimators': 44, 'num_leaves': 52}",0.7811803315775595,55,0.14978162576293755,1.8782769451357406,1.190051557886326,0.5552298937200497,28,50,6,44,52
0,4,0.4721412652694045,0.02029134790278326,0.941919024518983,0.005918229024383245,"{'bagging_fraction': np.float64(0.7265661202970713), 'bagging_freq': 48, 'feature_fraction': np.float64(0.3111025596728191), 'lambda_l1': np.float64(1.8784694223092862), 'lambda_l2': np.float64(1.4709695672690886), 'learning_rate': np.float64(0.12836583782897695), 'max_depth': 29, 'min_child_samples': 59, 'min_child_weight': 10, 'n_estimators': 104, 'num_leaves': 168}",0.7265661202970713,48,0.3111025596728191,1.8784694223092862,1.4709695672690886,0.12836583782897695,29,59,10,104,168
0,5,0.3776687627360559,0.01894200292287776,0.7687444071746006,0.005293821306418825,"{'bagging_fraction': np.float64(0.6091320502602262), 'bagging_freq': 68, 'feature_fraction': np.float64(0.3501656851337156), 'lambda_l1': np.float64(1.9391194252328692), 'lambda_l2': np.float64(1.8203061330366948), 'learning_rate': np.float64(0.5919678700771484), 'max_depth': 18, 'min_child_samples': 65, 'min_child_weight': 5, 'n_estimators': 96, 'num_leaves': 194}",0.6091320502602262,68,0.3501656851337156,1.9391194252328692,1.8203061330366948,0.5919678700771484,18,65,5,96,194
0,6,0.4644676357684361,0.036698544684816904,0.9423792041102124,0.019917295681478833,"{'bagging_fraction': np.float64(0.8663597793091475), 'bagging_freq': 57, 'feature_fraction': np.float64(0.44126849550584824), 'lambda_l1': np.float64(1.9756576780074844), 'lambda_l2': np.float64(1.743135892796945), 'learning_rate': np.float64(0.46041574007493447), 'max_depth': 19, 'min_child_samples': 116, 'min_child_weight': 6, 'n_estimators': 83, 'num_leaves': 150}",0.8663597793091475,57,0.44126849550584824,1.9756576780074844,1.743135892796945,0.46041574007493447,19,116,6,83,150
0,7,0.40751198841063924,0.03159869800241026,0.964496261625152,0.0018384658508740375,"{'bagging_fraction': np.float64(0.7267235288146436), 'bagging_freq': 32, 'feature_fraction': np.float64(0.2968773291561989), 'lambda_l1': np.float64(1.378019936557246), 'lambda_l2': np.float64(1.457044595436874), 'learning_rate': np.float64(0.936452029380392), 'max_depth': 12, 'min_child_samples': 78, 'min_child_weight': 8, 'n_estimators': 84, 'num_leaves': 169}",0.7267235288146436,32,0.2968773291561989,1.378019936557246,1.457044595436874,0.936452029380392,12,78,8,84,169
0,8,0.36613595859522485,0.03931596265083864,0.9772739671829189,0.0031570349990448342,"{'bagging_fraction': np.float64(0.6811421987368482), 'bagging_freq': 24, 'feature_fraction': np.float64(0.4758372651026236), 'lambda_l1': np.float64(1.8113283436903715), 'lambda_l2': np.float64(2.4049012883632224), 'learning_rate': np.float64(0.9771041349426951), 'max_depth': 12, 'min_child_samples': 111, 'min_child_weight': 10, 'n_estimators': 121, 'num_leaves': 199}",0.6811421987368482,24,0.4758372651026236,1.8113283436903715,2.4049012883632224,0.9771041349426951,12,111,10,121,199
0,9,0.3548591998241162,0.03174515542895906,0.9537501467112726,0.0018666187577983382,"{'bagging_fraction': np.float64(0.8885832519151604), 'bagging_freq': 50, 'feature_fraction': np.float64(0.3585697471814434), 'lambda_l1': np.float64(1.4890514745400114), 'lambda_l2': np.float64(1.0557783086736663), 'learning_rate': np.float64(0.9021584366547515), 'max_depth': 11, 'min_child_samples': 58, 'min_child_weight': 21, 'n_estimators': 87, 'num_leaves': 90}",0.8885832519151604,50,0.3585697471814434,1.4890514745400114,1.0557783086736663,0.9021584366547515,11,58,21,87,90
0,10,0.3710954678945305,0.012759073464357746,0.9676669527582454,0.004022707337214496,"{'bagging_fraction': np.float64(0.8234824569234063), 'bagging_freq': 50, 'feature_fraction': np.float64(0.49641476914232496), 'lambda_l1': np.float64(1.6587744550248726), 'lambda_l2': np.float64(2.218924054752539), 'learning_rate': np.float64(0.7499463608907486), 'max_depth': 15, 'min_child_samples': 110, 'min_child_weight': 17, 'n_estimators': 142, 'num_leaves': 61}",0.8234824569234063,50,0.49641476914232496,1.6587744550248726,2.218924054752539,0.7499463608907486,15,110,17,142,61
0,11,0.3931382522350907,0.0278976349258856,0.8222286064411917,0.006423345815517331,"{'bagging_fraction': np.float64(0.6964828074603348), 'bagging_freq': 69, 'feature_fraction': np.float64(0.5562561389839559), 'lambda_l1': np.float64(1.594247552376901), 'lambda_l2': np.float64(1.5751536482586905), 'learning_rate': np.float64(0.7342279679558903), 'max_depth': 20, 'min_child_samples': 111, 'min_child_weight': 7, 'n_estimators': 38, 'num_leaves': 142}",0.6964828074603348,69,0.5562561389839559,1.594247552376901,1.5751536482586905,0.7342279679558903,20,111,7,38,142
0,12,0.35335868995733966,0.015672769262973642,0.8953058266373617,0.0069143819394987555,"{'bagging_fraction': np.float64(0.7407274901677113), 'bagging_freq': 25, 'feature_fraction': np.float64(0.5598899642722401), 'lambda_l1': np.float64(0.8628429333918001), 'lambda_l2': np.float64(2.19367879336471), 'learning_rate': np.float64(1.028911794716908), 'max_depth': 21, 'min_child_samples': 81, 'min_child_weight': 12, 'n_estimators': 37, 'num_leaves': 107}",0.7407274901677113,25,0.5598899642722401,0.8628429333918001,2.19367879336471,1.028911794716908,21,81,12,37,107
0,13,0.3482861100467685,0.019834801758068378,0.8398097797468853,0.0068103544509006365,"{'bagging_fraction': np.float64(0.7288402223298844), 'bagging_freq': 34, 'feature_fraction': np.float64(0.40968353273787406), 'lambda_l1': np.float64(1.6134509300060187), 'lambda_l2': np.float64(1.410573053486251), 'learning_rate': np.float64(0.7787017963025731), 'max_depth': 25, 'min_child_samples': 86, 'min_child_weight': 19, 'n_estimators': 46, 'num_leaves': 53}",0.7288402223298844,34,0.40968353273787406,1.6134509300060187,1.410573053486251,0.7787017963025731,25,86,19,46,53
0,14,0.41767787833255576,0.02834931565230904,0.9862138757962853,0.0032031422448815,"{'bagging_fraction': np.float64(0.9031160556278011), 'bagging_freq': 15, 'feature_fraction': np.float64(0.2563113328380041), 'lambda_l1': np.float64(1.7812848589714338), 'lambda_l2': np.float64(2.363686741991483), 'learning_rate': np.float64(0.879413302537448), 'max_depth': 16, 'min_child_samples': 78, 'min_child_weight': 10, 'n_estimators': 37, 'num_leaves': 58}",0.9031160556278011,15,0.2563113328380041,1.7812848589714338,2.363686741991483,0.879413302537448,16,78,10,37,58
0,15,0.41680390194538586,0.0381719971499315,0.9593210363194979,0.00259037846326482,"{'bagging_fraction': np.float64(0.772787431563266), 'bagging_freq': 41, 'feature_fraction': np.float64(0.25767073989930234), 'lambda_l1': np.float64(0.8093593480155016), 'lambda_l2': np.float64(2.110814840052826), 'learning_rate': np.float64(0.6677933834681558), 'max_depth': 19, 'min_child_samples': 77, 'min_child_weight': 6, 'n_estimators': 55, 'num_leaves': 147}",0.772787431563266,41,0.25767073989930234,0.8093593480155016,2.110814840052826,0.6677933834681558,19,77,6,55,147
0,16,0.37001008026400617,0.019128196346744678,0.9479735810939092,0.004733016199988749,"{'bagging_fraction': np.float64(0.7295757440305128), 'bagging_freq': 27, 'feature_fraction': np.float64(0.3711195997326686), 'lambda_l1': np.float64(1.76623329731646), 'lambda_l2': np.float64(1.8434356280923194), 'learning_rate': np.float64(0.43637535972616404), 'max_depth': 21, 'min_child_samples': 66, 'min_child_weight': 20, 'n_estimators': 144, 'num_leaves': 183}",0.7295757440305128,27,0.3711195997326686,1.76623329731646,1.8434356280923194,0.43637535972616404,21,66,20,144,183
0,17,0.47116971945363273,0.028457503476847834,0.9873903619301119,0.003202295865984916,"{'bagging_fraction': np.float64(0.9035439782999128), 'bagging_freq': 60, 'feature_fraction': np.float64(0.4777312386349899), 'lambda_l1': np.float64(1.9656700939231198), 'lambda_l2': np.float64(1.7476193624987082), 'learning_rate': np.float64(0.26039762613347983), 'max_depth': 24, 'min_child_samples': 50, 'min_child_weight': 15, 'n_estimators': 148, 'num_leaves': 135}",0.9035439782999128,60,0.4777312386349899,1.9656700939231198,1.7476193624987082,0.26039762613347983,24,50,15,148,135
0,18,0.46173142536682593,0.018784992417525376,0.9703613015747921,0.001428390207722327,"{'bagging_fraction': np.float64(0.872072710924447), 'bagging_freq': 48, 'feature_fraction': np.float64(0.21711460081330916), 'lambda_l1': np.float64(1.7281571570002823), 'lambda_l2': np.float64(1.0065680964901962), 'learning_rate': np.float64(0.19608267822768657), 'max_depth': 25, 'min_child_samples': 51, 'min_child_weight': 18, 'n_estimators': 121, 'num_leaves': 194}",0.872072710924447,48,0.21711460081330916,1.7281571570002823,1.0065680964901962,0.19608267822768657,25,51,18,121,194
0,19,0.42050541320353474,0.035820092449080736,0.9159504438770444,0.006425377967793551,"{'bagging_fraction': np.float64(0.8510965057819244), 'bagging_freq': 65, 'feature_fraction': np.float64(0.4084534502003708), 'lambda_l1': np.float64(1.213158780828594), 'lambda_l2': np.float64(1.7483826599324954), 'learning_rate': np.float64(0.9325701426354039), 'max_depth': 13, 'min_child_samples': 62, 'min_child_weight': 4, 'n_estimators': 32, 'num_leaves': 160}",0.8510965057819244,65,0.4084534502003708,1.213158780828594,1.7483826599324954,0.9325701426354039,13,62,4,32,160
1,0,0.3359346487742788,0.019398319391422846,0.9505823144452676,0.006237198882536334,"{'bagging_fraction': np.float64(0.6251306269673464), 'bagging_freq': 16, 'feature_fraction': np.float64(0.5919729540737179), 'lambda_l1': np.float64(0.9268320843108228), 'lambda_l2': np.float64(1.8512717079326129), 'learning_rate': np.float64(0.5811377159302227), 'max_depth': 28, 'min_child_samples': 51, 'min_child_weight': 15, 'n_estimators': 109, 'num_leaves': 187}",0.6251306269673464,16,0.5919729540737179,0.9268320843108228,1.8512717079326129,0.5811377159302227,28,51,15,109,187
1,1,0.4235010784688534,0.03339052112438884,0.9622474784158872,0.005045125246225514,"{'bagging_fraction': np.float64(0.8299708317481654), 'bagging_freq': 61, 'feature_fraction': np.float64(0.2510941692586839), 'lambda_l1': np.float64(1.1522557767686648), 'lambda_l2': np.float64(2.3423885599821435), 'learning_rate': np.float64(0.4344936041114569), 'max_depth': 28, 'min_child_samples': 95, 'min_child_weight': 18, 'n_estimators': 129, 'num_leaves': 126}",0.8299708317481654,61,0.2510941692586839,1.1522557767686648,2.3423885599821435,0.4344936041114569,28,95,18,129,126
1,2,0.4035425991565488,0.019654564527839802,0.9235272557221542,0.002799283318091471,"{'bagging_fraction': np.float64(0.616107414130141), 'bagging_freq': 27, 'feature_fraction': np.float64(0.374631050473313), 'lambda_l1': np.float64(1.1695358163810041), 'lambda_l2': np.float64(1.016952953211325), 'learning_rate': np.float64(0.31009941287477105), 'max_depth': 12, 'min_child_samples': 95, 'min_child_weight': 13, 'n_estimators': 95, 'num_leaves': 147}",0.616107414130141,27,0.374631050473313,1.1695358163810041,1.016952953211325,0.31009941287477105,12,95,13,95,147
1,3,0.517013477137205,0.04376219143888717,0.9975728401616054,0.0011627924201773785,"{'bagging_fraction': np.float64(0.9357238938868393), 'bagging_freq': 57, 'feature_fraction': np.float64(0.504709868984816), 'lambda_l1': np.float64(1.7704041573665519), 'lambda_l2': np.float64(2.4411952289519414), 'learning_rate': np.float64(0.14966297367978945), 'max_depth': 14, 'min_child_samples': 106, 'min_child_weight': 7, 'n_estimators': 149, 'num_leaves': 118}",0.9357238938868393,57,0.504709868984816,1.7704041573665519,2.4411952289519414,0.14966297367978945,14,106,7,149,118
1,4,0.3477631814258628,0.016400399197498465,0.9342191304445692,0.00340265942655215,"{'bagging_fraction': np.float64(0.5190518368391398), 'bagging_freq': 12, 'feature_fraction': np.float64(0.4028703638097777), 'lambda_l1': np.float64(1.3716163421522674), 'lambda_l2': np.float64(1.834723331714847), 'learning_rate': np.float64(0.646039065006011), 'max_depth': 15, 'min_child_samples': 118, 'min_child_weight': 13, 'n_estimators': 118, 'num_leaves': 106}",0.5190518368391398,12,0.4028703638097777,1.3716163421522674,1.834723331714847,0.646039065006011,15,118,13,118,106
1,5,0.4663528516315002,0.03177140991394228,0.9902110011366748,0.0015701481158596304,"{'bagging_fraction': np.float64(0.9107623255229531), 'bagging_freq': 37, 'feature_fraction': np.float64(0.23149329027811769), 'lambda_l1': np.float64(0.9526742560901609), 'lambda_l2': np.float64(2.3579376719528056), 'learning_rate': np.float64(0.45263694937986765), 'max_depth': 10, 'min_child_samples': 80, 'min_child_weight': 7, 'n_estimators': 63, 'num_leaves': 76}",0.9107623255229531,37,0.23149329027811769,0.9526742560901609,2.3579376719528056,0.45263694937986765,10,80,7,63,76
1,6,0.3684000664612884,0.023991751945882288,0.885722367099359,0.008145456941541394,"{'bagging_fraction': np.float64(0.8181545704134452), 'bagging_freq': 40, 'feature_fraction': np.float64(0.24249329892398855), 'lambda_l1': np.float64(0.774028371112203), 'lambda_l2': np.float64(1.567982793435608), 'learning_rate': np.float64(1.0825581586750301), 'max_depth': 25, 'min_child_samples': 54, 'min_child_weight': 11, 'n_estimators': 38, 'num_leaves': 196}",0.8181545704134452,40,0.24249329892398855,0.774028371112203,1.567982793435608,1.0825581586750301,25,54,11,38,196
1,7,0.3454733934438795,0.032065416879794674,0.9513974173347585,0.0046778075458835935,"{'bagging_fraction': np.float64(0.6726936963521696), 'bagging_freq': 17, 'feature_fraction': np.float64(0.36858353740323735), 'lambda_l1': np.float64(1.9779593134651687), 'lambda_l2': np.float64(1.0162795539747402), 'learning_rate': np.float64(0.9480976941160852), 'max_depth': 11, 'min_child_samples': 102, 'min_child_weight': 15, 'n_estimators': 101, 'num_leaves': 181}",0.6726936963521696,17,0.36858353740323735,1.9779593134651687,1.0162795539747402,0.9480976941160852,11,102,15,101,181
1,8,0.4767052918889278,0.03149430398140251,0.9920707439983512,0.002628664823887144,"{'bagging_fraction': np.float64(0.8247354837741052), 'bagging_freq': 47, 'feature_fraction': np.float64(0.16462759017962), 'lambda_l1': np.float64(0.9862337300783365), 'lambda_l2': np.float64(1.193535229874887), 'learning_rate': np.float64(0.4658931377942739), 'max_depth': 26, 'min_child_samples': 84, 'min_child_weight': 5, 'n_estimators': 120, 'num_leaves': 157}",0.8247354837741052,47,0.16462759017962,0.9862337300783365,1.193535229874887,0.4658931377942739,26,84,5,120,157
1,9,0.30826542781197197,0.014548977814840084,0.7751360939939211,0.012414576118968217,"{'bagging_fraction': np.float64(0.682079256280621), 'bagging_freq': 59, 'feature_fraction': np.float64(0.476246701264999), 'lambda_l1': np.float64(1.7518247356250432), 'lambda_l2': np.float64(1.50091251139566), 'learning_rate': np.float64(0.8475952826418374), 'max_depth': 20, 'min_child_samples': 106, 'min_child_weight': 20, 'n_estimators': 57, 'num_leaves': 69}",0.682079256280621,59,0.476246701264999,1.7518247356250432,1.50091251139566,0.8475952826418374,20,106,20,57,69
1,10,0.3137050787681789,0.021672259609408422,0.7953241827585543,0.01326499573164671,"{'bagging_fraction': np.float64(0.700991650861192), 'bagging_freq': 16, 'feature_fraction': np.float64(0.5600737760978951), 'lambda_l1': np.float64(1.9226532813732717), 'lambda_l2': np.float64(2.2124263228581995), 'learning_rate': np.float64(1.0239194765459314), 'max_depth': 26, 'min_child_samples': 106, 'min_child_weight': 19, 'n_estimators': 34, 'num_leaves': 63}",0.700991650861192,16,0.5600737760978951,1.9226532813732717,2.2124263228581995,1.0239194765459314,26,106,19,34,63
1,11,0.35740127085069434,0.04077180521387373,0.8564773648775358,0.007311441044516355,"{'bagging_fraction': np.float64(0.6403271490799008), 'bagging_freq': 67, 'feature_fraction': np.float64(0.592470439635407), 'lambda_l1': np.float64(1.3627492557585892), 'lambda_l2': np.float64(2.2205198973500444), 'learning_rate': np.float64(1.0693421210244252), 'max_depth': 11, 'min_child_samples': 63, 'min_child_weight': 7, 'n_estimators': 74, 'num_leaves': 128}",0.6403271490799008,67,0.592470439635407,1.3627492557585892,2.2205198973500444,1.0693421210244252,11,63,7,74,128
1,12,0.4558197392979017,0.03286861464161037,0.9873333775533111,0.003970698949777546,"{'bagging_fraction': np.float64(0.6928282144738215), 'bagging_freq': 33, 'feature_fraction': np.float64(0.15268743913483565), 'lambda_l1': np.float64(1.3053003493955173), 'lambda_l2': np.float64(1.3948220654706935), 'learning_rate': np.float64(0.5684116237077271), 'max_depth': 21, 'min_child_samples': 81, 'min_child_weight': 4, 'n_estimators': 125, 'num_leaves': 189}",0.6928282144738215,33,0.15268743913483565,1.3053003493955173,1.3948220654706935,0.5684116237077271,21,81,4,125,189
1,13,0.34269828852734313,0.0222290920255864,0.8818680137689278,0.0072807941570473015,"{'bagging_fraction': np.float64(0.8176561762212857), 'bagging_freq': 59, 'feature_fraction': np.float64(0.1738189073808367), 'lambda_l1': np.float64(0.8443699242621421), 'lambda_l2': np.float64(1.5255571790236189), 'learning_rate': np.float64(1.0320592707905603), 'max_depth': 20, 'min_child_samples': 102, 'min_child_weight': 18, 'n_estimators': 49, 'num_leaves': 74}",0.8176561762212857,59,0.1738189073808367,0.8443699242621421,1.5255571790236189,1.0320592707905603,20,102,18,49,74
1,14,0.31105071366416837,0.03016166023802174,0.8638673084347216,0.006212225018148761,"{'bagging_fraction': np.float64(0.5700853170467212), 'bagging_freq': 14, 'feature_fraction': np.float64(0.12721411623905945), 'lambda_l1': np.float64(1.3564875450187757), 'lambda_l2': np.float64(1.389224988343039), 'learning_rate': np.float64(0.9049114173027473), 'max_depth': 11, 'min_child_samples': 101, 'min_child_weight': 12, 'n_estimators': 59, 'num_leaves': 54}",0.5700853170467212,14,0.12721411623905945,1.3564875450187757,1.389224988343039,0.9049114173027473,11,101,12,59,54
1,15,0.22467335033618235,0.007140938168486265,0.7372076742581696,0.015888560448744225,"{'bagging_fraction': np.float64(0.5347521123473269), 'bagging_freq': 43, 'feature_fraction': np.float64(0.5964853632152658), 'lambda_l1': np.float64(0.6839612879090207), 'lambda_l2': np.float64(1.8397020520652183), 'learning_rate': np.float64(0.8631893316993641), 'max_depth': 26, 'min_child_samples': 96, 'min_child_weight': 21, 'n_estimators': 137, 'num_leaves': 85}",0.5347521123473269,43,0.5964853632152658,0.6839612879090207,1.8397020520652183,0.8631893316993641,26,96,21,137,85
1,16,0.33759584789831265,0.018903705063976182,0.7987788627554441,0.009965953760597859,"{'bagging_fraction': np.float64(0.6470005323880847), 'bagging_freq': 39, 'feature_fraction': np.float64(0.18898404832209945), 'lambda_l1': np.float64(1.5638661418086925), 'lambda_l2': np.float64(1.4910608443929423), 'learning_rate': np.float64(1.0295702256765855), 'max_depth': 10, 'min_child_samples': 62, 'min_child_weight': 16, 'n_estimators': 53, 'num_leaves': 75}",0.6470005323880847,39,0.18898404832209945,1.5638661418086925,1.4910608443929423,1.0295702256765855,10,62,16,53,75
1,17,0.49312969196904294,0.029587084794791937,0.9996814007917614,0.00039317290448199436,"{'bagging_fraction': np.float64(0.82372545254766), 'bagging_freq': 11, 'feature_fraction': np.float64(0.4349899174108063), 'lambda_l1': np.float64(1.9618896588901085), 'lambda_l2': np.float64(1.2575515686201706), 'learning_rate': np.float64(0.21854983707188505), 'max_depth': 26, 'min_child_samples': 78, 'min_child_weight': 9, 'n_estimators': 140, 'num_leaves': 173}",0.82372545254766,11,0.4349899174108063,1.9618896588901085,1.2575515686201706,0.21854983707188505,26,78,9,140,173
1,18,0.33042444560295026,0.032983127388055804,0.8427630738043075,0.004524597925828287,"{'bagging_fraction': np.float64(0.7611633754397897), 'bagging_freq': 57, 'feature_fraction': np.float64(0.5185833838582555), 'lambda_l1': np.float64(0.5934232837040936), 'lambda_l2': np.float64(1.2560419793298816), 'learning_rate': np.float64(0.9294399193002304), 'max_depth': 27, 'min_child_samples': 109, 'min_child_weight': 16, 'n_estimators': 46, 'num_leaves': 125}",0.7611633754397897,57,0.5185833838582555,0.5934232837040936,1.2560419793298816,0.9294399193002304,27,109,16,46,125
1,19,0.2792469343964941,0.01739761514393531,0.8784207014975749,0.008516076669500373,"{'bagging_fraction': np.float64(0.6275686408004115), 'bagging_freq': 29, 'feature_fraction': np.float64(0.5548596028161525), 'lambda_l1': np.float64(1.8514494871728977), 'lambda_l2': np.float64(1.4800876620389247), 'learning_rate': np.float64(0.890755799772359), 'max_depth': 20, 'min_child_samples': 82, 'min_child_weight': 21, 'n_estimators': 145, 'num_leaves': 85}",0.6275686408004115,29,0.5548596028161525,1.8514494871728977,1.4800876620389247,0.890755799772359,20,82,21,145,85
2,0,0.38712678383726884,0.03928153626194058,0.9123549332659344,0.0036019099187531507,"{'bagging_fraction': np.float64(0.6636736973099405), 'bagging_freq': 35, 'feature_fraction': np.float64(0.3332003168775518), 'lambda_l1': np.float64(1.1545196636633153), 'lambda_l2': np.float64(1.1524558381401628), 'learning_rate': np.float64(0.7335883988263453), 'max_depth': 10, 'min_child_samples': 72, 'min_child_weight': 6, 'n_estimators': 48, 'num_leaves': 96}",0.6636736973099405,35,0.3332003168775518,1.1545196636633153,1.1524558381401628,0.7335883988263453,10,72,6,48,96
2,1,0.3919249682929354,0.017825636906534218,0.9393242270819503,0.005992291446954182,"{'bagging_fraction': np.float64(0.6060073070417374), 'bagging_freq': 51, 'feature_fraction': np.float64(0.11249405493759693), 'lambda_l1': np.float64(1.0236139359492153), 'lambda_l2': np.float64(1.8496250799601646), 'learning_rate': np.float64(0.7059713372709564), 'max_depth': 24, 'min_child_samples': 62, 'min_child_weight': 7, 'n_estimators': 145, 'num_leaves': 108}",0.6060073070417374,51,0.11249405493759693,1.0236139359492153,1.8496250799601646,0.7059713372709564,24,62,7,145,108
2,2,0.30536410166914807,0.015791338179534018,0.6347728161837543,0.014552863608826025,"{'bagging_fraction': np.float64(0.6364110193159647), 'bagging_freq': 20, 'feature_fraction': np.float64(0.511717426036983), 'lambda_l1': np.float64(0.6023629409304638), 'lambda_l2': np.float64(1.8249553014413782), 'learning_rate': np.float64(0.18634653017294026), 'max_depth': 19, 'min_child_samples': 57, 'min_child_weight': 20, 'n_estimators': 32, 'num_leaves': 58}",0.6364110193159647,20,0.511717426036983,0.6023629409304638,1.8249553014413782,0.18634653017294026,19,57,20,32,58
2,3,0.4331795032946212,0.029749852633184533,0.9006561295973148,0.002832195171333968,"{'bagging_fraction': np.float64(0.5859645978700263), 'bagging_freq': 48, 'feature_fraction': np.float64(0.4675652931001957), 'lambda_l1': np.float64(1.9991963391226695), 'lambda_l2': np.float64(1.2683311549175704), 'learning_rate': np.float64(0.19691387966457966), 'max_depth': 12, 'min_child_samples': 86, 'min_child_weight': 6, 'n_estimators': 88, 'num_leaves': 178}",0.5859645978700263,48,0.4675652931001957,1.9991963391226695,1.2683311549175704,0.19691387966457966,12,86,6,88,178
2,4,0.3922364250776395,0.016765463248679675,0.9900225104104747,0.0021191704124393865,"{'bagging_fraction': np.float64(0.7898561946663472), 'bagging_freq': 24, 'feature_fraction': np.float64(0.10115307515421865), 'lambda_l1': np.float64(1.6573366585108493), 'lambda_l2': np.float64(2.0091355913306685), 'learning_rate': np.float64(0.8289949990347061), 'max_depth': 21, 'min_child_samples': 52, 'min_child_weight': 10, 'n_estimators': 141, 'num_leaves': 101}",0.7898561946663472,24,0.10115307515421865,1.6573366585108493,2.0091355913306685,0.8289949990347061,21,52,10,141,101
2,5,0.3604568093034276,0.029941945073313655,0.9151624694099155,0.004520246615642893,"{'bagging_fraction': np.float64(0.5801436773278927), 'bagging_freq': 20, 'feature_fraction': np.float64(0.28036332064224834), 'lambda_l1': np.float64(1.2520308019263942), 'lambda_l2': np.float64(1.6447330821948936), 'learning_rate': np.float64(1.0087161764817347), 'max_depth': 23, 'min_child_samples': 89, 'min_child_weight': 8, 'n_estimators': 72, 'num_leaves': 110}",0.5801436773278927,20,0.28036332064224834,1.2520308019263942,1.6447330821948936,1.0087161764817347,23,89,8,72,110
2,6,0.437561828673432,0.016241464334777234,0.9926207049577626,0.0027709001216305105,"{'bagging_fraction': np.float64(0.8704135335468299), 'bagging_freq': 14, 'feature_fraction': np.float64(0.5184819328120489), 'lambda_l1': np.float64(1.355170253605134), 'lambda_l2': np.float64(1.6211839321663204), 'learning_rate': np.float64(0.345153953682552), 'max_depth': 21, 'min_child_samples': 69, 'min_child_weight': 18, 'n_estimators': 106, 'num_leaves': 72}",0.8704135335468299,14,0.5184819328120489,1.355170253605134,1.6211839321663204,0.345153953682552,21,69,18,106,72
2,7,0.30251075929681515,0.018791617004709278,0.7099008415875991,0.006995793663590155,"{'bagging_fraction': np.float64(0.6052769928319328), 'bagging_freq': 50, 'feature_fraction': np.float64(0.5132502384436395), 'lambda_l1': np.float64(1.5462714265429731), 'lambda_l2': np.float64(1.7025994812192726), 'learning_rate': np.float64(0.8242736561765983), 'max_depth': 23, 'min_child_samples': 86, 'min_child_weight': 17, 'n_estimators': 33, 'num_leaves': 160}",0.6052769928319328,50,0.5132502384436395,1.5462714265429731,1.7025994812192726,0.8242736561765983,23,86,17,33,160
2,8,0.4153250664398639,0.028694575791696816,0.9828728213027855,0.0025573007341835093,"{'bagging_fraction': np.float64(0.6782972361232535), 'bagging_freq': 25, 'feature_fraction': np.float64(0.5546330874384122), 'lambda_l1': np.float64(1.1388931581966117), 'lambda_l2': np.float64(2.1928420469117107), 'learning_rate': np.float64(0.38380041918034524), 'max_depth': 10, 'min_child_samples': 59, 'min_child_weight': 11, 'n_estimators': 137, 'num_leaves': 138}",0.6782972361232535,25,0.5546330874384122,1.1388931581966117,2.1928420469117107,0.38380041918034524,10,59,11,137,138
2,9,0.41460206865597876,0.05314370627640186,0.9821098703786045,0.00422344988610987,"{'bagging_fraction': np.float64(0.7091290200491913), 'bagging_freq': 38, 'feature_fraction': np.float64(0.21169471521216374), 'lambda_l1': np.float64(0.9824063165304733), 'lambda_l2': np.float64(1.3326370403162182), 'learning_rate': np.float64(0.5997578010377637), 'max_depth': 22, 'min_child_samples': 99, 'min_child_weight': 8, 'n_estimators': 139, 'num_leaves': 180}",0.7091290200491913,38,0.21169471521216374,0.9824063165304733,1.3326370403162182,0.5997578010377637,22,99,8,139,180
2,10,0.33652017681792823,0.022544356104506277,0.975413496556305,0.002533630459312912,"{'bagging_fraction': np.float64(0.6311046529083715), 'bagging_freq': 27, 'feature_fraction': np.float64(0.4305202348870111), 'lambda_l1': np.float64(0.6520378539065955), 'lambda_l2': np.float64(1.510258314407642), 'learning_rate': np.float64(0.9449083150716255), 'max_depth': 18, 'min_child_samples': 87, 'min_child_weight': 9, 'n_estimators': 146, 'num_leaves': 169}",0.6311046529083715,27,0.4305202348870111,0.6520378539065955,1.510258314407642,0.9449083150716255,18,87,9,146,169
2,11,0.5005858951352732,0.028709791519159804,0.9971609169703288,0.000687304847614548,"{'bagging_fraction': np.float64(0.9297918434233696), 'bagging_freq': 21, 'feature_fraction': np.float64(0.5497445007338726), 'lambda_l1': np.float64(1.6804167819634461), 'lambda_l2': np.float64(1.4398568043459237), 'learning_rate': np.float64(0.2671075738086446), 'max_depth': 15, 'min_child_samples': 104, 'min_child_weight': 4, 'n_estimators': 54, 'num_leaves': 122}",0.9297918434233696,21,0.5497445007338726,1.6804167819634461,1.4398568043459237,0.2671075738086446,15,104,4,54,122
2,12,0.4343141880747316,0.025653327953099565,0.9888626639424739,0.002280991031713047,"{'bagging_fraction': np.float64(0.8689660635461967), 'bagging_freq': 33, 'feature_fraction': np.float64(0.19063396201120067), 'lambda_l1': np.float64(0.6696106506532669), 'lambda_l2': np.float64(1.802704049317477), 'learning_rate': np.float64(0.7802185039589282), 'max_depth': 22, 'min_child_samples': 51, 'min_child_weight': 8, 'n_estimators': 74, 'num_leaves': 113}",0.8689660635461967,33,0.19063396201120067,0.6696106506532669,1.802704049317477,0.7802185039589282,22,51,8,74,113
2,13,0.3648396659265229,0.0154768819479542,0.8129815176938162,0.011438721914514382,"{'bagging_fraction': np.float64(0.6784303140057966), 'bagging_freq': 58, 'feature_fraction': np.float64(0.36047045086751694), 'lambda_l1': np.float64(1.0105264726124141), 'lambda_l2': np.float64(1.2155067150177052), 'learning_rate': np.float64(0.28340616615146297), 'max_depth': 26, 'min_child_samples': 116, 'min_child_weight': 19, 'n_estimators': 71, 'num_leaves': 140}",0.6784303140057966,58,0.36047045086751694,1.0105264726124141,1.2155067150177052,0.28340616615146297,26,116,19,71,140
2,14,0.45368304764870515,0.028972880508231883,0.988604444899115,0.001681645069499636,"{'bagging_fraction': np.float64(0.8582770809851814), 'bagging_freq': 12, 'feature_fraction': np.float64(0.4556665496447966), 'lambda_l1': np.float64(1.7897029777254032), 'lambda_l2': np.float64(1.6297027645450153), 'learning_rate': np.float64(0.31729522910594654), 'max_depth': 13, 'min_child_samples': 62, 'min_child_weight': 15, 'n_estimators': 70, 'num_leaves': 139}",0.8582770809851814,12,0.4556665496447966,1.7897029777254032,1.6297027645450153,0.31729522910594654,13,62,15,70,139
2,15,0.388068131235534,0.02907926990928111,0.9597058630383304,0.02106664544811372,"{'bagging_fraction': np.float64(0.9049230163859489), 'bagging_freq': 28, 'feature_fraction': np.float64(0.5197516531665257), 'lambda_l1': np.float64(1.595298655832046), 'lambda_l2': np.float64(1.5975743370578384), 'learning_rate': np.float64(1.0656645283945847), 'max_depth': 19, 'min_child_samples': 86, 'min_child_weight': 5, 'n_estimators': 47, 'num_leaves': 103}",0.9049230163859489,28,0.5197516531665257,1.595298655832046,1.5975743370578384,1.0656645283945847,19,86,5,47,103
2,16,0.4254229131132344,0.03249366018393533,0.9495536331436512,0.00643565326834354,"{'bagging_fraction': np.float64(0.5382436902765246), 'bagging_freq': 36, 'feature_fraction': np.float64(0.46334730170229355), 'lambda_l1': np.float64(1.3543905073948708), 'lambda_l2': np.float64(1.15665929060735), 'learning_rate': np.float64(0.5190662451598766), 'max_depth': 22, 'min_child_samples': 82, 'min_child_weight': 4, 'n_estimators': 116, 'num_leaves': 188}",0.5382436902765246,36,0.46334730170229355,1.3543905073948708,1.15665929060735,0.5190662451598766,22,82,4,116,188
2,17,0.3542179705335014,0.03938543052299769,0.8550700924222798,0.008540367089554416,"{'bagging_fraction': np.float64(0.659972814765603), 'bagging_freq': 62, 'feature_fraction': np.float64(0.19168464628078105), 'lambda_l1': np.float64(1.013539072098418), 'lambda_l2': np.float64(1.6448196706560103), 'learning_rate': np.float64(0.7819731047831343), 'max_depth': 12, 'min_child_samples': 83, 'min_child_weight': 15, 'n_estimators': 85, 'num_leaves': 152}",0.659972814765603,62,0.19168464628078105,1.013539072098418,1.6448196706560103,0.7819731047831343,12,83,15,85,152
2,18,0.36408306215401304,0.019126057941903807,0.9323311076030445,0.0051784584046083715,"{'bagging_fraction': np.float64(0.6815333506640253), 'bagging_freq': 42, 'feature_fraction': np.float64(0.13296968470651024), 'lambda_l1': np.float64(0.568642199489463), 'lambda_l2': np.float64(1.5266558471836404), 'learning_rate': np.float64(0.4604533569715189), 'max_depth': 27, 'min_child_samples': 116, 'min_child_weight': 17, 'n_estimators': 137, 'num_leaves': 167}",0.6815333506640253,42,0.13296968470651024,0.568642199489463,1.5266558471836404,0.4604533569715189,27,116,17,137,167
2,19,0.36376374079052926,0.013110549474716748,0.7057761650954417,0.007711148242529037,"{'bagging_fraction': np.float64(0.5347654628109393), 'bagging_freq': 45, 'feature_fraction': np.float64(0.14491090575070156), 'lambda_l1': np.float64(0.9541265826696312), 'lambda_l2': np.float64(1.6419531689719675), 'learning_rate': np.float64(0.6338404651841631), 'max_depth': 29, 'min_child_samples': 76, 'min_child_weight': 7, 'n_estimators': 40, 'num_leaves': 116}",0.5347654628109393,45,0.14491090575070156,0.9541265826696312,1.6419531689719675,0.6338404651841631,29,76,7,40,116
3,0,0.39655361151814084,0.02813907872034903,0.9744703499388659,0.0028615190841589136,"{'bagging_fraction': np.float64(0.6090069555238429), 'bagging_freq': 22, 'feature_fraction': np.float64(0.4879813178065293), 'lambda_l1': np.float64(1.6998781079684595), 'lambda_l2': np.float64(1.7772882508208423), 'learning_rate': np.float64(0.7926063329106209), 'max_depth': 17, 'min_child_samples': 118, 'min_child_weight': 5, 'n_estimators': 97, 'num_leaves': 199}",0.6090069555238429,22,0.4879813178065293,1.6998781079684595,1.7772882508208423,0.7926063329106209,17,118,5,97,199
3,1,0.4988616762196969,0.041517165171520945,0.973163221904643,0.022530604519514497,"{'bagging_fraction': np.float64(0.8891245466057367), 'bagging_freq': 50, 'feature_fraction': np.float64(0.5009029712795797), 'lambda_l1': np.float64(1.8874992908217854), 'lambda_l2': np.float64(1.123616404202496), 'learning_rate': np.float64(0.35359487508967635), 'max_depth': 17, 'min_child_samples': 83, 'min_child_weight': 4, 'n_estimators': 137, 'num_leaves': 182}",0.8891245466057367,50,0.5009029712795797,1.8874992908217854,1.123616404202496,0.35359487508967635,17,83,4,137,182
3,2,0.36539363646725465,0.020795053842042686,0.9273004683256134,0.005343225392372396,"{'bagging_fraction': np.float64(0.7285484436977087), 'bagging_freq': 64, 'feature_fraction': np.float64(0.3439028026362375), 'lambda_l1': np.float64(1.407208182286873), 'lambda_l2': np.float64(2.3687778670346744), 'learning_rate': np.float64(1.078367986830844), 'max_depth': 12, 'min_child_samples': 77, 'min_child_weight': 9, 'n_estimators': 90, 'num_leaves': 199}",0.7285484436977087,64,0.3439028026362375,1.407208182286873,2.3687778670346744,1.078367986830844,12,77,9,90,199
3,3,0.39149617546615323,0.027456575358515124,0.9554505559572195,0.0018771659593311424,"{'bagging_fraction': np.float64(0.7792146438960682), 'bagging_freq': 54, 'feature_fraction': np.float64(0.5688768431067458), 'lambda_l1': np.float64(0.8942540634202035), 'lambda_l2': np.float64(2.3541843197424304), 'learning_rate': np.float64(0.8281031382662875), 'max_depth': 27, 'min_child_samples': 89, 'min_child_weight': 7, 'n_estimators': 70, 'num_leaves': 61}",0.7792146438960682,54,0.5688768431067458,0.8942540634202035,2.3541843197424304,0.8281031382662875,27,89,7,70,61
3,4,0.43668107556145674,0.034181262126651506,0.9989000081102579,0.0006172025950995719,"{'bagging_fraction': np.float64(0.9355150126832976), 'bagging_freq': 19, 'feature_fraction': np.float64(0.20915014266425766), 'lambda_l1': np.float64(0.5724688567903984), 'lambda_l2': np.float64(1.6095210791203576), 'learning_rate': np.float64(0.29500161973781414), 'max_depth': 14, 'min_child_samples': 111, 'min_child_weight': 17, 'n_estimators': 139, 'num_leaves': 117}",0.9355150126832976,19,0.20915014266425766,0.5724688567903984,1.6095210791203576,0.29500161973781414,14,111,17,139,117
3,5,0.47487283372707845,0.03199925993419556,0.9983406622385932,0.00033945822684172146,"{'bagging_fraction': np.float64(0.9053794844231665), 'bagging_freq': 20, 'feature_fraction': np.float64(0.5935027350374643), 'lambda_l1': np.float64(1.712218570010722), 'lambda_l2': np.float64(1.1810913742754598), 'learning_rate': np.float64(0.44938530119109055), 'max_depth': 24, 'min_child_samples': 70, 'min_child_weight': 6, 'n_estimators': 120, 'num_leaves': 116}",0.9053794844231665,20,0.5935027350374643,1.712218570010722,1.1810913742754598,0.44938530119109055,24,70,6,120,116
3,6,0.23280516056033954,0.014248577872187867,0.8628381216724561,0.009674656492797609,"{'bagging_fraction': np.float64(0.5725911355907737), 'bagging_freq': 12, 'feature_fraction': np.float64(0.4324907870174043), 'lambda_l1': np.float64(1.836842866131266), 'lambda_l2': np.float64(1.4620691974950812), 'learning_rate': np.float64(0.9952126514998865), 'max_depth': 25, 'min_child_samples': 110, 'min_child_weight': 20, 'n_estimators': 139, 'num_leaves': 164}",0.5725911355907737,12,0.4324907870174043,1.836842866131266,1.4620691974950812,0.9952126514998865,25,110,20,139,164
3,7,0.384299225581767,0.029372095985274824,0.9219129081228397,0.0048808416913354805,"{'bagging_fraction': np.float64(0.7579783349991173), 'bagging_freq': 47, 'feature_fraction': np.float64(0.5520678495186971), 'lambda_l1': np.float64(1.1539809362437756), 'lambda_l2': np.float64(1.6990571977966227), 'learning_rate': np.float64(0.8100842413508067), 'max_depth': 19, 'min_child_samples': 58, 'min_child_weight': 13, 'n_estimators': 67, 'num_leaves': 186}",0.7579783349991173,47,0.5520678495186971,1.1539809362437756,1.6990571977966227,0.8100842413508067,19,58,13,67,186
3,8,0.3601527017279395,0.02200195257732259,0.9381137896340048,0.005485216331565123,"{'bagging_fraction': np.float64(0.7608195840812885), 'bagging_freq': 31, 'feature_fraction': np.float64(0.23668188715305286), 'lambda_l1': np.float64(1.426234660944907), 'lambda_l2': np.float64(1.9408515489925109), 'learning_rate': np.float64(0.8396630778765855), 'max_depth': 28, 'min_child_samples': 87, 'min_child_weight': 17, 'n_estimators': 85, 'num_leaves': 123}",0.7608195840812885,31,0.23668188715305286,1.426234660944907,1.9408515489925109,0.8396630778765855,28,87,17,85,123
3,9,0.35942280857601555,0.020173056046695385,0.9859414921188661,0.0031836013439880857,"{'bagging_fraction': np.float64(0.7804779921405111), 'bagging_freq': 21, 'feature_fraction': np.float64(0.5789945118235192), 'lambda_l1': np.float64(1.0211772079494574), 'lambda_l2': np.float64(1.969325512918235), 'learning_rate': np.float64(0.940197859987274), 'max_depth': 23, 'min_child_samples': 74, 'min_child_weight': 12, 'n_estimators': 93, 'num_leaves': 187}",0.7804779921405111,21,0.5789945118235192,1.0211772079494574,1.969325512918235,0.940197859987274,23,74,12,93,187
3,10,0.34885013726501135,0.01306740943832613,0.9200193679315296,0.0050631727624268555,"{'bagging_fraction': np.float64(0.5486659538242172), 'bagging_freq': 24, 'feature_fraction': np.float64(0.29144659984156374), 'lambda_l1': np.float64(1.6220894089501527), 'lambda_l2': np.float64(1.7872467072071836), 'learning_rate': np.float64(0.5690788040798381), 'max_depth': 26, 'min_child_samples': 58, 'min_child_weight': 14, 'n_estimators': 140, 'num_leaves': 162}",0.5486659538242172,24,0.29144659984156374,1.6220894089501527,1.7872467072071836,0.5690788040798381,26,58,14,140,162
3,11,0.40628159890257864,0.04482612969903645,0.9366746213846191,0.004928170631787141,"{'bagging_fraction': np.float64(0.864460701233475), 'bagging_freq': 54, 'feature_fraction': np.float64(0.2787309602190192), 'lambda_l1': np.float64(1.8164434247351602), 'lambda_l2': np.float64(2.1450587122076894), 'learning_rate': np.float64(0.833335573509581), 'max_depth': 14, 'min_child_samples': 118, 'min_child_weight': 12, 'n_estimators': 58, 'num_leaves': 62}",0.864460701233475,54,0.2787309602190192,1.8164434247351602,2.1450587122076894,0.833335573509581,14,118,12,58,62
3,12,0.38919557554407336,0.023632753204610637,0.9909330795381892,0.0017988550420504018,"{'bagging_fraction': np.float64(0.8010094654101094), 'bagging_freq': 15, 'feature_fraction': np.float64(0.506911242771827), 'lambda_l1': np.float64(1.9242247043509646), 'lambda_l2': np.float64(1.162655057385164), 'learning_rate': np.float64(0.8466468321734372), 'max_depth': 24, 'min_child_samples': 108, 'min_child_weight': 14, 'n_estimators': 125, 'num_leaves': 135}",0.8010094654101094,15,0.506911242771827,1.9242247043509646,1.162655057385164,0.8466468321734372,24,108,14,125,135
3,13,0.45423082239216683,0.033822089976910254,0.9981378094398876,0.0009766578391731911,"{'bagging_fraction': np.float64(0.8587450640496461), 'bagging_freq': 27, 'feature_fraction': np.float64(0.5679128529691777), 'lambda_l1': np.float64(1.419446257803438), 'lambda_l2': np.float64(1.4924206404894798), 'learning_rate': np.float64(0.45077374398007997), 'max_depth': 22, 'min_child_samples': 52, 'min_child_weight': 11, 'n_estimators': 147, 'num_leaves': 58}",0.8587450640496461,27,0.5679128529691777,1.419446257803438,1.4924206404894798,0.45077374398007997,22,52,11,147,58
3,14,0.446254318431402,0.03334441074804629,0.9015260937266796,0.005626625812241442,"{'bagging_fraction': np.float64(0.608219334149517), 'bagging_freq': 36, 'feature_fraction': np.float64(0.49452314482893156), 'lambda_l1': np.float64(1.7342010200743738), 'lambda_l2': np.float64(2.332673120851725), 'learning_rate': np.float64(0.1740950597974972), 'max_depth': 25, 'min_child_samples': 116, 'min_child_weight': 8, 'n_estimators': 77, 'num_leaves': 148}",0.608219334149517,36,0.49452314482893156,1.7342010200743738,2.332673120851725,0.1740950597974972,25,116,8,77,148
3,15,0.44089222858217714,0.036905197266859,0.9686977095237961,0.00266979827823176,"{'bagging_fraction': np.float64(0.9118387800409533), 'bagging_freq': 46, 'feature_fraction': np.float64(0.13545130959994664), 'lambda_l1': np.float64(1.3827240757090924), 'lambda_l2': np.float64(1.2848384452010868), 'learning_rate': np.float64(0.7828041404043613), 'max_depth': 19, 'min_child_samples': 104, 'min_child_weight': 7, 'n_estimators': 52, 'num_leaves': 137}",0.9118387800409533,46,0.13545130959994664,1.3827240757090924,1.2848384452010868,0.7828041404043613,19,104,7,52,137
3,16,0.33210823550330204,0.027101908232355136,0.9587647231326644,0.0035879852229667693,"{'bagging_fraction': np.float64(0.5970774488176309), 'bagging_freq': 17, 'feature_fraction': np.float64(0.20761034679154358), 'lambda_l1': np.float64(0.9380532647915936), 'lambda_l2': np.float64(1.7883304813438436), 'learning_rate': np.float64(0.9785292136443119), 'max_depth': 22, 'min_child_samples': 111, 'min_child_weight': 11, 'n_estimators': 121, 'num_leaves': 134}",0.5970774488176309,17,0.20761034679154358,0.9380532647915936,1.7883304813438436,0.9785292136443119,22,111,11,121,134
3,17,0.4379117754130994,0.032472240950786206,0.950094896300663,0.0049815667334960866,"{'bagging_fraction': np.float64(0.559711897508896), 'bagging_freq': 11, 'feature_fraction': np.float64(0.142524131401133), 'lambda_l1': np.float64(1.6002000401900076), 'lambda_l2': np.float64(2.140645159723263), 'learning_rate': np.float64(0.5228241654792382), 'max_depth': 13, 'min_child_samples': 97, 'min_child_weight': 6, 'n_estimators': 52, 'num_leaves': 195}",0.559711897508896,11,0.142524131401133,1.6002000401900076,2.140645159723263,0.5228241654792382,13,97,6,52,195
3,18,0.3476307582161034,0.031554002699663714,0.9289193694384267,0.0039024520293677364,"{'bagging_fraction': np.float64(0.8538762126285038), 'bagging_freq': 12, 'feature_fraction': np.float64(0.4887289460600981), 'lambda_l1': np.float64(1.4657587739353946), 'lambda_l2': np.float64(2.3467996165085587), 'learning_rate': np.float64(1.064870736156433), 'max_depth': 24, 'min_child_samples': 116, 'min_child_weight': 19, 'n_estimators': 38, 'num_leaves': 160}",0.8538762126285038,12,0.4887289460600981,1.4657587739353946,2.3467996165085587,1.064870736156433,24,116,19,38,160
3,19,0.4067474361709184,0.038776758482615276,0.9309539926933883,0.0036239809446295774,"{'bagging_fraction': np.float64(0.8430199241866787), 'bagging_freq': 56, 'feature_fraction': np.float64(0.4234413167683029), 'lambda_l1': np.float64(1.8791855962172412), 'lambda_l2': np.float64(1.0269004204962284), 'learning_rate': np.float64(0.6310896211102931), 'max_depth': 21, 'min_child_samples': 56, 'min_child_weight': 14, 'n_estimators': 63, 'num_leaves': 73}",0.8430199241866787,56,0.4234413167683029,1.8791855962172412,1.0269004204962284,0.6310896211102931,21,56,14,63,73
4,0,0.3509701443164445,0.04097496718485233,0.8380539841354381,0.006455903129115087,"{'bagging_fraction': np.float64(0.5408023556701996), 'bagging_freq': 51, 'feature_fraction': np.float64(0.459175229786705), 'lambda_l1': np.float64(0.5209476522759571), 'lambda_l2': np.float64(2.4742383501717637), 'learning_rate': np.float64(0.5752948191437789), 'max_depth': 11, 'min_child_samples': 99, 'min_child_weight': 10, 'n_estimators': 78, 'num_leaves': 119}",0.5408023556701996,51,0.459175229786705,0.5209476522759571,2.4742383501717637,0.5752948191437789,11,99,10,78,119
4,1,0.3773560562269543,0.035235215549259465,0.9637986630465228,0.0034336781338199676,"{'bagging_fraction': np.float64(0.6913982544539521), 'bagging_freq': 52, 'feature_fraction': np.float64(0.24263868440702388), 'lambda_l1': np.float64(0.6233655086154396), 'lambda_l2': np.float64(2.2229694049647937), 'learning_rate': np.float64(0.8152317581870715), 'max_depth': 17, 'min_child_samples': 53, 'min_child_weight': 7, 'n_estimators': 124, 'num_leaves': 162}",0.6913982544539521,52,0.24263868440702388,0.6233655086154396,2.2229694049647937,0.8152317581870715,17,53,7,124,162
4,2,0.47881542458008786,0.03336610860199001,0.9657374918145953,0.0046979428535095175,"{'bagging_fraction': np.float64(0.7608038918823488), 'bagging_freq': 56, 'feature_fraction': np.float64(0.28404359706256577), 'lambda_l1': np.float64(0.9444420014437325), 'lambda_l2': np.float64(2.023572847763904), 'learning_rate': np.float64(0.33465279918395774), 'max_depth': 17, 'min_child_samples': 75, 'min_child_weight': 4, 'n_estimators': 95, 'num_leaves': 166}",0.7608038918823488,56,0.28404359706256577,0.9444420014437325,2.023572847763904,0.33465279918395774,17,75,4,95,166
4,3,0.3923551935877933,0.02540964634071963,0.9211555828836469,0.006237270002692354,"{'bagging_fraction': np.float64(0.6742191946293276), 'bagging_freq': 63, 'feature_fraction': np.float64(0.5763834143303862), 'lambda_l1': np.float64(0.804006853701623), 'lambda_l2': np.float64(1.64762618550759), 'learning_rate': np.float64(0.4127992439183552), 'max_depth': 11, 'min_child_samples': 89, 'min_child_weight': 11, 'n_estimators': 122, 'num_leaves': 149}",0.6742191946293276,63,0.5763834143303862,0.804006853701623,1.64762618550759,0.4127992439183552,11,89,11,122,149
4,4,0.40649964802198185,0.026034066889227905,0.7731634451780245,0.0075494783420596906,"{'bagging_fraction': np.float64(0.5325999107038503), 'bagging_freq': 35, 'feature_fraction': np.float64(0.12518575129651496), 'lambda_l1': np.float64(1.2491204538490344), 'lambda_l2': np.float64(2.3794649812139985), 'learning_rate': np.float64(0.13430478968042606), 'max_depth': 23, 'min_child_samples': 109, 'min_child_weight': 9, 'n_estimators': 56, 'num_leaves': 153}",0.5325999107038503,35,0.12518575129651496,1.2491204538490344,2.3794649812139985,0.13430478968042606,23,109,9,56,153
4,5,0.37445004947553895,0.0338521775707386,0.862431294365658,0.004783564177463513,"{'bagging_fraction': np.float64(0.5866866228564012), 'bagging_freq': 61, 'feature_fraction': np.float64(0.40115673521056505), 'lambda_l1': np.float64(0.8504035148377362), 'lambda_l2': np.float64(1.371583912019376), 'learning_rate': np.float64(0.7322306892287966), 'max_depth': 15, 'min_child_samples': 81, 'min_child_weight': 8, 'n_estimators': 75, 'num_leaves': 160}",0.5866866228564012,61,0.40115673521056505,0.8504035148377362,1.371583912019376,0.7322306892287966,15,81,8,75,160
4,6,0.32873131595603977,0.01190389841172752,0.8829040953958209,0.011391676161192313,"{'bagging_fraction': np.float64(0.6449572587960929), 'bagging_freq': 25, 'feature_fraction': np.float64(0.2592611881638436), 'lambda_l1': np.float64(0.8823508801443678), 'lambda_l2': np.float64(1.5845260423166763), 'learning_rate': np.float64(1.024010444383787), 'max_depth': 12, 'min_child_samples': 58, 'min_child_weight': 11, 'n_estimators': 58, 'num_leaves': 161}",0.6449572587960929,25,0.2592611881638436,0.8823508801443678,1.5845260423166763,1.024010444383787,12,58,11,58,161
4,7,0.45417866760556136,0.03908784800481724,0.9603196613900463,0.0027628107713491682,"{'bagging_fraction': np.float64(0.8459015576094793), 'bagging_freq': 59, 'feature_fraction': np.float64(0.14996828274969295), 'lambda_l1': np.float64(1.812365604490269), 'lambda_l2': np.float64(2.3883989483980113), 'learning_rate': np.float64(0.38103084684123434), 'max_depth': 27, 'min_child_samples': 107, 'min_child_weight': 14, 'n_estimators': 96, 'num_leaves': 108}",0.8459015576094793,59,0.14996828274969295,1.812365604490269,2.3883989483980113,0.38103084684123434,27,107,14,96,108
4,8,0.42194048270813383,0.03415456510340364,0.9673972779009075,0.004164107031908317,"{'bagging_fraction': np.float64(0.8100526640850763), 'bagging_freq': 48, 'feature_fraction': np.float64(0.5567204659757896), 'lambda_l1': np.float64(0.7957329846804702), 'lambda_l2': np.float64(2.2894090029097662), 'learning_rate': np.float64(0.3802442280198096), 'max_depth': 13, 'min_child_samples': 82, 'min_child_weight': 17, 'n_estimators': 125, 'num_leaves': 62}",0.8100526640850763,48,0.5567204659757896,0.7957329846804702,2.2894090029097662,0.3802442280198096,13,82,17,125,62
4,9,0.4930614047099565,0.0214805995979318,0.9922170552635112,0.0022419751990868653,"{'bagging_fraction': np.float64(0.740306104704329), 'bagging_freq': 29, 'feature_fraction': np.float64(0.5457187914724148), 'lambda_l1': np.float64(0.6274202341958198), 'lambda_l2': np.float64(1.6241021168376482), 'learning_rate': np.float64(0.13205164443233156), 'max_depth': 15, 'min_child_samples': 106, 'min_child_weight': 7, 'n_estimators': 136, 'num_leaves': 165}",0.740306104704329,29,0.5457187914724148,0.6274202341958198,1.6241021168376482,0.13205164443233156,15,106,7,136,165
4,10,0.44039563662530135,0.029128121390249357,0.9267434232553471,0.003684523253142215,"{'bagging_fraction': np.float64(0.8509961054937175), 'bagging_freq': 68, 'feature_fraction': np.float64(0.47990473498630226), 'lambda_l1': np.float64(0.9548473857139959), 'lambda_l2': np.float64(2.235320726977008), 'learning_rate': np.float64(0.35238289444348325), 'max_depth': 20, 'min_child_samples': 89, 'min_child_weight': 12, 'n_estimators': 54, 'num_leaves': 98}",0.8509961054937175,68,0.47990473498630226,0.9548473857139959,2.235320726977008,0.35238289444348325,20,89,12,54,98
4,11,0.43108756299606954,0.0385824481625405,0.8563352889455038,0.0030997286222090126,"{'bagging_fraction': np.float64(0.5143718387908688), 'bagging_freq': 52, 'feature_fraction': np.float64(0.4187737565379399), 'lambda_l1': np.float64(0.5634507850001904), 'lambda_l2': np.float64(2.3702182246281325), 'learning_rate': np.float64(0.11818939421965505), 'max_depth': 22, 'min_child_samples': 99, 'min_child_weight': 6, 'n_estimators': 102, 'num_leaves': 127}",0.5143718387908688,52,0.4187737565379399,0.5634507850001904,2.3702182246281325,0.11818939421965505,22,99,6,102,127
4,12,0.31227363651374856,0.015778161396594582,0.8654032472256574,0.006179753903331909,"{'bagging_fraction': np.float64(0.611129742147927), 'bagging_freq': 49, 'feature_fraction': np.float64(0.5493714113518721), 'lambda_l1': np.float64(1.932624265684317), 'lambda_l2': np.float64(1.099605740539239), 'learning_rate': np.float64(0.926333800340553), 'max_depth': 24, 'min_child_samples': 114, 'min_child_weight': 15, 'n_estimators': 111, 'num_leaves': 149}",0.611129742147927,49,0.5493714113518721,1.932624265684317,1.099605740539239,0.926333800340553,24,114,15,111,149
4,13,0.39937618784144013,0.02845533474169116,0.8632668180729468,0.005539341880978027,"{'bagging_fraction': np.float64(0.7698869998564548), 'bagging_freq': 63, 'feature_fraction': np.float64(0.287767689026339), 'lambda_l1': np.float64(0.8907563507104584), 'lambda_l2': np.float64(1.2008409895723993), 'learning_rate': np.float64(0.5860688512626155), 'max_depth': 20, 'min_child_samples': 53, 'min_child_weight': 12, 'n_estimators': 42, 'num_leaves': 175}",0.7698869998564548,63,0.287767689026339,0.8907563507104584,1.2008409895723993,0.5860688512626155,20,53,12,42,175
4,14,0.32915938696058006,0.031779000316210004,0.6620246305847675,0.003987396158127696,"{'bagging_fraction': np.float64(0.5135160522159108), 'bagging_freq': 40, 'feature_fraction': np.float64(0.16462474693096665), 'lambda_l1': np.float64(1.8926397670752662), 'lambda_l2': np.float64(1.2701482488358566), 'learning_rate': np.float64(0.19456742882077263), 'max_depth': 23, 'min_child_samples': 69, 'min_child_weight': 17, 'n_estimators': 66, 'num_leaves': 188}",0.5135160522159108,40,0.16462474693096665,1.8926397670752662,1.2701482488358566,0.19456742882077263,23,69,17,66,188
4,15,0.35188387748984434,0.019658093952109084,0.9950839810130871,0.001634496048749139,"{'bagging_fraction': np.float64(0.9017075336342701), 'bagging_freq': 16, 'feature_fraction': np.float64(0.5317688320609788), 'lambda_l1': np.float64(0.9765930865789615), 'lambda_l2': np.float64(2.220156659820313), 'learning_rate': np.float64(0.9343562042265463), 'max_depth': 24, 'min_child_samples': 72, 'min_child_weight': 19, 'n_estimators': 116, 'num_leaves': 147}",0.9017075336342701,16,0.5317688320609788,0.9765930865789615,2.220156659820313,0.9343562042265463,24,72,19,116,147
4,16,0.3170205609390687,0.013312043060827566,0.7788142717731361,0.005659602213976428,"{'bagging_fraction': np.float64(0.6702244608594469), 'bagging_freq': 63, 'feature_fraction': np.float64(0.5098371467078899), 'lambda_l1': np.float64(1.381165549895436), 'lambda_l2': np.float64(1.6832066259764487), 'learning_rate': np.float64(1.0900912515316463), 'max_depth': 13, 'min_child_samples': 89, 'min_child_weight': 12, 'n_estimators': 56, 'num_leaves': 69}",0.6702244608594469,63,0.5098371467078899,1.381165549895436,1.6832066259764487,1.0900912515316463,13,89,12,56,69
4,17,0.29943271386862297,0.007383803554177874,0.7274977241975957,0.004692108353628343,"{'bagging_fraction': np.float64(0.6446549256062849), 'bagging_freq': 19, 'feature_fraction': np.float64(0.14568102295282612), 'lambda_l1': np.float64(1.9908610159793296), 'lambda_l2': np.float64(2.489597073752894), 'learning_rate': np.float64(0.9466017378857351), 'max_depth': 28, 'min_child_samples': 59, 'min_child_weight': 21, 'n_estimators': 45, 'num_leaves': 76}",0.6446549256062849,19,0.14568102295282612,1.9908610159793296,2.489597073752894,0.9466017378857351,28,59,21,45,76
4,18,0.3983111589632731,0.0228313331436345,0.9486414648864686,0.004819655820246372,"{'bagging_fraction': np.float64(0.9132024619779324), 'bagging_freq': 43, 'feature_fraction': np.float64(0.36981373089281233), 'lambda_l1': np.float64(1.8881009372203452), 'lambda_l2': np.float64(1.56422981167822), 'learning_rate': np.float64(1.0247020796627102), 'max_depth': 21, 'min_child_samples': 66, 'min_child_weight': 8, 'n_estimators': 37, 'num_leaves': 111}",0.9132024619779324,43,0.36981373089281233,1.8881009372203452,1.56422981167822,1.0247020796627102,21,66,8,37,111
4,19,0.3258452937141665,0.027506572030755256,0.8260333629616344,0.0037253426167661867,"{'bagging_fraction': np.float64(0.613667131886711), 'bagging_freq': 66, 'feature_fraction': np.float64(0.3661276224325143), 'lambda_l1': np.float64(1.5385544179040946), 'lambda_l2': np.float64(2.0679322532598494), 'learning_rate': np.float64(0.6092260720235638), 'max_depth': 23, 'min_child_samples': 54, 'min_child_weight': 17, 'n_estimators': 106, 'num_leaves': 53}",0.613667131886711,66,0.3661276224325143,1.5385544179040946,2.0679322532598494,0.6092260720235638,23,54,17,106,53
5,0,0.40535275111712393,0.01658110106840966,0.8293575964813226,0.006070273957008389,"{'bagging_fraction': np.float64(0.6987756770707199), 'bagging_freq': 61, 'feature_fraction': np.float64(0.441617319792014), 'lambda_l1': np.float64(1.7930656857821463), 'lambda_l2': np.float64(1.9740907872928901), 'learning_rate': np.float64(0.5100139661774462), 'max_depth': 11, 'min_child_samples': 62, 'min_child_weight': 10, 'n_estimators': 48, 'num_leaves': 118}",0.6987756770707199,61,0.441617319792014,1.7930656857821463,1.9740907872928901,0.5100139661774462,11,62,10,48,118
5,1,0.3560684961311552,0.03584708202161994,0.9484108386316255,0.002392799992890338,"{'bagging_fraction': np.float64(0.8162983314761676), 'bagging_freq': 57, 'feature_fraction': np.float64(0.15819193340269858), 'lambda_l1': np.float64(1.9750021328855447), 'lambda_l2': np.float64(1.423067783854406), 'learning_rate': np.float64(0.7633872982875267), 'max_depth': 11, 'min_child_samples': 62, 'min_child_weight': 20, 'n_estimators': 136, 'num_leaves': 71}",0.8162983314761676,57,0.15819193340269858,1.9750021328855447,1.423067783854406,0.7633872982875267,11,62,20,136,71
5,2,0.28402083548131407,0.01008490266456051,0.8700426342523413,0.00531864559624163,"{'bagging_fraction': np.float64(0.6818770427746169), 'bagging_freq': 22, 'feature_fraction': np.float64(0.3045083521093812), 'lambda_l1': np.float64(0.9073991209292802), 'lambda_l2': np.float64(1.3610896389068323), 'learning_rate': np.float64(1.0819780821144716), 'max_depth': 22, 'min_child_samples': 108, 'min_child_weight': 20, 'n_estimators': 84, 'num_leaves': 67}",0.6818770427746169,22,0.3045083521093812,0.9073991209292802,1.3610896389068323,1.0819780821144716,22,108,20,84,67
5,3,0.41874919608598676,0.021192822441507792,0.9694943460121559,0.0021621984208563144,"{'bagging_fraction': np.float64(0.9247336766270842), 'bagging_freq': 58, 'feature_fraction': np.float64(0.2645501566845243), 'lambda_l1': np.float64(0.851900201091673), 'lambda_l2': np.float64(2.4771312558907805), 'learning_rate': np.float64(0.6493635076278672), 'max_depth': 10, 'min_child_samples': 118, 'min_child_weight': 16, 'n_estimators': 77, 'num_leaves': 164}",0.9247336766270842,58,0.2645501566845243,0.851900201091673,2.4771312558907805,0.6493635076278672,10,118,16,77,164
5,4,0.504328800505365,0.04589691452034048,0.9825624377393695,0.002070184096086018,"{'bagging_fraction': np.float64(0.9402691001135837), 'bagging_freq': 58, 'feature_fraction': np.float64(0.13677333811154843), 'lambda_l1': np.float64(1.8274865132236864), 'lambda_l2': np.float64(1.7019387054658863), 'learning_rate': np.float64(0.25481566453064153), 'max_depth': 15, 'min_child_samples': 51, 'min_child_weight': 8, 'n_estimators': 78, 'num_leaves': 154}",0.9402691001135837,58,0.13677333811154843,1.8274865132236864,1.7019387054658863,0.25481566453064153,15,51,8,78,154
5,5,0.4420744527505363,0.03903966413654546,0.9603810525082122,0.004602175917178668,"{'bagging_fraction': np.float64(0.7563420493353916), 'bagging_freq': 49, 'feature_fraction': np.float64(0.45791035560060456), 'lambda_l1': np.float64(0.7782154119155067), 'lambda_l2': np.float64(1.7373759028313283), 'learning_rate': np.float64(0.5147826558458855), 'max_depth': 18, 'min_child_samples': 116, 'min_child_weight': 5, 'n_estimators': 76, 'num_leaves': 96}",0.7563420493353916,49,0.45791035560060456,0.7782154119155067,1.7373759028313283,0.5147826558458855,18,116,5,76,96
5,6,0.45347968612797224,0.03122637331534345,0.990107153201555,0.0026188031057156488,"{'bagging_fraction': np.float64(0.8003538685255511), 'bagging_freq': 27, 'feature_fraction': np.float64(0.4428336252550884), 'lambda_l1': np.float64(1.0224772919179939), 'lambda_l2': np.float64(1.8671112511537529), 'learning_rate': np.float64(0.3366697203219631), 'max_depth': 11, 'min_child_samples': 72, 'min_child_weight': 12, 'n_estimators': 121, 'num_leaves': 120}",0.8003538685255511,27,0.4428336252550884,1.0224772919179939,1.8671112511537529,0.3366697203219631,11,72,12,121,120
5,7,0.36541952335999023,0.026155307000551596,0.9980858338676268,0.0012568083191696327,"{'bagging_fraction': np.float64(0.8832338720951793), 'bagging_freq': 14, 'feature_fraction': np.float64(0.35576436826020963), 'lambda_l1': np.float64(1.6224368681886652), 'lambda_l2': np.float64(2.3114341288272766), 'learning_rate': np.float64(0.973141030446449), 'max_depth': 14, 'min_child_samples': 59, 'min_child_weight': 17, 'n_estimators': 144, 'num_leaves': 119}",0.8832338720951793,14,0.35576436826020963,1.6224368681886652,2.3114341288272766,0.973141030446449,14,59,17,144,119
5,8,0.3934237882196453,0.02887412433304516,0.9968798945884771,0.0011785787233810502,"{'bagging_fraction': np.float64(0.923290190759096), 'bagging_freq': 21, 'feature_fraction': np.float64(0.4073807873502384), 'lambda_l1': np.float64(0.5991253788028703), 'lambda_l2': np.float64(1.241501424298752), 'learning_rate': np.float64(0.5045203560079831), 'max_depth': 16, 'min_child_samples': 82, 'min_child_weight': 18, 'n_estimators': 110, 'num_leaves': 97}",0.923290190759096,21,0.4073807873502384,0.5991253788028703,1.241501424298752,0.5045203560079831,16,82,18,110,97
5,9,0.422183693476618,0.022765740118798387,0.9799141609786519,0.0020021959098277743,"{'bagging_fraction': np.float64(0.918515068316645), 'bagging_freq': 63, 'feature_fraction': np.float64(0.4872526250204613), 'lambda_l1': np.float64(1.2122024019498636), 'lambda_l2': np.float64(1.8139728606717798), 'learning_rate': np.float64(0.5244426558554588), 'max_depth': 16, 'min_child_samples': 59, 'min_child_weight': 18, 'n_estimators': 121, 'num_leaves': 64}",0.918515068316645,63,0.4872526250204613,1.2122024019498636,1.8139728606717798,0.5244426558554588,16,59,18,121,64
5,10,0.47924987283913795,0.046365761295671166,0.9636243658563753,0.004201409335096713,"{'bagging_fraction': np.float64(0.8170883977863098), 'bagging_freq': 69, 'feature_fraction': np.float64(0.2942140334410178), 'lambda_l1': np.float64(1.67649673238033), 'lambda_l2': np.float64(2.149158779760846), 'learning_rate': np.float64(0.2325132313147599), 'max_depth': 14, 'min_child_samples': 80, 'min_child_weight': 11, 'n_estimators': 111, 'num_leaves': 171}",0.8170883977863098,69,0.2942140334410178,1.67649673238033,2.149158779760846,0.2325132313147599,14,80,11,111,171
5,11,0.37400277469669363,0.030860618652882713,0.8041314170062464,0.043066123136481664,"{'bagging_fraction': np.float64(0.6417871918624353), 'bagging_freq': 36, 'feature_fraction': np.float64(0.2323607550140306), 'lambda_l1': np.float64(1.7156842686961546), 'lambda_l2': np.float64(2.310700880322214), 'learning_rate': np.float64(1.050859964422812), 'max_depth': 22, 'min_child_samples': 74, 'min_child_weight': 4, 'n_estimators': 58, 'num_leaves': 89}",0.6417871918624353,36,0.2323607550140306,1.7156842686961546,2.310700880322214,1.050859964422812,22,74,4,58,89
5,12,0.3831032690882631,0.029870944900853406,0.9722524772443654,0.002791880880520795,"{'bagging_fraction': np.float64(0.8338355010595567), 'bagging_freq': 65, 'feature_fraction': np.float64(0.2037079214902036), 'lambda_l1': np.float64(1.404823991197784), 'lambda_l2': np.float64(1.6849443969568223), 'learning_rate': np.float64(0.8647325343730502), 'max_depth': 14, 'min_child_samples': 66, 'min_child_weight': 11, 'n_estimators': 130, 'num_leaves': 105}",0.8338355010595567,65,0.2037079214902036,1.404823991197784,1.6849443969568223,0.8647325343730502,14,66,11,130,105
5,13,0.3584416965795573,0.029747166246697435,0.9042667752294541,0.00272659236161447,"{'bagging_fraction': np.float64(0.6660583412306064), 'bagging_freq': 61, 'feature_fraction': np.float64(0.4960132494389612), 'lambda_l1': np.float64(1.1366945205924697), 'lambda_l2': np.float64(2.3204146435502597), 'learning_rate': np.float64(0.7795745166838095), 'max_depth': 21, 'min_child_samples': 52, 'min_child_weight': 10, 'n_estimators': 93, 'num_leaves': 98}",0.6660583412306064,61,0.4960132494389612,1.1366945205924697,2.3204146435502597,0.7795745166838095,21,52,10,93,98
5,14,0.40092687934814564,0.016812758481844263,0.9387527273166698,0.005888047384337846,"{'bagging_fraction': np.float64(0.7093096338302927), 'bagging_freq': 26, 'feature_fraction': np.float64(0.3327489445134991), 'lambda_l1': np.float64(0.9370109416507226), 'lambda_l2': np.float64(1.4233475745623878), 'learning_rate': np.float64(0.23747180475157806), 'max_depth': 24, 'min_child_samples': 88, 'min_child_weight': 19, 'n_estimators': 146, 'num_leaves': 135}",0.7093096338302927,26,0.3327489445134991,0.9370109416507226,1.4233475745623878,0.23747180475157806,24,88,19,146,135
5,15,0.3155684647752425,0.0187644962594535,0.7979635652818874,0.0030975329777320777,"{'bagging_fraction': np.float64(0.584883678557094), 'bagging_freq': 50, 'feature_fraction': np.float64(0.2806547552568992), 'lambda_l1': np.float64(0.5911744472883254), 'lambda_l2': np.float64(1.6368423000850334), 'learning_rate': np.float64(0.7460994969984088), 'max_depth': 16, 'min_child_samples': 102, 'min_child_weight': 16, 'n_estimators': 79, 'num_leaves': 80}",0.584883678557094,50,0.2806547552568992,0.5911744472883254,1.6368423000850334,0.7460994969984088,16,102,16,79,80
5,16,0.336035147742888,0.0242298516330996,0.7611359631546591,0.00511101141637255,"{'bagging_fraction': np.float64(0.643431751117887), 'bagging_freq': 65, 'feature_fraction': np.float64(0.1950560754808229), 'lambda_l1': np.float64(0.5223874886034481), 'lambda_l2': np.float64(1.5966530787393465), 'learning_rate': np.float64(1.093974244108168), 'max_depth': 23, 'min_child_samples': 54, 'min_child_weight': 9, 'n_estimators': 58, 'num_leaves': 145}",0.643431751117887,65,0.1950560754808229,0.5223874886034481,1.5966530787393465,1.093974244108168,23,54,9,58,145
5,17,0.35921927293403344,0.02474599483758474,0.7409749635768431,0.007878716971723817,"{'bagging_fraction': np.float64(0.5510461490644395), 'bagging_freq': 63, 'feature_fraction': np.float64(0.29247991193911715), 'lambda_l1': np.float64(1.579433146262251), 'lambda_l2': np.float64(2.1028598392105726), 'learning_rate': np.float64(0.21559051866665294), 'max_depth': 28, 'min_child_samples': 85, 'min_child_weight': 14, 'n_estimators': 69, 'num_leaves': 197}",0.5510461490644395,63,0.29247991193911715,1.579433146262251,2.1028598392105726,0.21559051866665294,28,85,14,69,197
5,18,0.4094827089594987,0.03876739524696661,0.8731079380099442,0.04738056139039325,"{'bagging_fraction': np.float64(0.7046496926079975), 'bagging_freq': 42, 'feature_fraction': np.float64(0.18511166488000644), 'lambda_l1': np.float64(1.8504063327665885), 'lambda_l2': np.float64(2.3249099516905303), 'learning_rate': np.float64(0.7894718548099039), 'max_depth': 13, 'min_child_samples': 58, 'min_child_weight': 4, 'n_estimators': 115, 'num_leaves': 79}",0.7046496926079975,42,0.18511166488000644,1.8504063327665885,2.3249099516905303,0.7894718548099039,13,58,4,115,79
5,19,0.49434497872304795,0.024175535587293396,0.9987137196502432,0.0006781872145524343,"{'bagging_fraction': np.float64(0.9284940920931117), 'bagging_freq': 13, 'feature_fraction': np.float64(0.12788786545331518), 'lambda_l1': np.float64(1.7097256350002086), 'lambda_l2': np.float64(1.8973200980268021), 'learning_rate': np.float64(0.4846323787602478), 'max_depth': 29, 'min_child_samples': 88, 'min_child_weight': 5, 'n_estimators': 81, 'num_leaves': 161}",0.9284940920931117,13,0.12788786545331518,1.7097256350002086,1.8973200980268021,0.4846323787602478,29,88,5,81,161
6,0,0.29724352886536287,0.028878220300329653,0.7832917507696905,0.012894723288314158,"{'bagging_fraction': np.float64(0.6217676876898868), 'bagging_freq': 52, 'feature_fraction': np.float64(0.29023582417433347), 'lambda_l1': np.float64(1.440881979857617), 'lambda_l2': np.float64(1.5893971151208932), 'learning_rate': np.float64(0.7679994316967192), 'max_depth': 17, 'min_child_samples': 59, 'min_child_weight': 20, 'n_estimators': 81, 'num_leaves': 181}",0.6217676876898868,52,0.29023582417433347,1.440881979857617,1.5893971151208932,0.7679994316967192,17,59,20,81,181
6,1,0.3705527028368441,0.015187109936947876,0.9895756930302488,0.002079371418352246,"{'bagging_fraction': np.float64(0.7778103905110085), 'bagging_freq': 29, 'feature_fraction': np.float64(0.4953143036105978), 'lambda_l1': np.float64(0.9992369852696681), 'lambda_l2': np.float64(1.518128339721117), 'learning_rate': np.float64(0.96936540462286), 'max_depth': 20, 'min_child_samples': 107, 'min_child_weight': 10, 'n_estimators': 125, 'num_leaves': 92}",0.7778103905110085,29,0.4953143036105978,0.9992369852696681,1.518128339721117,0.96936540462286,20,107,10,125,92
6,2,0.4734312515306761,0.043566732121797784,0.9223505003068538,0.002647673800585154,"{'bagging_fraction': np.float64(0.6587279010575025), 'bagging_freq': 53, 'feature_fraction': np.float64(0.23707004716383281), 'lambda_l1': np.float64(1.1592571377252003), 'lambda_l2': np.float64(2.387226844307781), 'learning_rate': np.float64(0.10303588668532374), 'max_depth': 11, 'min_child_samples': 58, 'min_child_weight': 7, 'n_estimators': 104, 'num_leaves': 58}",0.6587279010575025,53,0.23707004716383281,1.1592571377252003,2.387226844307781,0.10303588668532374,11,58,7,104,58
6,3,0.416127665246667,0.025378588873147968,0.8692528594847003,0.008580816410102459,"{'bagging_fraction': np.float64(0.6077901472180439), 'bagging_freq': 53, 'feature_fraction': np.float64(0.5956609001115865), 'lambda_l1': np.float64(1.4497577520624767), 'lambda_l2': np.float64(1.2190139250004615), 'learning_rate': np.float64(0.25133948555557184), 'max_depth': 10, 'min_child_samples': 85, 'min_child_weight': 12, 'n_estimators': 81, 'num_leaves': 139}",0.6077901472180439,53,0.5956609001115865,1.4497577520624767,1.2190139250004615,0.25133948555557184,10,85,12,81,139
6,4,0.3740445109903546,0.017204253364697924,0.96426512343905,0.002425831310372552,"{'bagging_fraction': np.float64(0.7925473448070914), 'bagging_freq': 66, 'feature_fraction': np.float64(0.5057828765841088), 'lambda_l1': np.float64(1.989638991402483), 'lambda_l2': np.float64(1.6901275702816787), 'learning_rate': np.float64(1.0794045758104303), 'max_depth': 24, 'min_child_samples': 58, 'min_child_weight': 12, 'n_estimators': 147, 'num_leaves': 59}",0.7925473448070914,66,0.5057828765841088,1.989638991402483,1.6901275702816787,1.0794045758104303,24,58,12,147,59
6,5,0.38134755184117586,0.02665220110502428,0.9536949446474768,0.005775987087290807,"{'bagging_fraction': np.float64(0.9481272629057005), 'bagging_freq': 54, 'feature_fraction': np.float64(0.2679054760631505), 'lambda_l1': np.float64(1.7192548175687838), 'lambda_l2': np.float64(2.0401272494292737), 'learning_rate': np.float64(1.0629095611120292), 'max_depth': 25, 'min_child_samples': 80, 'min_child_weight': 18, 'n_estimators': 41, 'num_leaves': 64}",0.9481272629057005,54,0.2679054760631505,1.7192548175687838,2.0401272494292737,1.0629095611120292,25,80,18,41,64
6,6,0.4066208328878308,0.02937332289255792,0.997182253906739,0.0010454414592477531,"{'bagging_fraction': np.float64(0.9220201342919294), 'bagging_freq': 33, 'feature_fraction': np.float64(0.33852166506518433), 'lambda_l1': np.float64(1.1740500121576283), 'lambda_l2': np.float64(1.7237134354130286), 'learning_rate': np.float64(1.0377321387572922), 'max_depth': 16, 'min_child_samples': 81, 'min_child_weight': 5, 'n_estimators': 148, 'num_leaves': 185}",0.9220201342919294,33,0.33852166506518433,1.1740500121576283,1.7237134354130286,1.0377321387572922,16,81,5,148,185
6,7,0.45254076357194795,0.021589708648592894,0.9709017189373202,0.0025730943486344015,"{'bagging_fraction': np.float64(0.8670498213878405), 'bagging_freq': 41, 'feature_fraction': np.float64(0.28619935245396044), 'lambda_l1': np.float64(0.6232817428097824), 'lambda_l2': np.float64(1.618844048594316), 'learning_rate': np.float64(0.18244905390827118), 'max_depth': 17, 'min_child_samples': 87, 'min_child_weight': 18, 'n_estimators': 119, 'num_leaves': 51}",0.8670498213878405,41,0.28619935245396044,0.6232817428097824,1.618844048594316,0.18244905390827118,17,87,18,119,51
6,8,0.3451066885018035,0.041515788811380114,0.8503006263593897,0.009121401650810674,"{'bagging_fraction': np.float64(0.6063941398444879), 'bagging_freq': 27, 'feature_fraction': np.float64(0.3461311678154845), 'lambda_l1': np.float64(1.1881304745002632), 'lambda_l2': np.float64(2.4471913252097792), 'learning_rate': np.float64(1.0206142042317738), 'max_depth': 14, 'min_child_samples': 107, 'min_child_weight': 7, 'n_estimators': 36, 'num_leaves': 124}",0.6063941398444879,27,0.3461311678154845,1.1881304745002632,2.4471913252097792,1.0206142042317738,14,107,7,36,124
6,9,0.34763642053615007,0.024122697914199354,0.8749697915630182,0.007214717990062117,"{'bagging_fraction': np.float64(0.6763813834793933), 'bagging_freq': 13, 'feature_fraction': np.float64(0.11603422173176062), 'lambda_l1': np.float64(1.3282964915395208), 'lambda_l2': np.float64(1.0020536137948801), 'learning_rate': np.float64(0.649144257207039), 'max_depth': 23, 'min_child_samples': 81, 'min_child_weight': 19, 'n_estimators': 66, 'num_leaves': 99}",0.6763813834793933,13,0.11603422173176062,1.3282964915395208,1.0020536137948801,0.649144257207039,23,81,19,66,99
6,10,0.4695361774799694,0.04686401849664446,0.9749219872342095,0.0029441850495144774,"{'bagging_fraction': np.float64(0.7898066625415463), 'bagging_freq': 41, 'feature_fraction': np.float64(0.15167958050585653), 'lambda_l1': np.float64(1.621639078273481), 'lambda_l2': np.float64(2.051171504539697), 'learning_rate': np.float64(0.3420993231068373), 'max_depth': 19, 'min_child_samples': 74, 'min_child_weight': 10, 'n_estimators': 94, 'num_leaves': 199}",0.7898066625415463,41,0.15167958050585653,1.621639078273481,2.051171504539697,0.3420993231068373,19,74,10,94,199
6,11,0.4182707948651686,0.02342211408237549,0.9561280605314684,0.0332990764250764,"{'bagging_fraction': np.float64(0.8447095209655897), 'bagging_freq': 38, 'feature_fraction': np.float64(0.20862600583649935), 'lambda_l1': np.float64(1.5127914449790196), 'lambda_l2': np.float64(1.329670375578583), 'learning_rate': np.float64(0.907555516808678), 'max_depth': 15, 'min_child_samples': 113, 'min_child_weight': 4, 'n_estimators': 59, 'num_leaves': 93}",0.8447095209655897,38,0.20862600583649935,1.5127914449790196,1.329670375578583,0.907555516808678,15,113,4,59,93
6,12,0.43757965962270984,0.017725521822983578,0.9733927122941128,0.002300861645421968,"{'bagging_fraction': np.float64(0.7360035328860038), 'bagging_freq': 14, 'feature_fraction': np.float64(0.5095512980002663), 'lambda_l1': np.float64(1.631919524182398), 'lambda_l2': np.float64(1.1996262299960083), 'learning_rate': np.float64(0.3018182889026769), 'max_depth': 18, 'min_child_samples': 58, 'min_child_weight': 11, 'n_estimators': 64, 'num_leaves': 156}",0.7360035328860038,14,0.5095512980002663,1.631919524182398,1.1996262299960083,0.3018182889026769,18,58,11,64,156
6,13,0.4076706736072163,0.04389635998437117,0.8673414450368252,0.005135084430633244,"{'bagging_fraction': np.float64(0.764534015325079), 'bagging_freq': 59, 'feature_fraction': np.float64(0.42246247317485264), 'lambda_l1': np.float64(1.6038551339064804), 'lambda_l2': np.float64(1.3215335420913406), 'learning_rate': np.float64(0.6746100069272741), 'max_depth': 27, 'min_child_samples': 73, 'min_child_weight': 4, 'n_estimators': 139, 'num_leaves': 116}",0.764534015325079,59,0.42246247317485264,1.6038551339064804,1.3215335420913406,0.6746100069272741,27,73,4,139,116
6,14,0.4698485862554344,0.02942007792651178,0.9969581344785308,0.0006230555839134972,"{'bagging_fraction': np.float64(0.9499807463352111), 'bagging_freq': 26, 'feature_fraction': np.float64(0.4814357164558114), 'lambda_l1': np.float64(1.516770416062618), 'lambda_l2': np.float64(1.67484925244064), 'learning_rate': np.float64(0.4294542817053243), 'max_depth': 15, 'min_child_samples': 107, 'min_child_weight': 10, 'n_estimators': 71, 'num_leaves': 162}",0.9499807463352111,26,0.4814357164558114,1.516770416062618,1.67484925244064,0.4294542817053243,15,107,10,71,162
6,15,0.30004409291179285,0.037626316768628584,0.7152936293908008,0.003030773284354826,"{'bagging_fraction': np.float64(0.5844712336944881), 'bagging_freq': 61, 'feature_fraction': np.float64(0.4337248902321381), 'lambda_l1': np.float64(0.5947374601103774), 'lambda_l2': np.float64(1.4487384361407925), 'learning_rate': np.float64(1.0518771080472231), 'max_depth': 20, 'min_child_samples': 59, 'min_child_weight': 10, 'n_estimators': 52, 'num_leaves': 179}",0.5844712336944881,61,0.4337248902321381,0.5947374601103774,1.4487384361407925,1.0518771080472231,20,59,10,52,179
6,16,0.3395447749570425,0.041064443648155216,0.8423152312558244,0.00830544376249668,"{'bagging_fraction': np.float64(0.5735125289003923), 'bagging_freq': 32, 'feature_fraction': np.float64(0.49971917733651583), 'lambda_l1': np.float64(0.6899176157924761), 'lambda_l2': np.float64(1.2899210214601649), 'learning_rate': np.float64(0.9522456959927561), 'max_depth': 19, 'min_child_samples': 53, 'min_child_weight': 6, 'n_estimators': 64, 'num_leaves': 136}",0.5735125289003923,32,0.49971917733651583,0.6899176157924761,1.2899210214601649,0.9522456959927561,19,53,6,64,136
6,17,0.3791360890962817,0.02282520745076262,0.7528150364202493,0.017382193518679315,"{'bagging_fraction': np.float64(0.6821604362635025), 'bagging_freq': 49, 'feature_fraction': np.float64(0.5166916551177788), 'lambda_l1': np.float64(1.5420227456698345), 'lambda_l2': np.float64(1.629309463090856), 'learning_rate': np.float64(0.1319045704003591), 'max_depth': 10, 'min_child_samples': 108, 'min_child_weight': 18, 'n_estimators': 59, 'num_leaves': 133}",0.6821604362635025,49,0.5166916551177788,1.5420227456698345,1.629309463090856,0.1319045704003591,10,108,18,59,133
6,18,0.4042450712415798,0.021424458940761466,0.7397292292545046,0.0642523063730022,"{'bagging_fraction': np.float64(0.5057732708480369), 'bagging_freq': 65, 'feature_fraction': np.float64(0.4459105728739846), 'lambda_l1': np.float64(1.5106629914764176), 'lambda_l2': np.float64(2.2687794897769327), 'learning_rate': np.float64(0.37545069258916397), 'max_depth': 26, 'min_child_samples': 79, 'min_child_weight': 4, 'n_estimators': 136, 'num_leaves': 63}",0.5057732708480369,65,0.4459105728739846,1.5106629914764176,2.2687794897769327,0.37545069258916397,26,79,4,136,63
6,19,0.3719930425372068,0.03378288681778187,0.8328718548159572,0.01114184046714548,"{'bagging_fraction': np.float64(0.5207906875314033), 'bagging_freq': 56, 'feature_fraction': np.float64(0.14628698912949525), 'lambda_l1': np.float64(1.519691163355637), 'lambda_l2': np.float64(1.1380919288258695), 'learning_rate': np.float64(0.770117579283155), 'max_depth': 19, 'min_child_samples': 113, 'min_child_weight': 4, 'n_estimators': 123, 'num_leaves': 67}",0.5207906875314033,56,0.14628698912949525,1.519691163355637,1.1380919288258695,0.770117579283155,19,113,4,123,67
7,0,0.43735025186290766,0.02560872917548724,0.9992747952072479,0.00047382787671750444,"{'bagging_fraction': np.float64(0.8951159230389822), 'bagging_freq': 12, 'feature_fraction': np.float64(0.4950241986202182), 'lambda_l1': np.float64(1.9586670015047833), 'lambda_l2': np.float64(1.5372481459501333), 'learning_rate': np.float64(0.3807505554299777), 'max_depth': 22, 'min_child_samples': 79, 'min_child_weight': 17, 'n_estimators': 148, 'num_leaves': 191}",0.8951159230389822,12,0.4950241986202182,1.9586670015047833,1.5372481459501333,0.3807505554299777,22,79,17,148,191
7,1,0.3370020576446624,0.01810816404472385,0.771998766653503,0.04976692330084077,"{'bagging_fraction': np.float64(0.6020083602511751), 'bagging_freq': 64, 'feature_fraction': np.float64(0.42646233103117537), 'lambda_l1': np.float64(1.8674128725071304), 'lambda_l2': np.float64(2.450738319039882), 'learning_rate': np.float64(1.0107790076387833), 'max_depth': 14, 'min_child_samples': 114, 'min_child_weight': 6, 'n_estimators': 107, 'num_leaves': 196}",0.6020083602511751,64,0.42646233103117537,1.8674128725071304,2.450738319039882,1.0107790076387833,14,114,6,107,196
7,2,0.33990358004642623,0.026991876419961407,0.8210717016838393,0.008389249230204829,"{'bagging_fraction': np.float64(0.6691344698021753), 'bagging_freq': 60, 'feature_fraction': np.float64(0.12772851673851196), 'lambda_l1': np.float64(0.9206467545456198), 'lambda_l2': np.float64(2.2596694122348566), 'learning_rate': np.float64(0.601181057888084), 'max_depth': 16, 'min_child_samples': 94, 'min_child_weight': 19, 'n_estimators': 81, 'num_leaves': 102}",0.6691344698021753,60,0.12772851673851196,0.9206467545456198,2.2596694122348566,0.601181057888084,16,94,19,81,102
7,3,0.39075112429382824,0.039903562077797515,0.9130871759245467,0.006684218109453903,"{'bagging_fraction': np.float64(0.6651100140454798), 'bagging_freq': 50, 'feature_fraction': np.float64(0.13842478109436832), 'lambda_l1': np.float64(0.6127937193144155), 'lambda_l2': np.float64(2.094094857255346), 'learning_rate': np.float64(0.6562677085180246), 'max_depth': 25, 'min_child_samples': 109, 'min_child_weight': 8, 'n_estimators': 74, 'num_leaves': 199}",0.6651100140454798,50,0.13842478109436832,0.6127937193144155,2.094094857255346,0.6562677085180246,25,109,8,74,199
7,4,0.36041896340318924,0.02426260255156768,0.810204406535101,0.00955092826110796,"{'bagging_fraction': np.float64(0.7013015935458653), 'bagging_freq': 53, 'feature_fraction': np.float64(0.15866848429836675), 'lambda_l1': np.float64(1.0456918305078562), 'lambda_l2': np.float64(1.58735186630691), 'learning_rate': np.float64(0.5544974298539446), 'max_depth': 20, 'min_child_samples': 107, 'min_child_weight': 18, 'n_estimators': 55, 'num_leaves': 193}",0.7013015935458653,53,0.15866848429836675,1.0456918305078562,1.58735186630691,0.5544974298539446,20,107,18,55,193
7,5,0.3287041379078989,0.021960674199034583,0.7248395738518132,0.008430754583582448,"{'bagging_fraction': np.float64(0.6039553144365725), 'bagging_freq': 14, 'feature_fraction': np.float64(0.13566541950834474), 'lambda_l1': np.float64(1.6525839388754076), 'lambda_l2': np.float64(1.8447799938735587), 'learning_rate': np.float64(0.5522173611223392), 'max_depth': 15, 'min_child_samples': 102, 'min_child_weight': 18, 'n_estimators': 34, 'num_leaves': 122}",0.6039553144365725,14,0.13566541950834474,1.6525839388754076,1.8447799938735587,0.5522173611223392,15,102,18,34,122
7,6,0.4415732204081726,0.012158404393590136,0.8502296805745828,0.00852329660504269,"{'bagging_fraction': np.float64(0.7128032874630176), 'bagging_freq': 66, 'feature_fraction': np.float64(0.5246980639686529), 'lambda_l1': np.float64(1.8199566597036703), 'lambda_l2': np.float64(2.495468828021313), 'learning_rate': np.float64(0.30423014395462444), 'max_depth': 13, 'min_child_samples': 92, 'min_child_weight': 8, 'n_estimators': 55, 'num_leaves': 99}",0.7128032874630176,66,0.5246980639686529,1.8199566597036703,2.495468828021313,0.30423014395462444,13,92,8,55,99
7,7,0.3889732833980025,0.030415212912356604,0.9949265526509095,0.0009618172879645629,"{'bagging_fraction': np.float64(0.8773822079666669), 'bagging_freq': 32, 'feature_fraction': np.float64(0.49133366543797363), 'lambda_l1': np.float64(1.4815469604548606), 'lambda_l2': np.float64(1.0323057020179212), 'learning_rate': np.float64(0.914143559902484), 'max_depth': 14, 'min_child_samples': 69, 'min_child_weight': 12, 'n_estimators': 137, 'num_leaves': 180}",0.8773822079666669,32,0.49133366543797363,1.4815469604548606,1.0323057020179212,0.914143559902484,14,69,12,137,180
7,8,0.4109825927074793,0.030527914413338415,0.9538341018755616,0.0012243300054983627,"{'bagging_fraction': np.float64(0.6379960351562566), 'bagging_freq': 24, 'feature_fraction': np.float64(0.5635367295992951), 'lambda_l1': np.float64(1.5080583939718908), 'lambda_l2': np.float64(1.571323417567471), 'learning_rate': np.float64(0.25809484046176645), 'max_depth': 21, 'min_child_samples': 57, 'min_child_weight': 14, 'n_estimators': 139, 'num_leaves': 110}",0.6379960351562566,24,0.5635367295992951,1.5080583939718908,1.571323417567471,0.25809484046176645,21,57,14,139,110
7,9,0.4020536728475704,0.034946808438721125,0.9577792720935874,0.004751621348807179,"{'bagging_fraction': np.float64(0.5682478837374663), 'bagging_freq': 15, 'feature_fraction': np.float64(0.3089198534525621), 'lambda_l1': np.float64(1.1898814327317049), 'lambda_l2': np.float64(1.2262204277675106), 'learning_rate': np.float64(0.4613171442980989), 'max_depth': 14, 'min_child_samples': 104, 'min_child_weight': 9, 'n_estimators': 81, 'num_leaves': 62}",0.5682478837374663,15,0.3089198534525621,1.1898814327317049,1.2262204277675106,0.4613171442980989,14,104,9,81,62
7,10,0.30483219654921156,0.013368726650981046,0.8108318641186569,0.006659375464662847,"{'bagging_fraction': np.float64(0.5374376710985379), 'bagging_freq': 44, 'feature_fraction': np.float64(0.2603455927989412), 'lambda_l1': np.float64(1.4885810099220003), 'lambda_l2': np.float64(2.4302752364164126), 'learning_rate': np.float64(0.655410690209107), 'max_depth': 17, 'min_child_samples': 69, 'min_child_weight': 17, 'n_estimators': 118, 'num_leaves': 90}",0.5374376710985379,44,0.2603455927989412,1.4885810099220003,2.4302752364164126,0.655410690209107,17,69,17,118,90
7,11,0.38370185170429555,0.018880491855102165,0.7639902428930949,0.007811069563099168,"{'bagging_fraction': np.float64(0.6423710934175388), 'bagging_freq': 60, 'feature_fraction': np.float64(0.46917721065441476), 'lambda_l1': np.float64(1.942606666432489), 'lambda_l2': np.float64(2.2749625893497623), 'learning_rate': np.float64(0.17220956261549517), 'max_depth': 23, 'min_child_samples': 95, 'min_child_weight': 14, 'n_estimators': 52, 'num_leaves': 77}",0.6423710934175388,60,0.46917721065441476,1.942606666432489,2.2749625893497623,0.17220956261549517,23,95,14,52,77
7,12,0.5008151719853802,0.030372815925427402,0.9996819403709711,0.0003926228146668861,"{'bagging_fraction': np.float64(0.8671833472517927), 'bagging_freq': 12, 'feature_fraction': np.float64(0.4670553154405065), 'lambda_l1': np.float64(0.976563019847704), 'lambda_l2': np.float64(2.4536228936078226), 'learning_rate': np.float64(0.256042833708629), 'max_depth': 20, 'min_child_samples': 109, 'min_child_weight': 5, 'n_estimators': 101, 'num_leaves': 121}",0.8671833472517927,12,0.4670553154405065,0.976563019847704,2.4536228936078226,0.256042833708629,20,109,5,101,121
7,13,0.29926847286852104,0.026539631743085604,0.8771931717264729,0.01620735246507589,"{'bagging_fraction': np.float64(0.5492035838597746), 'bagging_freq': 22, 'feature_fraction': np.float64(0.3262288953084981), 'lambda_l1': np.float64(0.8416183792496932), 'lambda_l2': np.float64(2.0338042841948165), 'learning_rate': np.float64(1.0637263763913303), 'max_depth': 20, 'min_child_samples': 56, 'min_child_weight': 12, 'n_estimators': 96, 'num_leaves': 148}",0.5492035838597746,22,0.3262288953084981,0.8416183792496932,2.0338042841948165,1.0637263763913303,20,56,12,96,148
7,14,0.37021711176239613,0.025370891106397345,0.9817703626958993,0.0026901261476216854,"{'bagging_fraction': np.float64(0.8542615062727464), 'bagging_freq': 36, 'feature_fraction': np.float64(0.3103065692889456), 'lambda_l1': np.float64(0.6942964483224583), 'lambda_l2': np.float64(2.4341085019242676), 'learning_rate': np.float64(0.845073270576052), 'max_depth': 12, 'min_child_samples': 100, 'min_child_weight': 15, 'n_estimators': 94, 'num_leaves': 105}",0.8542615062727464,36,0.3103065692889456,0.6942964483224583,2.4341085019242676,0.845073270576052,12,100,15,94,105
7,15,0.29618342121762253,0.016033236497676424,0.9027505842559291,0.007473503920644126,"{'bagging_fraction': np.float64(0.561769402672131), 'bagging_freq': 21, 'feature_fraction': np.float64(0.5799776972247591), 'lambda_l1': np.float64(0.9639611695063414), 'lambda_l2': np.float64(2.4798676363782595), 'learning_rate': np.float64(0.6387237167378423), 'max_depth': 20, 'min_child_samples': 119, 'min_child_weight': 17, 'n_estimators': 144, 'num_leaves': 121}",0.561769402672131,21,0.5799776972247591,0.9639611695063414,2.4798676363782595,0.6387237167378423,20,119,17,144,121
7,16,0.3895823212406072,0.03777852556793243,0.8907250841616705,0.006431365912355846,"{'bagging_fraction': np.float64(0.6932990888018775), 'bagging_freq': 61, 'feature_fraction': np.float64(0.3226680065268869), 'lambda_l1': np.float64(1.5449995705470942), 'lambda_l2': np.float64(1.1015416932660536), 'learning_rate': np.float64(0.6034617452686339), 'max_depth': 18, 'min_child_samples': 76, 'min_child_weight': 12, 'n_estimators': 78, 'num_leaves': 81}",0.6932990888018775,61,0.3226680065268869,1.5449995705470942,1.1015416932660536,0.6034617452686339,18,76,12,78,81
7,17,0.3783081653528335,0.03915211465863503,0.9133753206282407,0.002815307443501319,"{'bagging_fraction': np.float64(0.679570803111084), 'bagging_freq': 43, 'feature_fraction': np.float64(0.11970141277303883), 'lambda_l1': np.float64(0.7825471379738338), 'lambda_l2': np.float64(1.3715027502875743), 'learning_rate': np.float64(0.8829062532979866), 'max_depth': 13, 'min_child_samples': 111, 'min_child_weight': 6, 'n_estimators': 82, 'num_leaves': 58}",0.679570803111084,43,0.11970141277303883,0.7825471379738338,1.3715027502875743,0.8829062532979866,13,111,6,82,58
7,18,0.453716266175371,0.035585034293806245,0.9650882406011203,0.00497079658823904,"{'bagging_fraction': np.float64(0.8787181862613096), 'bagging_freq': 58, 'feature_fraction': np.float64(0.5435326154094995), 'lambda_l1': np.float64(1.312805376506055), 'lambda_l2': np.float64(2.364183347806632), 'learning_rate': np.float64(0.5580647058194969), 'max_depth': 18, 'min_child_samples': 84, 'min_child_weight': 9, 'n_estimators': 67, 'num_leaves': 145}",0.8787181862613096,58,0.5435326154094995,1.312805376506055,2.364183347806632,0.5580647058194969,18,84,9,67,145
7,19,0.23547216357313944,0.026512825348867963,0.700679920718161,0.013025304778572442,"{'bagging_fraction': np.float64(0.5421276582456096), 'bagging_freq': 46, 'feature_fraction': np.float64(0.5122650502069411), 'lambda_l1': np.float64(1.4091322595329074), 'lambda_l2': np.float64(1.1642368408410992), 'learning_rate': np.float64(1.0827294097942755), 'max_depth': 21, 'min_child_samples': 109, 'min_child_weight': 20, 'n_estimators': 96, 'num_leaves': 75}",0.5421276582456096,46,0.5122650502069411,1.4091322595329074,1.1642368408410992,1.0827294097942755,21,109,20,96,75
8,0,0.38256868312045433,0.04469159389251712,0.9168529289928895,0.0044375270552781745,"{'bagging_fraction': np.float64(0.7134370505712724), 'bagging_freq': 69, 'feature_fraction': np.float64(0.34821697145487307), 'lambda_l1': np.float64(1.540375023278815), 'lambda_l2': np.float64(1.7346687339056504), 'learning_rate': np.float64(0.920231861592597), 'max_depth': 18, 'min_child_samples': 62, 'min_child_weight': 10, 'n_estimators': 96, 'num_leaves': 125}",0.7134370505712724,69,0.34821697145487307,1.540375023278815,1.7346687339056504,0.920231861592597,18,62,10,96,125
8,1,0.2933616701906915,0.025416659568489458,0.7874674057860014,0.006266537739980382,"{'bagging_fraction': np.float64(0.5241518173497125), 'bagging_freq': 48, 'feature_fraction': np.float64(0.5568126969390095), 'lambda_l1': np.float64(0.7251246462983747), 'lambda_l2': np.float64(2.425406473551315), 'learning_rate': np.float64(0.7297531607586455), 'max_depth': 26, 'min_child_samples': 84, 'min_child_weight': 14, 'n_estimators': 90, 'num_leaves': 55}",0.5241518173497125,48,0.5568126969390095,0.7251246462983747,2.425406473551315,0.7297531607586455,26,84,14,90,55
8,2,0.4836026979251472,0.02615268174128047,0.9721056528310461,0.001817752129561134,"{'bagging_fraction': np.float64(0.6908726964133636), 'bagging_freq': 32, 'feature_fraction': np.float64(0.3828027603022697), 'lambda_l1': np.float64(1.6312562125837686), 'lambda_l2': np.float64(2.198196117007334), 'learning_rate': np.float64(0.2277889279395692), 'max_depth': 16, 'min_child_samples': 102, 'min_child_weight': 4, 'n_estimators': 89, 'num_leaves': 154}",0.6908726964133636,32,0.3828027603022697,1.6312562125837686,2.198196117007334,0.2277889279395692,16,102,4,89,154
8,3,0.3906676351222268,0.043482501639795,0.98784329982964,0.0014628334665276004,"{'bagging_fraction': np.float64(0.8375721844139966), 'bagging_freq': 43, 'feature_fraction': np.float64(0.2434310912273144), 'lambda_l1': np.float64(1.5593147608811229), 'lambda_l2': np.float64(1.3515383745557632), 'learning_rate': np.float64(0.8664097429547384), 'max_depth': 19, 'min_child_samples': 70, 'min_child_weight': 9, 'n_estimators': 130, 'num_leaves': 185}",0.8375721844139966,43,0.2434310912273144,1.5593147608811229,1.3515383745557632,0.8664097429547384,19,70,9,130,185
8,4,0.36919400832918703,0.024111204337144518,0.928154147500494,0.004470381862678545,"{'bagging_fraction': np.float64(0.8510246277118738), 'bagging_freq': 30, 'feature_fraction': np.float64(0.48096736389263917), 'lambda_l1': np.float64(1.157301555388684), 'lambda_l2': np.float64(2.0663682564604122), 'learning_rate': np.float64(0.9857818769197969), 'max_depth': 14, 'min_child_samples': 95, 'min_child_weight': 16, 'n_estimators': 38, 'num_leaves': 138}",0.8510246277118738,30,0.48096736389263917,1.157301555388684,2.0663682564604122,0.9857818769197969,14,95,16,38,138
8,5,0.4627166736334776,0.03146885236971579,0.974870702973561,0.0035173975299900738,"{'bagging_fraction': np.float64(0.7065746724336621), 'bagging_freq': 29, 'feature_fraction': np.float64(0.5748305214020295), 'lambda_l1': np.float64(1.2279245498705131), 'lambda_l2': np.float64(1.545872699441282), 'learning_rate': np.float64(0.2582736964857335), 'max_depth': 19, 'min_child_samples': 89, 'min_child_weight': 10, 'n_estimators': 110, 'num_leaves': 120}",0.7065746724336621,29,0.5748305214020295,1.2279245498705131,1.545872699441282,0.2582736964857335,19,89,10,110,120
8,6,0.37904657751903353,0.024615408654257837,0.9720555269005926,0.002818612231776193,"{'bagging_fraction': np.float64(0.8709521724144051), 'bagging_freq': 58, 'feature_fraction': np.float64(0.28359524775335043), 'lambda_l1': np.float64(1.8283787546998658), 'lambda_l2': np.float64(2.416193737084483), 'learning_rate': np.float64(0.8938046930397991), 'max_depth': 27, 'min_child_samples': 103, 'min_child_weight': 14, 'n_estimators': 117, 'num_leaves': 65}",0.8709521724144051,58,0.28359524775335043,1.8283787546998658,2.416193737084483,0.8938046930397991,27,103,14,117,65
8,7,0.2609167634395153,0.0104134833377373,0.8757530224308742,0.004942679645183563,"{'bagging_fraction': np.float64(0.5225855697592356), 'bagging_freq': 10, 'feature_fraction': np.float64(0.23497842573407182), 'lambda_l1': np.float64(1.701287987008599), 'lambda_l2': np.float64(1.7667361931811558), 'learning_rate': np.float64(0.9407013265060493), 'max_depth': 21, 'min_child_samples': 84, 'min_child_weight': 17, 'n_estimators': 126, 'num_leaves': 151}",0.5225855697592356,10,0.23497842573407182,1.701287987008599,1.7667361931811558,0.9407013265060493,21,84,17,126,151
8,8,0.3317006857627999,0.021341348671555613,0.9322444748210679,0.006768408191083945,"{'bagging_fraction': np.float64(0.7102038034541225), 'bagging_freq': 14, 'feature_fraction': np.float64(0.4339067402698086), 'lambda_l1': np.float64(1.5688565173559996), 'lambda_l2': np.float64(2.4780138365917095), 'learning_rate': np.float64(1.0429820390512987), 'max_depth': 14, 'min_child_samples': 64, 'min_child_weight': 16, 'n_estimators': 65, 'num_leaves': 66}",0.7102038034541225,14,0.4339067402698086,1.5688565173559996,2.4780138365917095,1.0429820390512987,14,64,16,65,66
8,9,0.4216691093008068,0.022845614829170233,0.8697965093520839,0.007292016580699759,"{'bagging_fraction': np.float64(0.6775743108977963), 'bagging_freq': 49, 'feature_fraction': np.float64(0.17869364208224395), 'lambda_l1': np.float64(1.1743189051830851), 'lambda_l2': np.float64(2.269297785089984), 'learning_rate': np.float64(0.25282494664890964), 'max_depth': 11, 'min_child_samples': 111, 'min_child_weight': 16, 'n_estimators': 88, 'num_leaves': 131}",0.6775743108977963,49,0.17869364208224395,1.1743189051830851,2.269297785089984,0.25282494664890964,11,111,16,88,131
8,10,0.35008477200902205,0.013911365352624803,0.8308718285438177,0.0076996995249089374,"{'bagging_fraction': np.float64(0.6096794227523312), 'bagging_freq': 56, 'feature_fraction': np.float64(0.5774055859192491), 'lambda_l1': np.float64(1.9327002999710456), 'lambda_l2': np.float64(2.3097644906636634), 'learning_rate': np.float64(0.3802992030364578), 'max_depth': 29, 'min_child_samples': 98, 'min_child_weight': 17, 'n_estimators': 108, 'num_leaves': 130}",0.6096794227523312,56,0.5774055859192491,1.9327002999710456,2.3097644906636634,0.3802992030364578,29,98,17,108,130
8,11,0.29988603303893613,0.008554056400759982,0.8168788774687734,0.01169096864347241,"{'bagging_fraction': np.float64(0.5074106592116304), 'bagging_freq': 12, 'feature_fraction': np.float64(0.5726106074636645), 'lambda_l1': np.float64(1.9374690412813331), 'lambda_l2': np.float64(2.12590311921725), 'learning_rate': np.float64(0.7857632774044977), 'max_depth': 28, 'min_child_samples': 97, 'min_child_weight': 16, 'n_estimators': 80, 'num_leaves': 104}",0.5074106592116304,12,0.5726106074636645,1.9374690412813331,2.12590311921725,0.7857632774044977,28,97,16,80,104
8,12,0.3454290359230089,0.01852643901779608,0.869170835252099,0.009874026727727744,"{'bagging_fraction': np.float64(0.6143739648711972), 'bagging_freq': 60, 'feature_fraction': np.float64(0.49888200242896796), 'lambda_l1': np.float64(0.5675208641365297), 'lambda_l2': np.float64(1.2520529290184863), 'learning_rate': np.float64(0.7014809900214705), 'max_depth': 11, 'min_child_samples': 78, 'min_child_weight': 11, 'n_estimators': 85, 'num_leaves': 181}",0.6143739648711972,60,0.49888200242896796,0.5675208641365297,1.2520529290184863,0.7014809900214705,11,78,11,85,181
8,13,0.4803436253409504,0.03564714903894198,0.9936064038873761,0.0019672639673087,"{'bagging_fraction': np.float64(0.6387310939452822), 'bagging_freq': 17, 'feature_fraction': np.float64(0.546200005749186), 'lambda_l1': np.float64(1.4637607585240788), 'lambda_l2': np.float64(1.6029610586187868), 'learning_rate': np.float64(0.2214886971654634), 'max_depth': 13, 'min_child_samples': 78, 'min_child_weight': 5, 'n_estimators': 126, 'num_leaves': 172}",0.6387310939452822,17,0.546200005749186,1.4637607585240788,1.6029610586187868,0.2214886971654634,13,78,5,126,172
8,14,0.46994494285662897,0.032749354619573845,0.9977414111222453,0.001289234989107692,"{'bagging_fraction': np.float64(0.8014319662415788), 'bagging_freq': 18, 'feature_fraction': np.float64(0.49260966540634044), 'lambda_l1': np.float64(0.7041137265344455), 'lambda_l2': np.float64(1.8807291873234075), 'learning_rate': np.float64(0.349500006626442), 'max_depth': 23, 'min_child_samples': 104, 'min_child_weight': 6, 'n_estimators': 98, 'num_leaves': 129}",0.8014319662415788,18,0.49260966540634044,0.7041137265344455,1.8807291873234075,0.349500006626442,23,104,6,98,129
8,15,0.4546576964976324,0.02732947568812841,0.9433884456111782,0.0067103786416455626,"{'bagging_fraction': np.float64(0.8551887734066164), 'bagging_freq': 43, 'feature_fraction': np.float64(0.13341307582419423), 'lambda_l1': np.float64(1.211869456937999), 'lambda_l2': np.float64(2.3548539324743745), 'learning_rate': np.float64(0.1445212715902248), 'max_depth': 21, 'min_child_samples': 119, 'min_child_weight': 18, 'n_estimators': 108, 'num_leaves': 181}",0.8551887734066164,43,0.13341307582419423,1.211869456937999,2.3548539324743745,0.1445212715902248,21,119,18,108,181
8,16,0.41472598963285734,0.02892862116659576,0.8523810247944436,0.006783203584114434,"{'bagging_fraction': np.float64(0.7874467049945812), 'bagging_freq': 57, 'feature_fraction': np.float64(0.3847272908520323), 'lambda_l1': np.float64(1.7091799009264177), 'lambda_l2': np.float64(2.253670178936178), 'learning_rate': np.float64(0.19294663158313), 'max_depth': 27, 'min_child_samples': 102, 'min_child_weight': 16, 'n_estimators': 48, 'num_leaves': 147}",0.7874467049945812,57,0.3847272908520323,1.7091799009264177,2.253670178936178,0.19294663158313,27,102,16,48,147
8,17,0.39817050315300817,0.017653807525021003,0.9385653412252823,0.0024227725466359614,"{'bagging_fraction': np.float64(0.8894345058065574), 'bagging_freq': 59, 'feature_fraction': np.float64(0.31215453310574914), 'lambda_l1': np.float64(1.4158918501233724), 'lambda_l2': np.float64(1.273073090389182), 'learning_rate': np.float64(0.6772182231914279), 'max_depth': 23, 'min_child_samples': 76, 'min_child_weight': 13, 'n_estimators': 33, 'num_leaves': 70}",0.8894345058065574,59,0.31215453310574914,1.4158918501233724,1.273073090389182,0.6772182231914279,23,76,13,33,70
8,18,0.34213892126270185,0.03520093626677467,0.7135147584086169,0.006679835920300021,"{'bagging_fraction': np.float64(0.564833516267), 'bagging_freq': 48, 'feature_fraction': np.float64(0.3341241881692436), 'lambda_l1': np.float64(1.9514170878473531), 'lambda_l2': np.float64(1.4170173468639826), 'learning_rate': np.float64(1.0042777563206484), 'max_depth': 16, 'min_child_samples': 89, 'min_child_weight': 5, 'n_estimators': 36, 'num_leaves': 81}",0.564833516267,48,0.3341241881692436,1.9514170878473531,1.4170173468639826,1.0042777563206484,16,89,5,36,81
8,19,0.5173939756912094,0.026696510409691204,0.9868775081894483,0.0024974033950959976,"{'bagging_fraction': np.float64(0.9128716758600393), 'bagging_freq': 44, 'feature_fraction': np.float64(0.15845555719279772), 'lambda_l1': np.float64(1.9002334447518419), 'lambda_l2': np.float64(2.0474180801780326), 'learning_rate': np.float64(0.17879323488420576), 'max_depth': 29, 'min_child_samples': 73, 'min_child_weight': 6, 'n_estimators': 70, 'num_leaves': 163}",0.9128716758600393,44,0.15845555719279772,1.9002334447518419,2.0474180801780326,0.17879323488420576,29,73,6,70,163
9,0,0.42562659586901486,0.03009777995345801,0.941200879387291,0.003184135233556294,"{'bagging_fraction': np.float64(0.6622965187919878), 'bagging_freq': 32, 'feature_fraction': np.float64(0.22386744758628788), 'lambda_l1': np.float64(1.999221999366823), 'lambda_l2': np.float64(2.4757992072758386), 'learning_rate': np.float64(0.5483756269560043), 'max_depth': 23, 'min_child_samples': 103, 'min_child_weight': 9, 'n_estimators': 87, 'num_leaves': 52}",0.6622965187919878,32,0.22386744758628788,1.999221999366823,2.4757992072758386,0.5483756269560043,23,103,9,87,52
9,1,0.41692503385763835,0.019921097141333787,0.898804765636377,0.005068089248838942,"{'bagging_fraction': np.float64(0.873210556492322), 'bagging_freq': 24, 'feature_fraction': np.float64(0.4832266270596186), 'lambda_l1': np.float64(0.8901267929957051), 'lambda_l2': np.float64(1.3942675054561027), 'learning_rate': np.float64(0.13336470977090145), 'max_depth': 20, 'min_child_samples': 100, 'min_child_weight': 18, 'n_estimators': 56, 'num_leaves': 128}",0.873210556492322,24,0.4832266270596186,0.8901267929957051,1.3942675054561027,0.13336470977090145,20,100,18,56,128
9,2,0.3694921389988686,0.0427715712295892,0.9627533871516064,0.0020480676855060727,"{'bagging_fraction': np.float64(0.8032307164829875), 'bagging_freq': 29, 'feature_fraction': np.float64(0.597457296872056), 'lambda_l1': np.float64(1.7149405171627468), 'lambda_l2': np.float64(1.1385788627317164), 'learning_rate': np.float64(0.6736756746209873), 'max_depth': 12, 'min_child_samples': 109, 'min_child_weight': 20, 'n_estimators': 114, 'num_leaves': 74}",0.8032307164829875,29,0.597457296872056,1.7149405171627468,1.1385788627317164,0.6736756746209873,12,109,20,114,74
9,3,0.39843098901503204,0.02284237648099057,0.9805137173284931,0.0032358016886133993,"{'bagging_fraction': np.float64(0.8859165209176759), 'bagging_freq': 65, 'feature_fraction': np.float64(0.26670866737667454), 'lambda_l1': np.float64(1.0169931908756258), 'lambda_l2': np.float64(2.2323091540344384), 'learning_rate': np.float64(0.9111517104802483), 'max_depth': 29, 'min_child_samples': 111, 'min_child_weight': 12, 'n_estimators': 106, 'num_leaves': 132}",0.8859165209176759,65,0.26670866737667454,1.0169931908756258,2.2323091540344384,0.9111517104802483,29,111,12,106,132
9,4,0.401107384824002,0.02890954525613168,0.9025764498270741,0.004281015038999748,"{'bagging_fraction': np.float64(0.5776586733733675), 'bagging_freq': 69, 'feature_fraction': np.float64(0.4620778411780484), 'lambda_l1': np.float64(1.6270502161560652), 'lambda_l2': np.float64(2.132051972456244), 'learning_rate': np.float64(0.4572822595494682), 'max_depth': 14, 'min_child_samples': 99, 'min_child_weight': 9, 'n_estimators': 146, 'num_leaves': 197}",0.5776586733733675,69,0.4620778411780484,1.6270502161560652,2.132051972456244,0.4572822595494682,14,99,9,146,197
9,5,0.4298047837077261,0.04258852525752995,0.86133926506653,0.011804215869764852,"{'bagging_fraction': np.float64(0.6893566750292793), 'bagging_freq': 48, 'feature_fraction': np.float64(0.5216643646639306), 'lambda_l1': np.float64(1.3837874163449133), 'lambda_l2': np.float64(1.3746117893494), 'learning_rate': np.float64(0.1987856910245606), 'max_depth': 29, 'min_child_samples': 78, 'min_child_weight': 13, 'n_estimators': 59, 'num_leaves': 145}",0.6893566750292793,48,0.5216643646639306,1.3837874163449133,1.3746117893494,0.1987856910245606,29,78,13,59,145
9,6,0.41123835153485,0.02712606949406025,0.9344091484707724,0.0038679954978804933,"{'bagging_fraction': np.float64(0.9225839133733128), 'bagging_freq': 55, 'feature_fraction': np.float64(0.5856416932417033), 'lambda_l1': np.float64(1.7150617994029018), 'lambda_l2': np.float64(1.7416812386623512), 'learning_rate': np.float64(0.40946648969381005), 'max_depth': 21, 'min_child_samples': 87, 'min_child_weight': 21, 'n_estimators': 46, 'num_leaves': 73}",0.9225839133733128,55,0.5856416932417033,1.7150617994029018,1.7416812386623512,0.40946648969381005,21,87,21,46,73
9,7,0.44365820374664383,0.032368929799763364,0.9231385903859136,0.0036168329073186147,"{'bagging_fraction': np.float64(0.7317561038149182), 'bagging_freq': 48, 'feature_fraction': np.float64(0.21301275266285483), 'lambda_l1': np.float64(1.6764729759084498), 'lambda_l2': np.float64(2.199711871252365), 'learning_rate': np.float64(0.21929573222157087), 'max_depth': 18, 'min_child_samples': 102, 'min_child_weight': 12, 'n_estimators': 82, 'num_leaves': 195}",0.7317561038149182,48,0.21301275266285483,1.6764729759084498,2.199711871252365,0.21929573222157087,18,102,12,82,195
9,8,0.33553658393755387,0.03187158198155139,0.7843859777469524,0.008737834226164231,"{'bagging_fraction': np.float64(0.5324928268323357), 'bagging_freq': 33, 'feature_fraction': np.float64(0.22781039463216976), 'lambda_l1': np.float64(0.5046985427617092), 'lambda_l2': np.float64(2.2840232995069982), 'learning_rate': np.float64(0.8080947164737075), 'max_depth': 19, 'min_child_samples': 59, 'min_child_weight': 9, 'n_estimators': 42, 'num_leaves': 77}",0.5324928268323357,33,0.22781039463216976,0.5046985427617092,2.2840232995069982,0.8080947164737075,19,59,9,42,77
9,9,0.4644982839186496,0.039137497100340646,0.9512059979965711,0.003196361450734416,"{'bagging_fraction': np.float64(0.8010005984139632), 'bagging_freq': 43, 'feature_fraction': np.float64(0.5369045105603744), 'lambda_l1': np.float64(1.1718870190473947), 'lambda_l2': np.float64(2.3259682914419657), 'learning_rate': np.float64(0.26462402984551336), 'max_depth': 14, 'min_child_samples': 82, 'min_child_weight': 9, 'n_estimators': 59, 'num_leaves': 159}",0.8010005984139632,43,0.5369045105603744,1.1718870190473947,2.3259682914419657,0.26462402984551336,14,82,9,59,159
9,10,0.30432484697701306,0.02839369470674411,0.8536453034945115,0.007755857198057641,"{'bagging_fraction': np.float64(0.6606033989543368), 'bagging_freq': 60, 'feature_fraction': np.float64(0.36174011501094616), 'lambda_l1': np.float64(1.5064285639582116), 'lambda_l2': np.float64(2.066964824927309), 'learning_rate': np.float64(0.9102987315741043), 'max_depth': 13, 'min_child_samples': 88, 'min_child_weight': 18, 'n_estimators': 116, 'num_leaves': 182}",0.6606033989543368,60,0.36174011501094616,1.5064285639582116,2.066964824927309,0.9102987315741043,13,88,18,116,182
9,11,0.42427197077225304,0.03744793428591168,0.9969553401886915,0.00189871549140291,"{'bagging_fraction': np.float64(0.9075527963460852), 'bagging_freq': 24, 'feature_fraction': np.float64(0.1885243760474837), 'lambda_l1': np.float64(1.3270941017427011), 'lambda_l2': np.float64(1.2237434948883106), 'learning_rate': np.float64(0.46056193861383266), 'max_depth': 16, 'min_child_samples': 54, 'min_child_weight': 17, 'n_estimators': 137, 'num_leaves': 118}",0.9075527963460852,24,0.1885243760474837,1.3270941017427011,1.2237434948883106,0.46056193861383266,16,54,17,137,118
9,12,0.39768208691090495,0.01629147774929456,0.8338116904479603,0.007115022394538394,"{'bagging_fraction': np.float64(0.6183515661460139), 'bagging_freq': 11, 'feature_fraction': np.float64(0.20834637097016204), 'lambda_l1': np.float64(0.9386272611914117), 'lambda_l2': np.float64(1.6170617484429888), 'learning_rate': np.float64(0.17085910412886188), 'max_depth': 14, 'min_child_samples': 68, 'min_child_weight': 16, 'n_estimators': 67, 'num_leaves': 93}",0.6183515661460139,11,0.20834637097016204,0.9386272611914117,1.6170617484429888,0.17085910412886188,14,68,16,67,93
9,13,0.43887594049008616,0.03376122958059029,0.942782996540178,0.004650755581828761,"{'bagging_fraction': np.float64(0.6073399314434289), 'bagging_freq': 64, 'feature_fraction': np.float64(0.5152717700524353), 'lambda_l1': np.float64(1.7631010473605577), 'lambda_l2': np.float64(2.382732579709053), 'learning_rate': np.float64(0.4003509905389183), 'max_depth': 27, 'min_child_samples': 102, 'min_child_weight': 6, 'n_estimators': 146, 'num_leaves': 91}",0.6073399314434289,64,0.5152717700524353,1.7631010473605577,2.382732579709053,0.4003509905389183,27,102,6,146,91
9,14,0.3153786853725529,0.0326229121710239,0.6330699053937014,0.01759644859934359,"{'bagging_fraction': np.float64(0.603505870814156), 'bagging_freq': 69, 'feature_fraction': np.float64(0.11920510136711235), 'lambda_l1': np.float64(0.529947316968098), 'lambda_l2': np.float64(1.4173077883268062), 'learning_rate': np.float64(0.1449667212781132), 'max_depth': 29, 'min_child_samples': 71, 'min_child_weight': 19, 'n_estimators': 53, 'num_leaves': 138}",0.603505870814156,69,0.11920510136711235,0.529947316968098,1.4173077883268062,0.1449667212781132,29,71,19,53,138
9,15,0.36404068388334765,0.013571841572570928,0.9960335594347111,0.001201713107389262,"{'bagging_fraction': np.float64(0.8076539300457312), 'bagging_freq': 21, 'feature_fraction': np.float64(0.5929539057449863), 'lambda_l1': np.float64(1.072867353376336), 'lambda_l2': np.float64(1.4205150632108512), 'learning_rate': np.float64(1.0216810740483144), 'max_depth': 27, 'min_child_samples': 84, 'min_child_weight': 9, 'n_estimators': 147, 'num_leaves': 121}",0.8076539300457312,21,0.5929539057449863,1.072867353376336,1.4205150632108512,1.0216810740483144,27,84,9,147,121
9,16,0.37795013935431904,0.03523842754700105,0.9799821986168533,0.0029127266369792086,"{'bagging_fraction': np.float64(0.6673263716724009), 'bagging_freq': 22, 'feature_fraction': np.float64(0.47223519857344376), 'lambda_l1': np.float64(1.900544980218848), 'lambda_l2': np.float64(1.3722447196628633), 'learning_rate': np.float64(0.7965991845757223), 'max_depth': 14, 'min_child_samples': 83, 'min_child_weight': 8, 'n_estimators': 132, 'num_leaves': 143}",0.6673263716724009,22,0.47223519857344376,1.900544980218848,1.3722447196628633,0.7965991845757223,14,83,8,132,143
9,17,0.4829317330736078,0.03762998996611917,0.9985783826776607,0.0006298199823880388,"{'bagging_fraction': np.float64(0.9242040926354385), 'bagging_freq': 27, 'feature_fraction': np.float64(0.5430776047085898), 'lambda_l1': np.float64(0.5161593196440215), 'lambda_l2': np.float64(2.3893721124663356), 'learning_rate': np.float64(0.3069925766230609), 'max_depth': 23, 'min_child_samples': 89, 'min_child_weight': 9, 'n_estimators': 111, 'num_leaves': 176}",0.9242040926354385,27,0.5430776047085898,0.5161593196440215,2.3893721124663356,0.3069925766230609,23,89,9,111,176
9,18,0.4626487412669923,0.032432735977475056,0.9515846618852655,0.0030580753355170472,"{'bagging_fraction': np.float64(0.5325066863726796), 'bagging_freq': 40, 'feature_fraction': np.float64(0.309384043267972), 'lambda_l1': np.float64(1.945630529118104), 'lambda_l2': np.float64(1.9131138137131236), 'learning_rate': np.float64(0.3249039799456457), 'max_depth': 26, 'min_child_samples': 76, 'min_child_weight': 5, 'n_estimators': 137, 'num_leaves': 64}",0.5325066863726796,40,0.309384043267972,1.945630529118104,1.9131138137131236,0.3249039799456457,26,76,5,137,64
9,19,0.4082716100411902,0.038878820032901856,0.8956543513497218,0.003719928996980202,"{'bagging_fraction': np.float64(0.723921830063506), 'bagging_freq': 54, 'feature_fraction': np.float64(0.4901188154813787), 'lambda_l1': np.float64(1.8984412517363307), 'lambda_l2': np.float64(1.5201800366270524), 'learning_rate': np.float64(0.21492570369713895), 'max_depth': 10, 'min_child_samples': 62, 'min_child_weight': 19, 'n_estimators': 122, 'num_leaves': 119}",0.723921830063506,54,0.4901188154813787,1.8984412517363307,1.5201800366270524,0.21492570369713895,10,62,19,122,119
10,0,0.3575770888290541,0.03749107360158282,0.838437386644908,0.0063954514261251715,"{'bagging_fraction': np.float64(0.7427647347908526), 'bagging_freq': 63, 'feature_fraction': np.float64(0.3532853238021022), 'lambda_l1': np.float64(1.1282324244098094), 'lambda_l2': np.float64(1.4934055518094784), 'learning_rate': np.float64(1.0929876520801345), 'max_depth': 29, 'min_child_samples': 92, 'min_child_weight': 9, 'n_estimators': 41, 'num_leaves': 102}",0.7427647347908526,63,0.3532853238021022,1.1282324244098094,1.4934055518094784,1.0929876520801345,29,92,9,41,102
10,1,0.4145844418748254,0.025239577656366367,0.8627791016808629,0.008560225438017254,"{'bagging_fraction': np.float64(0.5868463884263392), 'bagging_freq': 12, 'feature_fraction': np.float64(0.2883398636818757), 'lambda_l1': np.float64(0.9166366619727049), 'lambda_l2': np.float64(1.3190987125822045), 'learning_rate': np.float64(0.10995761871121315), 'max_depth': 22, 'min_child_samples': 92, 'min_child_weight': 15, 'n_estimators': 110, 'num_leaves': 124}",0.5868463884263392,12,0.2883398636818757,0.9166366619727049,1.3190987125822045,0.10995761871121315,22,92,15,110,124
10,2,0.359653749653539,0.028326111544221884,0.9179034748872213,0.007282136133583291,"{'bagging_fraction': np.float64(0.653632897787102), 'bagging_freq': 54, 'feature_fraction': np.float64(0.37056049829543836), 'lambda_l1': np.float64(0.6637577209259091), 'lambda_l2': np.float64(1.6157153920711962), 'learning_rate': np.float64(0.489002433674235), 'max_depth': 20, 'min_child_samples': 75, 'min_child_weight': 14, 'n_estimators': 127, 'num_leaves': 187}",0.653632897787102,54,0.37056049829543836,0.6637577209259091,1.6157153920711962,0.489002433674235,20,75,14,127,187
10,3,0.31440211607838064,0.009841909421291829,0.854679192031701,0.006394641558194176,"{'bagging_fraction': np.float64(0.6076030352674375), 'bagging_freq': 35, 'feature_fraction': np.float64(0.49111998599770634), 'lambda_l1': np.float64(0.9016236447257566), 'lambda_l2': np.float64(1.9774805692046633), 'learning_rate': np.float64(0.6914650953221635), 'max_depth': 19, 'min_child_samples': 66, 'min_child_weight': 17, 'n_estimators': 91, 'num_leaves': 163}",0.6076030352674375,35,0.49111998599770634,0.9016236447257566,1.9774805692046633,0.6914650953221635,19,66,17,91,163
10,4,0.32191786634815,0.030846583753753886,0.722242031379947,0.014282160653653161,"{'bagging_fraction': np.float64(0.626127695596753), 'bagging_freq': 62, 'feature_fraction': np.float64(0.5884108573860838), 'lambda_l1': np.float64(0.6707606165709383), 'lambda_l2': np.float64(1.7072771829928965), 'learning_rate': np.float64(0.3460588069117936), 'max_depth': 14, 'min_child_samples': 51, 'min_child_weight': 19, 'n_estimators': 47, 'num_leaves': 75}",0.626127695596753,62,0.5884108573860838,0.6707606165709383,1.7072771829928965,0.3460588069117936,14,51,19,47,75
10,5,0.32447620432000945,0.01901362330086123,0.8117895618188378,0.006989182415803645,"{'bagging_fraction': np.float64(0.5230081105464861), 'bagging_freq': 65, 'feature_fraction': np.float64(0.5214656557765194), 'lambda_l1': np.float64(0.6301255981539272), 'lambda_l2': np.float64(2.4848665525911917), 'learning_rate': np.float64(1.03146838480985), 'max_depth': 18, 'min_child_samples': 90, 'min_child_weight': 8, 'n_estimators': 130, 'num_leaves': 133}",0.5230081105464861,65,0.5214656557765194,0.6301255981539272,2.4848665525911917,1.03146838480985,18,90,8,130,133
10,6,0.3635122257741291,0.022883227868526375,0.8441077099619857,0.007600755996796986,"{'bagging_fraction': np.float64(0.781231814516768), 'bagging_freq': 39, 'feature_fraction': np.float64(0.4410060955027687), 'lambda_l1': np.float64(1.7868995355677), 'lambda_l2': np.float64(1.1795546231502914), 'learning_rate': np.float64(0.6597453325999922), 'max_depth': 13, 'min_child_samples': 105, 'min_child_weight': 18, 'n_estimators': 32, 'num_leaves': 109}",0.781231814516768,39,0.4410060955027687,1.7868995355677,1.1795546231502914,0.6597453325999922,13,105,18,32,109
10,7,0.3289370197909788,0.02891604240655321,0.9438625199156508,0.006649929834370403,"{'bagging_fraction': np.float64(0.6904723600575702), 'bagging_freq': 33, 'feature_fraction': np.float64(0.19268899674499926), 'lambda_l1': np.float64(1.1276651724880886), 'lambda_l2': np.float64(1.0139489110620183), 'learning_rate': np.float64(1.0242349802018405), 'max_depth': 19, 'min_child_samples': 109, 'min_child_weight': 11, 'n_estimators': 101, 'num_leaves': 61}",0.6904723600575702,33,0.19268899674499926,1.1276651724880886,1.0139489110620183,1.0242349802018405,19,109,11,101,61
10,8,0.35135627135108105,0.031058693042391044,0.9489291190628684,0.005301226854061956,"{'bagging_fraction': np.float64(0.7471549100576226), 'bagging_freq': 44, 'feature_fraction': np.float64(0.1927592019923117), 'lambda_l1': np.float64(0.6686746257872368), 'lambda_l2': np.float64(2.446030224184816), 'learning_rate': np.float64(0.7975740873759473), 'max_depth': 23, 'min_child_samples': 85, 'min_child_weight': 15, 'n_estimators': 104, 'num_leaves': 113}",0.7471549100576226,44,0.1927592019923117,0.6686746257872368,2.446030224184816,0.7975740873759473,23,85,15,104,113
10,9,0.34478415870104845,0.023770778705963138,0.8319821220401458,0.00827674677442694,"{'bagging_fraction': np.float64(0.7073371961587579), 'bagging_freq': 50, 'feature_fraction': np.float64(0.2023015122409599), 'lambda_l1': np.float64(1.756539719983958), 'lambda_l2': np.float64(1.6962977684191294), 'learning_rate': np.float64(0.5952325526844034), 'max_depth': 16, 'min_child_samples': 87, 'min_child_weight': 20, 'n_estimators': 68, 'num_leaves': 136}",0.7073371961587579,50,0.2023015122409599,1.756539719983958,1.6962977684191294,0.5952325526844034,16,87,20,68,136
10,10,0.47034382997690427,0.04046952218433571,0.9121796114734245,0.008977064821713319,"{'bagging_fraction': np.float64(0.8272966883944154), 'bagging_freq': 69, 'feature_fraction': np.float64(0.5901999091443827), 'lambda_l1': np.float64(0.8423727630432907), 'lambda_l2': np.float64(1.5809749975461402), 'learning_rate': np.float64(0.3463905375090247), 'max_depth': 18, 'min_child_samples': 95, 'min_child_weight': 6, 'n_estimators': 44, 'num_leaves': 176}",0.8272966883944154,69,0.5901999091443827,0.8423727630432907,1.5809749975461402,0.3463905375090247,18,95,6,44,176
10,11,0.36990451570016447,0.0262682543346772,0.8342835415824617,0.007619153641603053,"{'bagging_fraction': np.float64(0.7294832348702907), 'bagging_freq': 69, 'feature_fraction': np.float64(0.5261067049148299), 'lambda_l1': np.float64(1.2981913298139995), 'lambda_l2': np.float64(1.5075538693622559), 'learning_rate': np.float64(0.9376075076218813), 'max_depth': 10, 'min_child_samples': 96, 'min_child_weight': 7, 'n_estimators': 38, 'num_leaves': 187}",0.7294832348702907,69,0.5261067049148299,1.2981913298139995,1.5075538693622559,0.9376075076218813,10,96,7,38,187
10,12,0.3522647060537216,0.030308597580496956,0.8685813173176253,0.007941105594867605,"{'bagging_fraction': np.float64(0.6779600546523121), 'bagging_freq': 24, 'feature_fraction': np.float64(0.26657553727463734), 'lambda_l1': np.float64(1.3865165741642125), 'lambda_l2': np.float64(1.3687308065657766), 'learning_rate': np.float64(0.8768785188248718), 'max_depth': 16, 'min_child_samples': 116, 'min_child_weight': 16, 'n_estimators': 54, 'num_leaves': 129}",0.6779600546523121,24,0.26657553727463734,1.3865165741642125,1.3687308065657766,0.8768785188248718,16,116,16,54,129
10,13,0.3815991379251503,0.029282039902195953,0.9946437938240903,0.0017405796864525288,"{'bagging_fraction': np.float64(0.8729221025563517), 'bagging_freq': 30, 'feature_fraction': np.float64(0.5491106265886692), 'lambda_l1': np.float64(0.9634577924178123), 'lambda_l2': np.float64(1.1205719172531574), 'learning_rate': np.float64(0.713543235938685), 'max_depth': 22, 'min_child_samples': 50, 'min_child_weight': 17, 'n_estimators': 148, 'num_leaves': 116}",0.8729221025563517,30,0.5491106265886692,0.9634577924178123,1.1205719172531574,0.713543235938685,22,50,17,148,116
10,14,0.35384512847938215,0.04505405810755935,0.8381637859456015,0.0058095370018666345,"{'bagging_fraction': np.float64(0.7444722074408165), 'bagging_freq': 49, 'feature_fraction': np.float64(0.37976792049844554), 'lambda_l1': np.float64(1.3229827083224925), 'lambda_l2': np.float64(1.5301594378787013), 'learning_rate': np.float64(1.008040981610056), 'max_depth': 19, 'min_child_samples': 64, 'min_child_weight': 11, 'n_estimators': 36, 'num_leaves': 92}",0.7444722074408165,49,0.37976792049844554,1.3229827083224925,1.5301594378787013,1.008040981610056,19,64,11,36,92
10,15,0.35639549774580925,0.03186990403477824,0.9645545770448487,0.00227313828623462,"{'bagging_fraction': np.float64(0.790606822371402), 'bagging_freq': 57, 'feature_fraction': np.float64(0.20834944629579297), 'lambda_l1': np.float64(1.5338970656345583), 'lambda_l2': np.float64(1.8673426521178373), 'learning_rate': np.float64(1.078608640907222), 'max_depth': 24, 'min_child_samples': 74, 'min_child_weight': 13, 'n_estimators': 132, 'num_leaves': 102}",0.790606822371402,57,0.20834944629579297,1.5338970656345583,1.8673426521178373,1.078608640907222,24,74,13,132,102
10,16,0.3279312429879779,0.0282703728300016,0.7864860895118693,0.008884542107364099,"{'bagging_fraction': np.float64(0.5932179580477017), 'bagging_freq': 16, 'feature_fraction': np.float64(0.5416222000380666), 'lambda_l1': np.float64(0.8993878559382781), 'lambda_l2': np.float64(2.054279041689197), 'learning_rate': np.float64(0.6349954937937945), 'max_depth': 21, 'min_child_samples': 52, 'min_child_weight': 17, 'n_estimators': 43, 'num_leaves': 82}",0.5932179580477017,16,0.5416222000380666,0.8993878559382781,2.054279041689197,0.6349954937937945,21,52,17,43,82
10,17,0.4666194352650098,0.02807178410552234,0.9143313677452968,0.046379392178395,"{'bagging_fraction': np.float64(0.7698752486923912), 'bagging_freq': 60, 'feature_fraction': np.float64(0.4371003761406058), 'lambda_l1': np.float64(1.96079955333112), 'lambda_l2': np.float64(1.6066246288749089), 'learning_rate': np.float64(0.3451307215192878), 'max_depth': 11, 'min_child_samples': 72, 'min_child_weight': 5, 'n_estimators': 91, 'num_leaves': 166}",0.7698752486923912,60,0.4371003761406058,1.96079955333112,1.6066246288749089,0.3451307215192878,11,72,5,91,166
10,18,0.32184048089392375,0.022360429720232076,0.7445123380057646,0.003572854787223667,"{'bagging_fraction': np.float64(0.6251459882972903), 'bagging_freq': 42, 'feature_fraction': np.float64(0.5192403197996369), 'lambda_l1': np.float64(0.9936534649071975), 'lambda_l2': np.float64(1.7038609421853885), 'learning_rate': np.float64(1.0694890970101545), 'max_depth': 19, 'min_child_samples': 55, 'min_child_weight': 12, 'n_estimators': 39, 'num_leaves': 198}",0.6251459882972903,42,0.5192403197996369,0.9936534649071975,1.7038609421853885,1.0694890970101545,19,55,12,39,198
10,19,0.44368033255426675,0.04532147475241489,0.938851682022422,0.0046632905889588865,"{'bagging_fraction': np.float64(0.7033688247053154), 'bagging_freq': 28, 'feature_fraction': np.float64(0.14649674248345348), 'lambda_l1': np.float64(1.3626117515175469), 'lambda_l2': np.float64(2.440118154686249), 'learning_rate': np.float64(0.5690067876701174), 'max_depth': 17, 'min_child_samples': 56, 'min_child_weight': 6, 'n_estimators': 46, 'num_leaves': 173}",0.7033688247053154,28,0.14649674248345348,1.3626117515175469,2.440118154686249,0.5690067876701174,17,56,6,46,173
11,0,0.4576745791149374,0.03762863557479558,0.9718783829633519,0.003165856020739961,"{'bagging_fraction': np.float64(0.8343108821218015), 'bagging_freq': 23, 'feature_fraction': np.float64(0.4646928935130241), 'lambda_l1': np.float64(0.7900525683577551), 'lambda_l2': np.float64(2.2489063622166463), 'learning_rate': np.float64(0.14467060813071278), 'max_depth': 29, 'min_child_samples': 89, 'min_child_weight': 15, 'n_estimators': 95, 'num_leaves': 125}",0.8343108821218015,23,0.4646928935130241,0.7900525683577551,2.2489063622166463,0.14467060813071278,29,89,15,95,125
11,1,0.27433338966674853,0.01882046009631706,0.7417734314173001,0.009333957535704117,"{'bagging_fraction': np.float64(0.5305856479177752), 'bagging_freq': 52, 'feature_fraction': np.float64(0.25284497196053546), 'lambda_l1': np.float64(0.8069296044039196), 'lambda_l2': np.float64(1.819448397887747), 'learning_rate': np.float64(0.5979163859624301), 'max_depth': 11, 'min_child_samples': 73, 'min_child_weight': 20, 'n_estimators': 115, 'num_leaves': 67}",0.5305856479177752,52,0.25284497196053546,0.8069296044039196,1.819448397887747,0.5979163859624301,11,73,20,115,67
11,2,0.3560649658455239,0.021254615071234613,0.9241021520415096,0.005633574665565072,"{'bagging_fraction': np.float64(0.797401948078105), 'bagging_freq': 50, 'feature_fraction': np.float64(0.592198783431638), 'lambda_l1': np.float64(0.5007376516454797), 'lambda_l2': np.float64(1.5725197139245715), 'learning_rate': np.float64(1.034264574395972), 'max_depth': 18, 'min_child_samples': 52, 'min_child_weight': 6, 'n_estimators': 54, 'num_leaves': 133}",0.797401948078105,50,0.592198783431638,0.5007376516454797,1.5725197139245715,1.034264574395972,18,52,6,54,133
11,3,0.33556329408921337,0.03335689202365931,0.8078923178239892,0.008577605799069465,"{'bagging_fraction': np.float64(0.55174365060874), 'bagging_freq': 55, 'feature_fraction': np.float64(0.26381099427402177), 'lambda_l1': np.float64(0.7463177838924479), 'lambda_l2': np.float64(2.043043541422281), 'learning_rate': np.float64(0.48679228940431896), 'max_depth': 16, 'min_child_samples': 58, 'min_child_weight': 15, 'n_estimators': 95, 'num_leaves': 93}",0.55174365060874,55,0.26381099427402177,0.7463177838924479,2.043043541422281,0.48679228940431896,16,58,15,95,93
11,4,0.39068434002357244,0.030495719706920842,0.965848937552192,0.002579808397412531,"{'bagging_fraction': np.float64(0.7667134269922038), 'bagging_freq': 18, 'feature_fraction': np.float64(0.29874326430106957), 'lambda_l1': np.float64(1.8361840875994557), 'lambda_l2': np.float64(1.3880909901640095), 'learning_rate': np.float64(0.703374033388315), 'max_depth': 29, 'min_child_samples': 97, 'min_child_weight': 13, 'n_estimators': 63, 'num_leaves': 90}",0.7667134269922038,18,0.29874326430106957,1.8361840875994557,1.3880909901640095,0.703374033388315,29,97,13,63,90
11,5,0.3745572582539193,0.03964976571175084,0.9290049376763607,0.009647326989663032,"{'bagging_fraction': np.float64(0.675248459238805), 'bagging_freq': 30, 'feature_fraction': np.float64(0.48737283678822285), 'lambda_l1': np.float64(1.4186073002817452), 'lambda_l2': np.float64(1.0985828572058907), 'learning_rate': np.float64(0.9031212359299844), 'max_depth': 23, 'min_child_samples': 64, 'min_child_weight': 5, 'n_estimators': 64, 'num_leaves': 190}",0.675248459238805,30,0.48737283678822285,1.4186073002817452,1.0985828572058907,0.9031212359299844,23,64,5,64,190
11,6,0.45227377568027655,0.04395399820613658,0.9705810252896845,0.002479628759199307,"{'bagging_fraction': np.float64(0.7643595738602533), 'bagging_freq': 57, 'feature_fraction': np.float64(0.4434964671477508), 'lambda_l1': np.float64(0.6737875075248775), 'lambda_l2': np.float64(2.0096547150139967), 'learning_rate': np.float64(0.4117678785246246), 'max_depth': 13, 'min_child_samples': 83, 'min_child_weight': 4, 'n_estimators': 116, 'num_leaves': 115}",0.7643595738602533,57,0.4434964671477508,0.6737875075248775,2.0096547150139967,0.4117678785246246,13,83,4,116,115
11,7,0.44940787465451304,0.028784185698160224,0.9718998827430646,0.0038995713900569946,"{'bagging_fraction': np.float64(0.8726064428641338), 'bagging_freq': 17, 'feature_fraction': np.float64(0.46459705780894756), 'lambda_l1': np.float64(1.9955661756251954), 'lambda_l2': np.float64(1.7678600563542797), 'learning_rate': np.float64(0.302295497815813), 'max_depth': 29, 'min_child_samples': 85, 'min_child_weight': 17, 'n_estimators': 65, 'num_leaves': 86}",0.8726064428641338,17,0.46459705780894756,1.9955661756251954,1.7678600563542797,0.302295497815813,29,85,17,65,86
11,8,0.3572769161305193,0.021897955378411476,0.7326261000958411,0.010768807897225114,"{'bagging_fraction': np.float64(0.5454821734864873), 'bagging_freq': 24, 'feature_fraction': np.float64(0.42664251809950426), 'lambda_l1': np.float64(0.5162128832917647), 'lambda_l2': np.float64(2.4916613831181857), 'learning_rate': np.float64(0.13241578904713416), 'max_depth': 14, 'min_child_samples': 104, 'min_child_weight': 15, 'n_estimators': 59, 'num_leaves': 82}",0.5454821734864873,24,0.42664251809950426,0.5162128832917647,2.4916613831181857,0.13241578904713416,14,104,15,59,82
11,9,0.38618913815022304,0.02592161856538305,0.9747348590249991,0.0033795643781294785,"{'bagging_fraction': np.float64(0.8505875950834731), 'bagging_freq': 18, 'feature_fraction': np.float64(0.5228129749828463), 'lambda_l1': np.float64(1.6583892796805813), 'lambda_l2': np.float64(2.3124868929048468), 'learning_rate': np.float64(0.6964567803188676), 'max_depth': 29, 'min_child_samples': 71, 'min_child_weight': 20, 'n_estimators': 85, 'num_leaves': 149}",0.8505875950834731,18,0.5228129749828463,1.6583892796805813,2.3124868929048468,0.6964567803188676,29,71,20,85,149
11,10,0.408428568533081,0.0386702050492063,0.9107869535437383,0.003144188953258428,"{'bagging_fraction': np.float64(0.6401582106445234), 'bagging_freq': 69, 'feature_fraction': np.float64(0.5914728621437695), 'lambda_l1': np.float64(1.7763656229183094), 'lambda_l2': np.float64(1.5051544451790977), 'learning_rate': np.float64(0.5442492293262523), 'max_depth': 26, 'min_child_samples': 82, 'min_child_weight': 8, 'n_estimators': 124, 'num_leaves': 182}",0.6401582106445234,69,0.5914728621437695,1.7763656229183094,1.5051544451790977,0.5442492293262523,26,82,8,124,182
11,11,0.36455774607896346,0.016309723332752785,0.8455813512610227,0.009852551839878812,"{'bagging_fraction': np.float64(0.7748192888768239), 'bagging_freq': 36, 'feature_fraction': np.float64(0.16637162793204288), 'lambda_l1': np.float64(1.010043673341648), 'lambda_l2': np.float64(1.2468041238864396), 'learning_rate': np.float64(0.9936390372849047), 'max_depth': 23, 'min_child_samples': 72, 'min_child_weight': 15, 'n_estimators': 34, 'num_leaves': 195}",0.7748192888768239,36,0.16637162793204288,1.010043673341648,1.2468041238864396,0.9936390372849047,23,72,15,34,195
11,12,0.31725509988984796,0.02866339417101775,0.6903244292753993,0.006774706768067949,"{'bagging_fraction': np.float64(0.5715972167018811), 'bagging_freq': 60, 'feature_fraction': np.float64(0.586982355652708), 'lambda_l1': np.float64(1.8942214554793786), 'lambda_l2': np.float64(1.757461115807817), 'learning_rate': np.float64(0.2787897068503), 'max_depth': 21, 'min_child_samples': 64, 'min_child_weight': 20, 'n_estimators': 79, 'num_leaves': 139}",0.5715972167018811,60,0.586982355652708,1.8942214554793786,1.757461115807817,0.2787897068503,21,64,20,79,139
11,13,0.32086729267347425,0.017055173326382577,0.9148631431601404,0.0038292273173078316,"{'bagging_fraction': np.float64(0.5777353353051297), 'bagging_freq': 28, 'feature_fraction': np.float64(0.10213659611240081), 'lambda_l1': np.float64(1.2320079491542777), 'lambda_l2': np.float64(2.136702459954819), 'learning_rate': np.float64(0.8423897730913141), 'max_depth': 12, 'min_child_samples': 99, 'min_child_weight': 14, 'n_estimators': 141, 'num_leaves': 89}",0.5777353353051297,28,0.10213659611240081,1.2320079491542777,2.136702459954819,0.8423897730913141,12,99,14,141,89
11,14,0.34743704960109967,0.02421273030302969,0.8154439646528197,0.008934343603640418,"{'bagging_fraction': np.float64(0.6812465536334144), 'bagging_freq': 46, 'feature_fraction': np.float64(0.36023906069453226), 'lambda_l1': np.float64(0.6163548485349672), 'lambda_l2': np.float64(1.3601060480368368), 'learning_rate': np.float64(0.9598713458165028), 'max_depth': 11, 'min_child_samples': 111, 'min_child_weight': 11, 'n_estimators': 48, 'num_leaves': 60}",0.6812465536334144,46,0.36023906069453226,0.6163548485349672,1.3601060480368368,0.9598713458165028,11,111,11,48,60
11,15,0.4255654550026198,0.03240049469812769,0.8852746515842709,0.007559466892280782,"{'bagging_fraction': np.float64(0.7989128885987675), 'bagging_freq': 42, 'feature_fraction': np.float64(0.2816611521619332), 'lambda_l1': np.float64(1.4375553884351786), 'lambda_l2': np.float64(2.4754721204997665), 'learning_rate': np.float64(0.3929913008566911), 'max_depth': 10, 'min_child_samples': 99, 'min_child_weight': 13, 'n_estimators': 34, 'num_leaves': 63}",0.7989128885987675,42,0.2816611521619332,1.4375553884351786,2.4754721204997665,0.3929913008566911,10,99,13,34,63
11,16,0.33668039869087024,0.02773499885226658,0.7594904205355419,0.01560604014076855,"{'bagging_fraction': np.float64(0.6979103532668618), 'bagging_freq': 65, 'feature_fraction': np.float64(0.2535969081720826), 'lambda_l1': np.float64(1.7736274165734232), 'lambda_l2': np.float64(2.357375516415626), 'learning_rate': np.float64(0.4996209454231263), 'max_depth': 12, 'min_child_samples': 52, 'min_child_weight': 20, 'n_estimators': 38, 'num_leaves': 52}",0.6979103532668618,65,0.2535969081720826,1.7736274165734232,2.357375516415626,0.4996209454231263,12,52,20,38,52
11,17,0.4008757224724964,0.02649694633317114,0.9687460700258708,0.001980702520514251,"{'bagging_fraction': np.float64(0.8817097291302932), 'bagging_freq': 64, 'feature_fraction': np.float64(0.5749634368781797), 'lambda_l1': np.float64(0.8527051447516054), 'lambda_l2': np.float64(1.578541197805243), 'learning_rate': np.float64(0.6227272649848531), 'max_depth': 20, 'min_child_samples': 85, 'min_child_weight': 18, 'n_estimators': 112, 'num_leaves': 107}",0.8817097291302932,64,0.5749634368781797,0.8527051447516054,1.578541197805243,0.6227272649848531,20,85,18,112,107
11,18,0.4339090616572344,0.0425174474294717,0.9786700710311026,0.004728391257897063,"{'bagging_fraction': np.float64(0.784804031659557), 'bagging_freq': 41, 'feature_fraction': np.float64(0.4659475478785473), 'lambda_l1': np.float64(0.852490890232223), 'lambda_l2': np.float64(2.482298141783416), 'learning_rate': np.float64(0.4167537333093112), 'max_depth': 23, 'min_child_samples': 65, 'min_child_weight': 10, 'n_estimators': 103, 'num_leaves': 162}",0.784804031659557,41,0.4659475478785473,0.852490890232223,2.482298141783416,0.4167537333093112,23,65,10,103,162
11,19,0.3538169098679339,0.017983914956920838,0.9418435729368986,0.004806523349360759,"{'bagging_fraction': np.float64(0.6690659017215015), 'bagging_freq': 28, 'feature_fraction': np.float64(0.4545821354913224), 'lambda_l1': np.float64(1.243566899477957), 'lambda_l2': np.float64(1.3255855369537763), 'learning_rate': np.float64(0.7691116790506969), 'max_depth': 18, 'min_child_samples': 92, 'min_child_weight': 12, 'n_estimators': 93, 'num_leaves': 50}",0.6690659017215015,28,0.4545821354913224,1.243566899477957,1.3255855369537763,0.7691116790506969,18,92,12,93,50
12,0,0.3962201855483418,0.017503256087056433,0.9638438436246997,0.006332527575518983,"{'bagging_fraction': np.float64(0.7862197732068451), 'bagging_freq': 10, 'feature_fraction': np.float64(0.19054344555214073), 'lambda_l1': np.float64(0.7012649321249084), 'lambda_l2': np.float64(2.478947197761106), 'learning_rate': np.float64(0.8866748731451638), 'max_depth': 17, 'min_child_samples': 52, 'min_child_weight': 13, 'n_estimators': 43, 'num_leaves': 164}",0.7862197732068451,10,0.19054344555214073,0.7012649321249084,2.478947197761106,0.8866748731451638,17,52,13,43,164
12,1,0.27965294071997704,0.013265382392321686,0.8042950193463867,0.003630855685581529,"{'bagging_fraction': np.float64(0.5655693433477677), 'bagging_freq': 64, 'feature_fraction': np.float64(0.4795144319546647), 'lambda_l1': np.float64(0.6522937296119593), 'lambda_l2': np.float64(1.6009695046798424), 'learning_rate': np.float64(0.8749817035609495), 'max_depth': 10, 'min_child_samples': 78, 'min_child_weight': 15, 'n_estimators': 106, 'num_leaves': 143}",0.5655693433477677,64,0.4795144319546647,0.6522937296119593,1.6009695046798424,0.8749817035609495,10,78,15,106,143
12,2,0.36489428897019316,0.03517551558410168,0.8685098686996178,0.005734224277572306,"{'bagging_fraction': np.float64(0.696424873417074), 'bagging_freq': 55, 'feature_fraction': np.float64(0.2848752972381856), 'lambda_l1': np.float64(1.3074266164106567), 'lambda_l2': np.float64(2.065737181191233), 'learning_rate': np.float64(0.8285604497352861), 'max_depth': 12, 'min_child_samples': 50, 'min_child_weight': 10, 'n_estimators': 62, 'num_leaves': 189}",0.696424873417074,55,0.2848752972381856,1.3074266164106567,2.065737181191233,0.8285604497352861,12,50,10,62,189
12,3,0.33092175799146967,0.030064369999758273,0.9607269858797813,0.00478129532476386,"{'bagging_fraction': np.float64(0.7609424949577965), 'bagging_freq': 42, 'feature_fraction': np.float64(0.5814650084643467), 'lambda_l1': np.float64(0.6409154228078073), 'lambda_l2': np.float64(1.6684872366115944), 'learning_rate': np.float64(1.078787429089334), 'max_depth': 23, 'min_child_samples': 57, 'min_child_weight': 11, 'n_estimators': 121, 'num_leaves': 94}",0.7609424949577965,42,0.5814650084643467,0.6409154228078073,1.6684872366115944,1.078787429089334,23,57,11,121,94
12,4,0.36101944088986854,0.04226543802420624,0.9730844258222875,0.003720613447723373,"{'bagging_fraction': np.float64(0.8817091487723347), 'bagging_freq': 44, 'feature_fraction': np.float64(0.5872949342761629), 'lambda_l1': np.float64(1.7274204799515618), 'lambda_l2': np.float64(2.0359761791438555), 'learning_rate': np.float64(0.8716492518804749), 'max_depth': 27, 'min_child_samples': 114, 'min_child_weight': 20, 'n_estimators': 112, 'num_leaves': 136}",0.8817091487723347,44,0.5872949342761629,1.7274204799515618,2.0359761791438555,0.8716492518804749,27,114,20,112,136
12,5,0.43070067209399127,0.037224795025301384,0.9643270031255613,0.0059160554007540705,"{'bagging_fraction': np.float64(0.634933252941087), 'bagging_freq': 12, 'feature_fraction': np.float64(0.3767810292237579), 'lambda_l1': np.float64(1.4824547963052932), 'lambda_l2': np.float64(1.8593588552690004), 'learning_rate': np.float64(0.5453576828197384), 'max_depth': 16, 'min_child_samples': 104, 'min_child_weight': 8, 'n_estimators': 53, 'num_leaves': 124}",0.634933252941087,12,0.3767810292237579,1.4824547963052932,1.8593588552690004,0.5453576828197384,16,104,8,53,124
12,6,0.41017511038244103,0.033889516868194164,0.9848179401330583,0.0011173483723338207,"{'bagging_fraction': np.float64(0.9124983455327056), 'bagging_freq': 33, 'feature_fraction': np.float64(0.5082428152925054), 'lambda_l1': np.float64(0.9823605547940264), 'lambda_l2': np.float64(2.4709767722690827), 'learning_rate': np.float64(0.46915559315165967), 'max_depth': 17, 'min_child_samples': 59, 'min_child_weight': 20, 'n_estimators': 103, 'num_leaves': 168}",0.9124983455327056,33,0.5082428152925054,0.9823605547940264,2.4709767722690827,0.46915559315165967,17,59,20,103,168
12,7,0.46185423226174416,0.02921105428426118,0.9721787493546248,0.0026189600975034728,"{'bagging_fraction': np.float64(0.9141147116133321), 'bagging_freq': 54, 'feature_fraction': np.float64(0.29229146155811236), 'lambda_l1': np.float64(0.7385340838101726), 'lambda_l2': np.float64(1.7501868077322773), 'learning_rate': np.float64(0.14991116432099252), 'max_depth': 10, 'min_child_samples': 115, 'min_child_weight': 18, 'n_estimators': 111, 'num_leaves': 90}",0.9141147116133321,54,0.29229146155811236,0.7385340838101726,1.7501868077322773,0.14991116432099252,10,115,18,111,90
12,8,0.4102750565468657,0.03754283403690326,0.9737349167616637,0.0025618532738853335,"{'bagging_fraction': np.float64(0.6885396317108446), 'bagging_freq': 18, 'feature_fraction': np.float64(0.36913752731629634), 'lambda_l1': np.float64(0.6741585143627917), 'lambda_l2': np.float64(1.8854123116759776), 'learning_rate': np.float64(0.4122738887226953), 'max_depth': 29, 'min_child_samples': 100, 'min_child_weight': 12, 'n_estimators': 90, 'num_leaves': 111}",0.6885396317108446,18,0.36913752731629634,0.6741585143627917,1.8854123116759776,0.4122738887226953,29,100,12,90,111
12,9,0.31612730421901836,0.026079182495708793,0.8790009819505606,0.007884206138687955,"{'bagging_fraction': np.float64(0.5976050856339545), 'bagging_freq': 33, 'feature_fraction': np.float64(0.1375097153611433), 'lambda_l1': np.float64(1.0251044961068232), 'lambda_l2': np.float64(1.4034339737496675), 'learning_rate': np.float64(0.6515347731696015), 'max_depth': 12, 'min_child_samples': 65, 'min_child_weight': 17, 'n_estimators': 119, 'num_leaves': 85}",0.5976050856339545,33,0.1375097153611433,1.0251044961068232,1.4034339737496675,0.6515347731696015,12,65,17,119,85
12,10,0.49849193774266454,0.019198217043414182,0.96109615402913,0.003376155856599572,"{'bagging_fraction': np.float64(0.8300361385494948), 'bagging_freq': 42, 'feature_fraction': np.float64(0.5964969717625683), 'lambda_l1': np.float64(1.8428834628624566), 'lambda_l2': np.float64(2.4750997847027065), 'learning_rate': np.float64(0.16775792730815256), 'max_depth': 16, 'min_child_samples': 118, 'min_child_weight': 6, 'n_estimators': 59, 'num_leaves': 65}",0.8300361385494948,42,0.5964969717625683,1.8428834628624566,2.4750997847027065,0.16775792730815256,16,118,6,59,65
12,11,0.3129707096245638,0.024791776559943357,0.8598919998497223,0.0025532966362108796,"{'bagging_fraction': np.float64(0.5666035591306449), 'bagging_freq': 34, 'feature_fraction': np.float64(0.20296658712425344), 'lambda_l1': np.float64(1.6964867645202664), 'lambda_l2': np.float64(2.2052053321443172), 'learning_rate': np.float64(0.8733668677769886), 'max_depth': 17, 'min_child_samples': 98, 'min_child_weight': 15, 'n_estimators': 117, 'num_leaves': 84}",0.5666035591306449,34,0.20296658712425344,1.6964867645202664,2.2052053321443172,0.8733668677769886,17,98,15,117,84
12,12,0.37156257760088834,0.03998825432906675,0.966005974374303,0.00328684874740397,"{'bagging_fraction': np.float64(0.5555794568299108), 'bagging_freq': 24, 'feature_fraction': np.float64(0.4549106900366371), 'lambda_l1': np.float64(1.6414537625193906), 'lambda_l2': np.float64(1.1230350885318858), 'learning_rate': np.float64(0.8034178784548697), 'max_depth': 24, 'min_child_samples': 91, 'min_child_weight': 7, 'n_estimators': 140, 'num_leaves': 139}",0.5555794568299108,24,0.4549106900366371,1.6414537625193906,1.1230350885318858,0.8034178784548697,24,91,7,140,139
12,13,0.4713255374466202,0.030471290411808318,0.9655775482502517,0.0028655811824868952,"{'bagging_fraction': np.float64(0.667756295491302), 'bagging_freq': 53, 'feature_fraction': np.float64(0.5629770687826824), 'lambda_l1': np.float64(1.9165942240045264), 'lambda_l2': np.float64(2.342568147497656), 'learning_rate': np.float64(0.22996511081179252), 'max_depth': 11, 'min_child_samples': 119, 'min_child_weight': 5, 'n_estimators': 142, 'num_leaves': 100}",0.667756295491302,53,0.5629770687826824,1.9165942240045264,2.342568147497656,0.22996511081179252,11,119,5,142,100
12,14,0.4807068415859785,0.03386135424273942,0.950520259104711,0.00318375074165183,"{'bagging_fraction': np.float64(0.7449774117095325), 'bagging_freq': 59, 'feature_fraction': np.float64(0.15726288805322022), 'lambda_l1': np.float64(1.3723532274704895), 'lambda_l2': np.float64(2.360441571991122), 'learning_rate': np.float64(0.1726288166613508), 'max_depth': 13, 'min_child_samples': 71, 'min_child_weight': 9, 'n_estimators': 104, 'num_leaves': 190}",0.7449774117095325,59,0.15726288805322022,1.3723532274704895,2.360441571991122,0.1726288166613508,13,71,9,104,190
12,15,0.38714775816758523,0.03306328878345465,0.9778512604907572,0.0037174081053523017,"{'bagging_fraction': np.float64(0.8289273790915814), 'bagging_freq': 53, 'feature_fraction': np.float64(0.40503426094137995), 'lambda_l1': np.float64(1.4168101654092942), 'lambda_l2': np.float64(1.0165256198021588), 'learning_rate': np.float64(0.6431011266720902), 'max_depth': 22, 'min_child_samples': 91, 'min_child_weight': 16, 'n_estimators': 148, 'num_leaves': 96}",0.8289273790915814,53,0.40503426094137995,1.4168101654092942,1.0165256198021588,0.6431011266720902,22,91,16,148,96
12,16,0.4512042532750399,0.02282082229240536,0.9434114619806022,0.005359151037237218,"{'bagging_fraction': np.float64(0.759839182835543), 'bagging_freq': 21, 'feature_fraction': np.float64(0.5836283104213646), 'lambda_l1': np.float64(1.7488706652104664), 'lambda_l2': np.float64(1.673776079209402), 'learning_rate': np.float64(0.16609263607852146), 'max_depth': 19, 'min_child_samples': 105, 'min_child_weight': 12, 'n_estimators': 66, 'num_leaves': 86}",0.759839182835543,21,0.5836283104213646,1.7488706652104664,1.673776079209402,0.16609263607852146,19,105,12,66,86
12,17,0.4731400294043763,0.044809669706471315,0.9878769308321125,0.0025670329895991395,"{'bagging_fraction': np.float64(0.8680856815321387), 'bagging_freq': 66, 'feature_fraction': np.float64(0.37131603290414983), 'lambda_l1': np.float64(1.3416973946771111), 'lambda_l2': np.float64(1.926310157825014), 'learning_rate': np.float64(0.2924475664478934), 'max_depth': 23, 'min_child_samples': 64, 'min_child_weight': 9, 'n_estimators': 146, 'num_leaves': 157}",0.8680856815321387,66,0.37131603290414983,1.3416973946771111,1.926310157825014,0.2924475664478934,23,64,9,146,157
12,18,0.33384779452419233,0.01172978264635394,0.8209641971824579,0.01141782899804565,"{'bagging_fraction': np.float64(0.6844637717203929), 'bagging_freq': 44, 'feature_fraction': np.float64(0.3371455871468969), 'lambda_l1': np.float64(1.3712001277830197), 'lambda_l2': np.float64(1.4000114498962961), 'learning_rate': np.float64(0.558411337587272), 'max_depth': 19, 'min_child_samples': 80, 'min_child_weight': 20, 'n_estimators': 62, 'num_leaves': 149}",0.6844637717203929,44,0.3371455871468969,1.3712001277830197,1.4000114498962961,0.558411337587272,19,80,20,62,149
12,19,0.3650390076452137,0.039818292951360065,0.9478584989508475,0.005184881342913785,"{'bagging_fraction': np.float64(0.8510396169782906), 'bagging_freq': 28, 'feature_fraction': np.float64(0.32379954157799584), 'lambda_l1': np.float64(1.5333556543389646), 'lambda_l2': np.float64(1.7058496363975013), 'learning_rate': np.float64(1.0049733954996891), 'max_depth': 27, 'min_child_samples': 85, 'min_child_weight': 14, 'n_estimators': 44, 'num_leaves': 99}",0.8510396169782906,28,0.32379954157799584,1.5333556543389646,1.7058496363975013,1.0049733954996891,27,85,14,44,99
13,0,0.39303616370304606,0.026330350069421624,0.9385479230636408,0.005154209244012145,"{'bagging_fraction': np.float64(0.7207709723297051), 'bagging_freq': 45, 'feature_fraction': np.float64(0.49416895947584694), 'lambda_l1': np.float64(0.9164660908671027), 'lambda_l2': np.float64(1.5818041595875698), 'learning_rate': np.float64(0.8384064404060746), 'max_depth': 25, 'min_child_samples': 64, 'min_child_weight': 6, 'n_estimators': 75, 'num_leaves': 142}",0.7207709723297051,45,0.49416895947584694,0.9164660908671027,1.5818041595875698,0.8384064404060746,25,64,6,75,142
13,1,0.449866963546493,0.03132473871293768,0.9940694071520124,0.0011834163461678232,"{'bagging_fraction': np.float64(0.9400510905882833), 'bagging_freq': 22, 'feature_fraction': np.float64(0.3182769471358736), 'lambda_l1': np.float64(1.5399716225807056), 'lambda_l2': np.float64(2.31045934873559), 'learning_rate': np.float64(0.6258499819415543), 'max_depth': 20, 'min_child_samples': 75, 'min_child_weight': 10, 'n_estimators': 54, 'num_leaves': 166}",0.9400510905882833,22,0.3182769471358736,1.5399716225807056,2.31045934873559,0.6258499819415543,20,75,10,54,166
13,2,0.3792146189201778,0.028708686107518075,0.8358030247478567,0.006897841000451738,"{'bagging_fraction': np.float64(0.8111661688528706), 'bagging_freq': 19, 'feature_fraction': np.float64(0.3137653717701736), 'lambda_l1': np.float64(1.0221642163103246), 'lambda_l2': np.float64(2.3975314488886763), 'learning_rate': np.float64(0.32440038062886667), 'max_depth': 24, 'min_child_samples': 79, 'min_child_weight': 21, 'n_estimators': 36, 'num_leaves': 98}",0.8111661688528706,19,0.3137653717701736,1.0221642163103246,2.3975314488886763,0.32440038062886667,24,79,21,36,98
13,3,0.2965968821241356,0.02664666391985699,0.9385915074768745,0.0029507744892769685,"{'bagging_fraction': np.float64(0.6443374067200623), 'bagging_freq': 20, 'feature_fraction': np.float64(0.43055804802580167), 'lambda_l1': np.float64(1.3596910099923165), 'lambda_l2': np.float64(2.2167251758641537), 'learning_rate': np.float64(0.8809745865368306), 'max_depth': 11, 'min_child_samples': 50, 'min_child_weight': 18, 'n_estimators': 144, 'num_leaves': 80}",0.6443374067200623,20,0.43055804802580167,1.3596910099923165,2.2167251758641537,0.8809745865368306,11,50,18,144,80
13,4,0.43768763835987184,0.03001540819658429,0.9442403326328783,0.0026471889617325876,"{'bagging_fraction': np.float64(0.8539801803904643), 'bagging_freq': 37, 'feature_fraction': np.float64(0.4468956502254964), 'lambda_l1': np.float64(1.8033259122718643), 'lambda_l2': np.float64(2.1251888240111483), 'learning_rate': np.float64(0.34067841527670095), 'max_depth': 13, 'min_child_samples': 118, 'min_child_weight': 18, 'n_estimators': 68, 'num_leaves': 151}",0.8539801803904643,37,0.4468956502254964,1.8033259122718643,2.1251888240111483,0.34067841527670095,13,118,18,68,151
13,5,0.41496001614868944,0.03830377261385899,0.97157299323965,0.005099635144428255,"{'bagging_fraction': np.float64(0.6621645455363653), 'bagging_freq': 24, 'feature_fraction': np.float64(0.5965733960962061), 'lambda_l1': np.float64(0.9041488836800897), 'lambda_l2': np.float64(2.4809752400866403), 'learning_rate': np.float64(0.5603101659889408), 'max_depth': 12, 'min_child_samples': 62, 'min_child_weight': 7, 'n_estimators': 85, 'num_leaves': 119}",0.6621645455363653,24,0.5965733960962061,0.9041488836800897,2.4809752400866403,0.5603101659889408,12,62,7,85,119
13,6,0.3647450459040977,0.025886288109061423,0.9523150362528942,0.003025571047461056,"{'bagging_fraction': np.float64(0.7848860562568096), 'bagging_freq': 58, 'feature_fraction': np.float64(0.47212529646020673), 'lambda_l1': np.float64(1.7664325267507424), 'lambda_l2': np.float64(2.3787951015893065), 'learning_rate': np.float64(0.8460932047230519), 'max_depth': 17, 'min_child_samples': 105, 'min_child_weight': 16, 'n_estimators': 125, 'num_leaves': 172}",0.7848860562568096,58,0.47212529646020673,1.7664325267507424,2.3787951015893065,0.8460932047230519,17,105,16,125,172
13,7,0.41694569429625383,0.023335630448639167,0.9942972468757525,0.0006763082943803853,"{'bagging_fraction': np.float64(0.8806879895094908), 'bagging_freq': 20, 'feature_fraction': np.float64(0.28273350593571467), 'lambda_l1': np.float64(1.2353781678007556), 'lambda_l2': np.float64(2.2378502205653383), 'learning_rate': np.float64(0.7584859378272575), 'max_depth': 11, 'min_child_samples': 99, 'min_child_weight': 10, 'n_estimators': 73, 'num_leaves': 104}",0.8806879895094908,20,0.28273350593571467,1.2353781678007556,2.2378502205653383,0.7584859378272575,11,99,10,73,104
13,8,0.3137307640140041,0.02586284410104662,0.6806315909966855,0.0038259875555413736,"{'bagging_fraction': np.float64(0.5434311030701837), 'bagging_freq': 63, 'feature_fraction': np.float64(0.3482625893114607), 'lambda_l1': np.float64(1.300507302985008), 'lambda_l2': np.float64(1.5988487553483195), 'learning_rate': np.float64(0.8864966664158065), 'max_depth': 28, 'min_child_samples': 58, 'min_child_weight': 13, 'n_estimators': 35, 'num_leaves': 178}",0.5434311030701837,63,0.3482625893114607,1.300507302985008,1.5988487553483195,0.8864966664158065,28,58,13,35,178
13,9,0.3380395619237348,0.01564066380651207,0.726750631861731,0.0057513843449421825,"{'bagging_fraction': np.float64(0.598814101657915), 'bagging_freq': 58, 'feature_fraction': np.float64(0.1431504627441855), 'lambda_l1': np.float64(0.8419193071943005), 'lambda_l2': np.float64(1.853224174572461), 'learning_rate': np.float64(0.4115254004201221), 'max_depth': 13, 'min_child_samples': 87, 'min_child_weight': 17, 'n_estimators': 58, 'num_leaves': 136}",0.598814101657915,58,0.1431504627441855,0.8419193071943005,1.853224174572461,0.4115254004201221,13,87,17,58,136
13,10,0.40818499610449815,0.035949375437292035,0.9984012895184146,0.001112364139885623,"{'bagging_fraction': np.float64(0.8810029464703453), 'bagging_freq': 27, 'feature_fraction': np.float64(0.22063212044229305), 'lambda_l1': np.float64(0.7397326788298153), 'lambda_l2': np.float64(1.0298580514880569), 'learning_rate': np.float64(0.6550006660954656), 'max_depth': 13, 'min_child_samples': 92, 'min_child_weight': 11, 'n_estimators': 143, 'num_leaves': 52}",0.8810029464703453,27,0.22063212044229305,0.7397326788298153,1.0298580514880569,0.6550006660954656,13,92,11,143,52
13,11,0.4066987681962348,0.024165088550458652,0.8587988639550078,0.004148811879023168,"{'bagging_fraction': np.float64(0.7365887401068334), 'bagging_freq': 22, 'feature_fraction': np.float64(0.2988850559093408), 'lambda_l1': np.float64(1.4836580905289347), 'lambda_l2': np.float64(2.3515272877451974), 'learning_rate': np.float64(0.27923403078790276), 'max_depth': 17, 'min_child_samples': 52, 'min_child_weight': 17, 'n_estimators': 45, 'num_leaves': 185}",0.7365887401068334,22,0.2988850559093408,1.4836580905289347,2.3515272877451974,0.27923403078790276,17,52,17,45,185
13,12,0.39974114150688433,0.011875628063348706,0.9873603819531926,0.0025275919327849435,"{'bagging_fraction': np.float64(0.6127378401439403), 'bagging_freq': 17, 'feature_fraction': np.float64(0.47168674084843476), 'lambda_l1': np.float64(1.6100680128905334), 'lambda_l2': np.float64(1.568871034557827), 'learning_rate': np.float64(0.9875648478191463), 'max_depth': 13, 'min_child_samples': 93, 'min_child_weight': 4, 'n_estimators': 117, 'num_leaves': 98}",0.6127378401439403,17,0.47168674084843476,1.6100680128905334,1.568871034557827,0.9875648478191463,13,93,4,117,98
13,13,0.37416530849387974,0.009294522868632391,0.8708797398309859,0.010615672585992808,"{'bagging_fraction': np.float64(0.6863362914355037), 'bagging_freq': 53, 'feature_fraction': np.float64(0.10491811826517508), 'lambda_l1': np.float64(1.5766864424699816), 'lambda_l2': np.float64(2.476779175443073), 'learning_rate': np.float64(0.9189964591215158), 'max_depth': 18, 'min_child_samples': 92, 'min_child_weight': 14, 'n_estimators': 76, 'num_leaves': 111}",0.6863362914355037,53,0.10491811826517508,1.5766864424699816,2.476779175443073,0.9189964591215158,18,92,14,76,111
13,14,0.3321155707004396,0.028395426549818897,0.8588258120515133,0.005015065671183582,"{'bagging_fraction': np.float64(0.5513634379125981), 'bagging_freq': 34, 'feature_fraction': np.float64(0.5311795420257662), 'lambda_l1': np.float64(0.608850598299488), 'lambda_l2': np.float64(1.730462784713141), 'learning_rate': np.float64(0.8369815005392532), 'max_depth': 21, 'min_child_samples': 119, 'min_child_weight': 8, 'n_estimators': 71, 'num_leaves': 160}",0.5513634379125981,34,0.5311795420257662,0.608850598299488,1.730462784713141,0.8369815005392532,21,119,8,71,160
13,15,0.4704137723741555,0.03105812788084865,0.945461208970127,0.0012204599569271984,"{'bagging_fraction': np.float64(0.8934537254354744), 'bagging_freq': 40, 'feature_fraction': np.float64(0.18055828096049673), 'lambda_l1': np.float64(0.7183262047086849), 'lambda_l2': np.float64(2.216350514914946), 'learning_rate': np.float64(0.5053511673416969), 'max_depth': 27, 'min_child_samples': 74, 'min_child_weight': 6, 'n_estimators': 36, 'num_leaves': 128}",0.8934537254354744,40,0.18055828096049673,0.7183262047086849,2.216350514914946,0.5053511673416969,27,74,6,36,128
13,16,0.4263147447182235,0.016737610713092068,0.9832736902908673,0.0011943146531484894,"{'bagging_fraction': np.float64(0.7681426088772066), 'bagging_freq': 28, 'feature_fraction': np.float64(0.2370903219209178), 'lambda_l1': np.float64(0.7821306159301946), 'lambda_l2': np.float64(2.3454851133084222), 'learning_rate': np.float64(0.4926635847871642), 'max_depth': 25, 'min_child_samples': 77, 'min_child_weight': 12, 'n_estimators': 110, 'num_leaves': 112}",0.7681426088772066,28,0.2370903219209178,0.7821306159301946,2.3454851133084222,0.4926635847871642,25,77,12,110,112
13,17,0.3683979455054681,0.019437547514589714,0.978198365056859,0.002551693493550037,"{'bagging_fraction': np.float64(0.8489973834892499), 'bagging_freq': 41, 'feature_fraction': np.float64(0.3179648922777709), 'lambda_l1': np.float64(1.3463992317126308), 'lambda_l2': np.float64(2.159630357837213), 'learning_rate': np.float64(0.6518152325690498), 'max_depth': 27, 'min_child_samples': 102, 'min_child_weight': 17, 'n_estimators': 120, 'num_leaves': 150}",0.8489973834892499,41,0.3179648922777709,1.3463992317126308,2.159630357837213,0.6518152325690498,27,102,17,120,150
13,18,0.3172747058188214,0.023252369285016145,0.7789994655695911,0.005337039514233954,"{'bagging_fraction': np.float64(0.5595534019789004), 'bagging_freq': 67, 'feature_fraction': np.float64(0.20016017696048047), 'lambda_l1': np.float64(0.601263530203431), 'lambda_l2': np.float64(2.4351823991395065), 'learning_rate': np.float64(0.3053177178093984), 'max_depth': 28, 'min_child_samples': 109, 'min_child_weight': 20, 'n_estimators': 146, 'num_leaves': 99}",0.5595534019789004,67,0.20016017696048047,0.601263530203431,2.4351823991395065,0.3053177178093984,28,109,20,146,99
13,19,0.23181007384584507,0.018517557224893413,0.5566416179528303,0.008420762281224604,"{'bagging_fraction': np.float64(0.5005406333033446), 'bagging_freq': 16, 'feature_fraction': np.float64(0.3293446244941576), 'lambda_l1': np.float64(1.981245067308103), 'lambda_l2': np.float64(1.277335305421658), 'learning_rate': np.float64(1.0868526963892977), 'max_depth': 28, 'min_child_samples': 116, 'min_child_weight': 19, 'n_estimators': 30, 'num_leaves': 85}",0.5005406333033446,16,0.3293446244941576,1.981245067308103,1.277335305421658,1.0868526963892977,28,116,19,30,85
14,0,0.42394209121869836,0.022040525015598736,0.9259317828519815,0.0069225308863572945,"{'bagging_fraction': np.float64(0.7278433045987994), 'bagging_freq': 29, 'feature_fraction': np.float64(0.18587397841877987), 'lambda_l1': np.float64(1.7039497666361172), 'lambda_l2': np.float64(1.3102495309341844), 'learning_rate': np.float64(0.30974534517057994), 'max_depth': 14, 'min_child_samples': 92, 'min_child_weight': 16, 'n_estimators': 83, 'num_leaves': 155}",0.7278433045987994,29,0.18587397841877987,1.7039497666361172,1.3102495309341844,0.30974534517057994,14,92,16,83,155
14,1,0.32926944114429463,0.02653594503908959,0.8759800258000092,0.009045873826884808,"{'bagging_fraction': np.float64(0.5877969941160178), 'bagging_freq': 64, 'feature_fraction': np.float64(0.2225353358697814), 'lambda_l1': np.float64(0.8101119441408958), 'lambda_l2': np.float64(2.3954370205135467), 'learning_rate': np.float64(0.7822590050819722), 'max_depth': 13, 'min_child_samples': 70, 'min_child_weight': 12, 'n_estimators': 135, 'num_leaves': 156}",0.5877969941160178,64,0.2225353358697814,0.8101119441408958,2.3954370205135467,0.7822590050819722,13,70,12,135,156
14,2,0.4680818904470782,0.037531635457619054,0.9828373707224,0.0018175154723755842,"{'bagging_fraction': np.float64(0.9010324717390625), 'bagging_freq': 51, 'feature_fraction': np.float64(0.45923875052484764), 'lambda_l1': np.float64(1.3378118897373845), 'lambda_l2': np.float64(2.0974991182923537), 'learning_rate': np.float64(0.24512263501026457), 'max_depth': 14, 'min_child_samples': 77, 'min_child_weight': 12, 'n_estimators': 97, 'num_leaves': 133}",0.9010324717390625,51,0.45923875052484764,1.3378118897373845,2.0974991182923537,0.24512263501026457,14,77,12,97,133
14,3,0.36942802038689626,0.03125479385262819,0.9845942260127174,0.002135249447465197,"{'bagging_fraction': np.float64(0.881646553137287), 'bagging_freq': 12, 'feature_fraction': np.float64(0.20301404611227733), 'lambda_l1': np.float64(0.7638976426726319), 'lambda_l2': np.float64(1.31398509141299), 'learning_rate': np.float64(0.9460972628740556), 'max_depth': 10, 'min_child_samples': 92, 'min_child_weight': 17, 'n_estimators': 60, 'num_leaves': 187}",0.881646553137287,12,0.20301404611227733,0.7638976426726319,1.31398509141299,0.9460972628740556,10,92,17,60,187
14,4,0.32216960347776225,0.03537563215656431,0.7689310000924313,0.009453453008800955,"{'bagging_fraction': np.float64(0.5602375782116359), 'bagging_freq': 45, 'feature_fraction': np.float64(0.28830454813640805), 'lambda_l1': np.float64(1.1535050831180176), 'lambda_l2': np.float64(2.445783025367194), 'learning_rate': np.float64(0.5843763921360567), 'max_depth': 14, 'min_child_samples': 85, 'min_child_weight': 17, 'n_estimators': 77, 'num_leaves': 151}",0.5602375782116359,45,0.28830454813640805,1.1535050831180176,2.445783025367194,0.5843763921360567,14,85,17,77,151
14,5,0.4082665532917673,0.025244210748964584,0.820832717257524,0.003001990006532645,"{'bagging_fraction': np.float64(0.6939729116540244), 'bagging_freq': 39, 'feature_fraction': np.float64(0.48213799021715575), 'lambda_l1': np.float64(1.2076669522493857), 'lambda_l2': np.float64(2.217764071463667), 'learning_rate': np.float64(0.18571944949034438), 'max_depth': 15, 'min_child_samples': 93, 'min_child_weight': 10, 'n_estimators': 33, 'num_leaves': 114}",0.6939729116540244,39,0.48213799021715575,1.2076669522493857,2.217764071463667,0.18571944949034438,15,93,10,33,114
14,6,0.4408809360218443,0.007747476482266736,0.9618670295665555,0.0024529831748797155,"{'bagging_fraction': np.float64(0.8480079438848409), 'bagging_freq': 69, 'feature_fraction': np.float64(0.2055949437685973), 'lambda_l1': np.float64(1.997288845529221), 'lambda_l2': np.float64(1.7915909275794546), 'learning_rate': np.float64(0.32526457561090394), 'max_depth': 16, 'min_child_samples': 86, 'min_child_weight': 15, 'n_estimators': 109, 'num_leaves': 182}",0.8480079438848409,69,0.2055949437685973,1.997288845529221,1.7915909275794546,0.32526457561090394,16,86,15,109,182
14,7,0.25913212458806184,0.02769710137951503,0.8482393279230351,0.008456031916561867,"{'bagging_fraction': np.float64(0.6552574195449281), 'bagging_freq': 13, 'feature_fraction': np.float64(0.1160990411903017), 'lambda_l1': np.float64(1.008882068131045), 'lambda_l2': np.float64(1.845456337097485), 'learning_rate': np.float64(1.0729903821180884), 'max_depth': 27, 'min_child_samples': 85, 'min_child_weight': 21, 'n_estimators': 95, 'num_leaves': 186}",0.6552574195449281,13,0.1160990411903017,1.008882068131045,1.845456337097485,1.0729903821180884,27,85,21,95,186
14,8,0.40268839236860465,0.0314115624823091,0.9939159501266046,0.0008414997475037587,"{'bagging_fraction': np.float64(0.9042701086823417), 'bagging_freq': 23, 'feature_fraction': np.float64(0.23606337414275083), 'lambda_l1': np.float64(1.8249584939266978), 'lambda_l2': np.float64(1.6667072403631726), 'learning_rate': np.float64(0.9522568458477154), 'max_depth': 14, 'min_child_samples': 54, 'min_child_weight': 15, 'n_estimators': 124, 'num_leaves': 99}",0.9042701086823417,23,0.23606337414275083,1.8249584939266978,1.6667072403631726,0.9522568458477154,14,54,15,124,99
14,9,0.34170856351049494,0.03186677661169317,0.7192158257656651,0.0073730527310259565,"{'bagging_fraction': np.float64(0.5606128848291891), 'bagging_freq': 69, 'feature_fraction': np.float64(0.32550435843822123), 'lambda_l1': np.float64(0.9312171396100267), 'lambda_l2': np.float64(2.33725192580454), 'learning_rate': np.float64(0.6239609277251457), 'max_depth': 12, 'min_child_samples': 61, 'min_child_weight': 9, 'n_estimators': 61, 'num_leaves': 75}",0.5606128848291891,69,0.32550435843822123,0.9312171396100267,2.33725192580454,0.6239609277251457,12,61,9,61,75
14,10,0.3162317140135669,0.012000290003928027,0.9637146969810975,0.005027751469540258,"{'bagging_fraction': np.float64(0.534320823672375), 'bagging_freq': 13, 'feature_fraction': np.float64(0.29087281602344583), 'lambda_l1': np.float64(1.9987260307742138), 'lambda_l2': np.float64(1.1573260789737894), 'learning_rate': np.float64(1.0067388989656139), 'max_depth': 29, 'min_child_samples': 54, 'min_child_weight': 11, 'n_estimators': 148, 'num_leaves': 124}",0.534320823672375,13,0.29087281602344583,1.9987260307742138,1.1573260789737894,1.0067388989656139,29,54,11,148,124
14,11,0.32711387648485657,0.025531249815106676,0.8615932975996176,0.0039303229859315655,"{'bagging_fraction': np.float64(0.6082598238903739), 'bagging_freq': 55, 'feature_fraction': np.float64(0.29601693405196483), 'lambda_l1': np.float64(1.0611339153040182), 'lambda_l2': np.float64(1.9998198354791057), 'learning_rate': np.float64(1.0889917950252048), 'max_depth': 18, 'min_child_samples': 58, 'min_child_weight': 7, 'n_estimators': 72, 'num_leaves': 132}",0.6082598238903739,55,0.29601693405196483,1.0611339153040182,1.9998198354791057,1.0889917950252048,18,58,7,72,132
14,12,0.3201737425056447,0.025696328762707308,0.8985453509902979,0.0049638209034791134,"{'bagging_fraction': np.float64(0.6913815492062227), 'bagging_freq': 35, 'feature_fraction': np.float64(0.23285936525973697), 'lambda_l1': np.float64(0.7507457259898522), 'lambda_l2': np.float64(1.8444081089568172), 'learning_rate': np.float64(0.6650896811425346), 'max_depth': 14, 'min_child_samples': 89, 'min_child_weight': 21, 'n_estimators': 111, 'num_leaves': 141}",0.6913815492062227,35,0.23285936525973697,0.7507457259898522,1.8444081089568172,0.6650896811425346,14,89,21,111,141
14,13,0.2667008900796685,0.009141391028821113,0.7444442304891734,0.005603741345266446,"{'bagging_fraction': np.float64(0.5504726691814888), 'bagging_freq': 28, 'feature_fraction': np.float64(0.2020943908603289), 'lambda_l1': np.float64(0.9389133995868787), 'lambda_l2': np.float64(2.21006935387984), 'learning_rate': np.float64(0.7739628738840805), 'max_depth': 22, 'min_child_samples': 94, 'min_child_weight': 20, 'n_estimators': 83, 'num_leaves': 177}",0.5504726691814888,28,0.2020943908603289,0.9389133995868787,2.21006935387984,0.7739628738840805,22,94,20,83,177
14,14,0.32653184760207876,0.016063831833184432,0.8867442811458428,0.005071034989537143,"{'bagging_fraction': np.float64(0.6244368677646112), 'bagging_freq': 56, 'feature_fraction': np.float64(0.5104170324167646), 'lambda_l1': np.float64(1.0472539073167113), 'lambda_l2': np.float64(1.3318372040431836), 'learning_rate': np.float64(0.6195650511835038), 'max_depth': 16, 'min_child_samples': 82, 'min_child_weight': 16, 'n_estimators': 130, 'num_leaves': 174}",0.6244368677646112,56,0.5104170324167646,1.0472539073167113,1.3318372040431836,0.6195650511835038,16,82,16,130,174
14,15,0.43606680376803686,0.030339935539074554,0.8773462201658674,0.003475050147231084,"{'bagging_fraction': np.float64(0.6872051585695674), 'bagging_freq': 12, 'feature_fraction': np.float64(0.2482612206550979), 'lambda_l1': np.float64(1.0731247634289836), 'lambda_l2': np.float64(2.3208225932861275), 'learning_rate': np.float64(0.14575776266262688), 'max_depth': 29, 'min_child_samples': 73, 'min_child_weight': 7, 'n_estimators': 31, 'num_leaves': 67}",0.6872051585695674,12,0.2482612206550979,1.0731247634289836,2.3208225932861275,0.14575776266262688,29,73,7,31,67
14,16,0.5089947162351759,0.031532740306301967,0.9947549889399147,0.0016268803524097865,"{'bagging_fraction': np.float64(0.8510365968062663), 'bagging_freq': 49, 'feature_fraction': np.float64(0.5033780524187201), 'lambda_l1': np.float64(1.3051704092314922), 'lambda_l2': np.float64(1.9416468963107811), 'learning_rate': np.float64(0.22596440819837652), 'max_depth': 20, 'min_child_samples': 82, 'min_child_weight': 4, 'n_estimators': 129, 'num_leaves': 127}",0.8510365968062663,49,0.5033780524187201,1.3051704092314922,1.9416468963107811,0.22596440819837652,20,82,4,129,127
14,17,0.45869861226147635,0.016966761776729507,0.9823810289396671,0.003646925462238612,"{'bagging_fraction': np.float64(0.8426119458225445), 'bagging_freq': 24, 'feature_fraction': np.float64(0.3760162465716842), 'lambda_l1': np.float64(1.5049999551743998), 'lambda_l2': np.float64(1.9365280322004366), 'learning_rate': np.float64(0.5170725972447924), 'max_depth': 15, 'min_child_samples': 118, 'min_child_weight': 5, 'n_estimators': 47, 'num_leaves': 162}",0.8426119458225445,24,0.3760162465716842,1.5049999551743998,1.9365280322004366,0.5170725972447924,15,118,5,47,162
14,18,0.37782227080546216,0.035916370664731447,0.9239359485824332,0.006119946354585843,"{'bagging_fraction': np.float64(0.7547146290643738), 'bagging_freq': 51, 'feature_fraction': np.float64(0.49394397676783397), 'lambda_l1': np.float64(1.1830105402463027), 'lambda_l2': np.float64(1.900293422555816), 'learning_rate': np.float64(0.7198242381867639), 'max_depth': 12, 'min_child_samples': 82, 'min_child_weight': 14, 'n_estimators': 78, 'num_leaves': 127}",0.7547146290643738,51,0.49394397676783397,1.1830105402463027,1.900293422555816,0.7198242381867639,12,82,14,78,127
14,19,0.43898435628004995,0.03275179812528863,0.8760221834276445,0.006108508427953484,"{'bagging_fraction': np.float64(0.7641413558319324), 'bagging_freq': 34, 'feature_fraction': np.float64(0.5978734358279906), 'lambda_l1': np.float64(1.8125097312427125), 'lambda_l2': np.float64(2.1114103422723853), 'learning_rate': np.float64(0.4386210058916292), 'max_depth': 28, 'min_child_samples': 86, 'min_child_weight': 7, 'n_estimators': 34, 'num_leaves': 89}",0.7641413558319324,34,0.5978734358279906,1.8125097312427125,2.1114103422723853,0.4386210058916292,28,86,7,34,89
15,0,0.4519639190770978,0.018762503268832255,0.9721264235199565,0.0028002746368231955,"{'bagging_fraction': np.float64(0.7361254226699541), 'bagging_freq': 14, 'feature_fraction': np.float64(0.26879331367026815), 'lambda_l1': np.float64(1.5698142984181969), 'lambda_l2': np.float64(2.0682095858476144), 'learning_rate': np.float64(0.2321239504541102), 'max_depth': 12, 'min_child_samples': 102, 'min_child_weight': 13, 'n_estimators': 87, 'num_leaves': 69}",0.7361254226699541,14,0.26879331367026815,1.5698142984181969,2.0682095858476144,0.2321239504541102,12,102,13,87,69
15,1,0.4433683678114558,0.025463305308264583,0.9817462348467864,0.0037796152157133643,"{'bagging_fraction': np.float64(0.7763609433618306), 'bagging_freq': 38, 'feature_fraction': np.float64(0.2581160209318649), 'lambda_l1': np.float64(1.0486964058952266), 'lambda_l2': np.float64(1.5934960510039553), 'learning_rate': np.float64(0.556304721908641), 'max_depth': 19, 'min_child_samples': 99, 'min_child_weight': 10, 'n_estimators': 116, 'num_leaves': 97}",0.7763609433618306,38,0.2581160209318649,1.0486964058952266,1.5934960510039553,0.556304721908641,19,99,10,116,97
15,2,0.3962915366995219,0.029215421311557625,0.9936539495252088,0.002550517934815934,"{'bagging_fraction': np.float64(0.7027460423672375), 'bagging_freq': 18, 'feature_fraction': np.float64(0.49307315874764246), 'lambda_l1': np.float64(1.167562617895431), 'lambda_l2': np.float64(2.4495387569414193), 'learning_rate': np.float64(0.6863625499347834), 'max_depth': 27, 'min_child_samples': 64, 'min_child_weight': 9, 'n_estimators': 143, 'num_leaves': 91}",0.7027460423672375,18,0.49307315874764246,1.167562617895431,2.4495387569414193,0.6863625499347834,27,64,9,143,91
15,3,0.33246281344391254,0.030330667461126806,0.7426779745300697,0.005846772104179124,"{'bagging_fraction': np.float64(0.5991039194991474), 'bagging_freq': 57, 'feature_fraction': np.float64(0.26139326887645475), 'lambda_l1': np.float64(0.5797943292535039), 'lambda_l2': np.float64(1.2649726877286125), 'learning_rate': np.float64(1.0930443594694244), 'max_depth': 14, 'min_child_samples': 91, 'min_child_weight': 4, 'n_estimators': 51, 'num_leaves': 83}",0.5991039194991474,57,0.26139326887645475,0.5797943292535039,1.2649726877286125,1.0930443594694244,14,91,4,51,83
15,4,0.39278343882101635,0.022329919839437145,0.9787912671798464,0.0021735898194593577,"{'bagging_fraction': np.float64(0.9346741451227389), 'bagging_freq': 51, 'feature_fraction': np.float64(0.4231452815158415), 'lambda_l1': np.float64(0.8861881669898207), 'lambda_l2': np.float64(2.0211812008341545), 'learning_rate': np.float64(0.795186234596142), 'max_depth': 26, 'min_child_samples': 80, 'min_child_weight': 15, 'n_estimators': 82, 'num_leaves': 97}",0.9346741451227389,51,0.4231452815158415,0.8861881669898207,2.0211812008341545,0.795186234596142,26,80,15,82,97
15,5,0.43560787123711286,0.027911121783906943,0.965182361714643,0.002179694198967587,"{'bagging_fraction': np.float64(0.9113820498141568), 'bagging_freq': 59, 'feature_fraction': np.float64(0.20493582715809025), 'lambda_l1': np.float64(0.8247731380392448), 'lambda_l2': np.float64(1.8429344619387344), 'learning_rate': np.float64(0.26233939487427094), 'max_depth': 23, 'min_child_samples': 76, 'min_child_weight': 21, 'n_estimators': 105, 'num_leaves': 180}",0.9113820498141568,59,0.20493582715809025,0.8247731380392448,1.8429344619387344,0.26233939487427094,23,76,21,105,180
15,6,0.4564955122437234,0.021895853780425967,0.9779444928416842,0.0022274413612433917,"{'bagging_fraction': np.float64(0.8705338325461494), 'bagging_freq': 48, 'feature_fraction': np.float64(0.3066411304249975), 'lambda_l1': np.float64(0.6813540283804942), 'lambda_l2': np.float64(1.5150133772852643), 'learning_rate': np.float64(0.16495132446912633), 'max_depth': 15, 'min_child_samples': 109, 'min_child_weight': 17, 'n_estimators': 129, 'num_leaves': 150}",0.8705338325461494,48,0.3066411304249975,0.6813540283804942,1.5150133772852643,0.16495132446912633,15,109,17,129,150
15,7,0.42310096285073834,0.032363719910158725,0.9838408289124387,0.0019181924466962809,"{'bagging_fraction': np.float64(0.914182806808631), 'bagging_freq': 47, 'feature_fraction': np.float64(0.3666521390605051), 'lambda_l1': np.float64(1.0703619827354438), 'lambda_l2': np.float64(2.085077875105706), 'learning_rate': np.float64(0.9699986736608175), 'max_depth': 24, 'min_child_samples': 51, 'min_child_weight': 6, 'n_estimators': 57, 'num_leaves': 100}",0.914182806808631,47,0.3666521390605051,1.0703619827354438,2.085077875105706,0.9699986736608175,24,51,6,57,100
15,8,0.3763579091821804,0.02443642640565726,0.9897780956290225,0.0010017399581985374,"{'bagging_fraction': np.float64(0.9296712159750962), 'bagging_freq': 62, 'feature_fraction': np.float64(0.12383241887388721), 'lambda_l1': np.float64(1.2454982815403592), 'lambda_l2': np.float64(2.316206250796925), 'learning_rate': np.float64(0.975428895770962), 'max_depth': 18, 'min_child_samples': 96, 'min_child_weight': 14, 'n_estimators': 137, 'num_leaves': 77}",0.9296712159750962,62,0.12383241887388721,1.2454982815403592,2.316206250796925,0.975428895770962,18,96,14,137,77
15,9,0.43533790958463514,0.029001951842738453,0.9158270844134077,0.006902813340055181,"{'bagging_fraction': np.float64(0.8184414793493884), 'bagging_freq': 62, 'feature_fraction': np.float64(0.34751930321838465), 'lambda_l1': np.float64(1.245486325207704), 'lambda_l2': np.float64(2.365301550731912), 'learning_rate': np.float64(0.5244669810986906), 'max_depth': 12, 'min_child_samples': 107, 'min_child_weight': 11, 'n_estimators': 65, 'num_leaves': 186}",0.8184414793493884,62,0.34751930321838465,1.245486325207704,2.365301550731912,0.5244669810986906,12,107,11,65,186
15,10,0.3607238244207236,0.013861901113173793,0.7400816530656922,0.015110595832732988,"{'bagging_fraction': np.float64(0.685128936558457), 'bagging_freq': 33, 'feature_fraction': np.float64(0.11484514034372253), 'lambda_l1': np.float64(1.4479173251480195), 'lambda_l2': np.float64(2.208801194505698), 'learning_rate': np.float64(0.45539352200837646), 'max_depth': 15, 'min_child_samples': 98, 'min_child_weight': 20, 'n_estimators': 36, 'num_leaves': 174}",0.685128936558457,33,0.11484514034372253,1.4479173251480195,2.208801194505698,0.45539352200837646,15,98,20,36,174
15,11,0.442693217621198,0.039911125339445734,0.9879351818976234,0.0015733957631912188,"{'bagging_fraction': np.float64(0.8858834797058915), 'bagging_freq': 50, 'feature_fraction': np.float64(0.4185625670996964), 'lambda_l1': np.float64(1.3509732698526458), 'lambda_l2': np.float64(2.3318489251856054), 'learning_rate': np.float64(0.3904034265944061), 'max_depth': 26, 'min_child_samples': 79, 'min_child_weight': 13, 'n_estimators': 129, 'num_leaves': 127}",0.8858834797058915,50,0.4185625670996964,1.3509732698526458,2.3318489251856054,0.3904034265944061,26,79,13,129,127
15,12,0.36474805531583054,0.0329354079410915,0.9511030424843685,0.0035506691825611197,"{'bagging_fraction': np.float64(0.8374281404420785), 'bagging_freq': 62, 'feature_fraction': np.float64(0.23087984438014922), 'lambda_l1': np.float64(1.7987665613500723), 'lambda_l2': np.float64(1.4399335008147576), 'learning_rate': np.float64(0.6136432685391655), 'max_depth': 14, 'min_child_samples': 105, 'min_child_weight': 20, 'n_estimators': 124, 'num_leaves': 159}",0.8374281404420785,62,0.23087984438014922,1.7987665613500723,1.4399335008147576,0.6136432685391655,14,105,20,124,159
15,13,0.43402373105245406,0.034253991144741425,0.9526845183665096,0.002731073110235714,"{'bagging_fraction': np.float64(0.9127935545771031), 'bagging_freq': 50, 'feature_fraction': np.float64(0.4394577600432368), 'lambda_l1': np.float64(1.4387740246482181), 'lambda_l2': np.float64(1.4719675181828622), 'learning_rate': np.float64(0.8900384689826041), 'max_depth': 27, 'min_child_samples': 108, 'min_child_weight': 4, 'n_estimators': 101, 'num_leaves': 91}",0.9127935545771031,50,0.4394577600432368,1.4387740246482181,1.4719675181828622,0.8900384689826041,27,108,4,101,91
15,14,0.4831475143102858,0.03601691132334616,0.9963488508359228,0.00047543157838028514,"{'bagging_fraction': np.float64(0.9238056267317554), 'bagging_freq': 46, 'feature_fraction': np.float64(0.37598659351072894), 'lambda_l1': np.float64(1.919629505809159), 'lambda_l2': np.float64(1.0973595170363537), 'learning_rate': np.float64(0.26641784227022425), 'max_depth': 21, 'min_child_samples': 88, 'min_child_weight': 9, 'n_estimators': 147, 'num_leaves': 129}",0.9238056267317554,46,0.37598659351072894,1.919629505809159,1.0973595170363537,0.26641784227022425,21,88,9,147,129
15,15,0.4269435454780696,0.0174891081344688,0.8883218684574722,0.007531202879547999,"{'bagging_fraction': np.float64(0.744083909410114), 'bagging_freq': 36, 'feature_fraction': np.float64(0.34749965890039713), 'lambda_l1': np.float64(0.6151361088691789), 'lambda_l2': np.float64(1.9122470168516066), 'learning_rate': np.float64(0.4706168759628985), 'max_depth': 14, 'min_child_samples': 76, 'min_child_weight': 10, 'n_estimators': 41, 'num_leaves': 67}",0.744083909410114,36,0.34749965890039713,0.6151361088691789,1.9122470168516066,0.4706168759628985,14,76,10,41,67
15,16,0.3351157845340578,0.020045878454266867,0.9625226414689452,0.004497193946954044,"{'bagging_fraction': np.float64(0.842572712795343), 'bagging_freq': 32, 'feature_fraction': np.float64(0.5205559582897255), 'lambda_l1': np.float64(0.8444086119230956), 'lambda_l2': np.float64(2.016262043828292), 'learning_rate': np.float64(1.073999193657772), 'max_depth': 13, 'min_child_samples': 81, 'min_child_weight': 17, 'n_estimators': 77, 'num_leaves': 148}",0.842572712795343,32,0.5205559582897255,0.8444086119230956,2.016262043828292,1.073999193657772,13,81,17,77,148
15,17,0.385482049934941,0.03418671980923268,0.9360084536234213,0.0023707033845318357,"{'bagging_fraction': np.float64(0.8854539526528911), 'bagging_freq': 69, 'feature_fraction': np.float64(0.3427961487694746), 'lambda_l1': np.float64(1.566786683662323), 'lambda_l2': np.float64(1.845542806538393), 'learning_rate': np.float64(0.9503247435879093), 'max_depth': 20, 'min_child_samples': 61, 'min_child_weight': 11, 'n_estimators': 43, 'num_leaves': 150}",0.8854539526528911,69,0.3427961487694746,1.566786683662323,1.845542806538393,0.9503247435879093,20,61,11,43,150
15,18,0.27305497374343235,0.020408975881708407,0.8415917771622418,0.008841960362727464,"{'bagging_fraction': np.float64(0.504079195371515), 'bagging_freq': 13, 'feature_fraction': np.float64(0.18881153635457384), 'lambda_l1': np.float64(0.5271993394128867), 'lambda_l2': np.float64(1.5906210993076304), 'learning_rate': np.float64(1.0426945892197368), 'max_depth': 22, 'min_child_samples': 102, 'min_child_weight': 12, 'n_estimators': 97, 'num_leaves': 102}",0.504079195371515,13,0.18881153635457384,0.5271993394128867,1.5906210993076304,1.0426945892197368,22,102,12,97,102
15,19,0.4133075116194519,0.028056599707073217,0.9841654526671213,0.001792226656000693,"{'bagging_fraction': np.float64(0.9471837027701275), 'bagging_freq': 56, 'feature_fraction': np.float64(0.18848618314709806), 'lambda_l1': np.float64(1.986869775601658), 'lambda_l2': np.float64(1.6121598073252534), 'learning_rate': np.float64(0.9640583577911935), 'max_depth': 27, 'min_child_samples': 100, 'min_child_weight': 11, 'n_estimators': 98, 'num_leaves': 90}",0.9471837027701275,56,0.18848618314709806,1.986869775601658,1.6121598073252534,0.9640583577911935,27,100,11,98,90
16,0,0.4539150163147956,0.031034853841757245,0.9394179787618622,0.003232076865104572,"{'bagging_fraction': np.float64(0.8953518045675585), 'bagging_freq': 63, 'feature_fraction': np.float64(0.5570489634754067), 'lambda_l1': np.float64(0.5785029723670763), 'lambda_l2': np.float64(1.3645872937573005), 'learning_rate': np.float64(0.21708255292852022), 'max_depth': 22, 'min_child_samples': 56, 'min_child_weight': 17, 'n_estimators': 57, 'num_leaves': 77}",0.8953518045675585,63,0.5570489634754067,0.5785029723670763,1.3645872937573005,0.21708255292852022,22,56,17,57,77
16,1,0.40800072233616563,0.03531844909061831,0.9153458192459633,0.0033461649226239035,"{'bagging_fraction': np.float64(0.8016846540152538), 'bagging_freq': 65, 'feature_fraction': np.float64(0.493775245319093), 'lambda_l1': np.float64(0.9900941157364489), 'lambda_l2': np.float64(2.2668682866195398), 'learning_rate': np.float64(0.3199052418914611), 'max_depth': 25, 'min_child_samples': 106, 'min_child_weight': 19, 'n_estimators': 88, 'num_leaves': 99}",0.8016846540152538,65,0.493775245319093,0.9900941157364489,2.2668682866195398,0.3199052418914611,25,106,19,88,99
16,2,0.4576386551553938,0.03889011964026677,0.949472817333205,0.0020697249372702586,"{'bagging_fraction': np.float64(0.9043457962079747), 'bagging_freq': 67, 'feature_fraction': np.float64(0.1553694002581105), 'lambda_l1': np.float64(1.8742210503779229), 'lambda_l2': np.float64(2.0471194928589416), 'learning_rate': np.float64(0.48828745914480365), 'max_depth': 13, 'min_child_samples': 62, 'min_child_weight': 9, 'n_estimators': 47, 'num_leaves': 124}",0.9043457962079747,67,0.1553694002581105,1.8742210503779229,2.0471194928589416,0.48828745914480365,13,62,9,47,124
16,3,0.3513186399426083,0.022414782859930184,0.9589704448042055,0.004949099837956942,"{'bagging_fraction': np.float64(0.8161514924582678), 'bagging_freq': 44, 'feature_fraction': np.float64(0.27792048928211777), 'lambda_l1': np.float64(0.7177379037613081), 'lambda_l2': np.float64(2.420279952636352), 'learning_rate': np.float64(0.6844190994574408), 'max_depth': 24, 'min_child_samples': 93, 'min_child_weight': 20, 'n_estimators': 128, 'num_leaves': 76}",0.8161514924582678,44,0.27792048928211777,0.7177379037613081,2.420279952636352,0.6844190994574408,24,93,20,128,76
16,4,0.29285668969480383,0.019702711202595438,0.8397804746430765,0.011591486982745945,"{'bagging_fraction': np.float64(0.6736723569302758), 'bagging_freq': 40, 'feature_fraction': np.float64(0.4275488246460488), 'lambda_l1': np.float64(0.754070677464016), 'lambda_l2': np.float64(1.3162498061868098), 'learning_rate': np.float64(0.8671667613667643), 'max_depth': 11, 'min_child_samples': 97, 'min_child_weight': 19, 'n_estimators': 72, 'num_leaves': 161}",0.6736723569302758,40,0.4275488246460488,0.754070677464016,1.3162498061868098,0.8671667613667643,11,97,19,72,161
16,5,0.364427147961643,0.036447298877124744,0.9226036280517926,0.007700234681969829,"{'bagging_fraction': np.float64(0.8418978631369305), 'bagging_freq': 11, 'feature_fraction': np.float64(0.24861156967114786), 'lambda_l1': np.float64(1.2412967807222044), 'lambda_l2': np.float64(2.1181445144584172), 'learning_rate': np.float64(1.0502414241053297), 'max_depth': 23, 'min_child_samples': 77, 'min_child_weight': 17, 'n_estimators': 32, 'num_leaves': 68}",0.8418978631369305,11,0.24861156967114786,1.2412967807222044,2.1181445144584172,1.0502414241053297,23,77,17,32,68
16,6,0.33295010484230725,0.042846056801771074,0.8301512957341137,0.007874436651154365,"{'bagging_fraction': np.float64(0.5496551734063808), 'bagging_freq': 28, 'feature_fraction': np.float64(0.5643261669360472), 'lambda_l1': np.float64(1.9467963637004173), 'lambda_l2': np.float64(1.87329612182717), 'learning_rate': np.float64(0.9955098501087407), 'max_depth': 17, 'min_child_samples': 62, 'min_child_weight': 11, 'n_estimators': 64, 'num_leaves': 185}",0.5496551734063808,28,0.5643261669360472,1.9467963637004173,1.87329612182717,0.9955098501087407,17,62,11,64,185
16,7,0.44630730911478195,0.022372554281192107,0.9193123426486988,0.007638551162784386,"{'bagging_fraction': np.float64(0.6522451004163352), 'bagging_freq': 61, 'feature_fraction': np.float64(0.399898251692954), 'lambda_l1': np.float64(1.8083879499904052), 'lambda_l2': np.float64(1.9810099642400052), 'learning_rate': np.float64(0.2543641405730023), 'max_depth': 10, 'min_child_samples': 79, 'min_child_weight': 8, 'n_estimators': 96, 'num_leaves': 119}",0.6522451004163352,61,0.399898251692954,1.8083879499904052,1.9810099642400052,0.2543641405730023,10,79,8,96,119
16,8,0.31923806650771525,0.03349682610662319,0.899488411203628,0.0058597319627436695,"{'bagging_fraction': np.float64(0.6117652818286694), 'bagging_freq': 31, 'feature_fraction': np.float64(0.3824056765143916), 'lambda_l1': np.float64(1.6587043790774474), 'lambda_l2': np.float64(1.829987227664372), 'learning_rate': np.float64(0.6260190802425698), 'max_depth': 23, 'min_child_samples': 97, 'min_child_weight': 16, 'n_estimators': 124, 'num_leaves': 159}",0.6117652818286694,31,0.3824056765143916,1.6587043790774474,1.829987227664372,0.6260190802425698,23,97,16,124,159
16,9,0.3041767515947247,0.0237667085632796,0.8465603978779228,0.008146648421000121,"{'bagging_fraction': np.float64(0.5485696460298193), 'bagging_freq': 62, 'feature_fraction': np.float64(0.11201209456855768), 'lambda_l1': np.float64(1.1892453806789705), 'lambda_l2': np.float64(1.007505311460694), 'learning_rate': np.float64(0.8019078391276049), 'max_depth': 29, 'min_child_samples': 102, 'min_child_weight': 14, 'n_estimators': 144, 'num_leaves': 135}",0.5485696460298193,62,0.11201209456855768,1.1892453806789705,1.007505311460694,0.8019078391276049,29,102,14,144,135
16,10,0.42893937223613376,0.023750983510905214,0.9977589106452307,0.0007542599857581952,"{'bagging_fraction': np.float64(0.855649458019254), 'bagging_freq': 18, 'feature_fraction': np.float64(0.5070363248269365), 'lambda_l1': np.float64(1.6375005978630237), 'lambda_l2': np.float64(1.451274285715054), 'learning_rate': np.float64(0.8908599096396268), 'max_depth': 29, 'min_child_samples': 77, 'min_child_weight': 8, 'n_estimators': 113, 'num_leaves': 65}",0.855649458019254,18,0.5070363248269365,1.6375005978630237,1.451274285715054,0.8908599096396268,29,77,8,113,65
16,11,0.31618603479969715,0.01406546514919965,0.6313145570778926,0.012244085635481235,"{'bagging_fraction': np.float64(0.5976369984364587), 'bagging_freq': 44, 'feature_fraction': np.float64(0.14664822935317404), 'lambda_l1': np.float64(0.9812328380582294), 'lambda_l2': np.float64(2.449725851648984), 'learning_rate': np.float64(0.12235004373832728), 'max_depth': 26, 'min_child_samples': 71, 'min_child_weight': 21, 'n_estimators': 81, 'num_leaves': 181}",0.5976369984364587,44,0.14664822935317404,0.9812328380582294,2.449725851648984,0.12235004373832728,26,71,21,81,181
16,12,0.3789140848540928,0.019346950874903797,0.9879507801663336,0.0013425133106900473,"{'bagging_fraction': np.float64(0.8640835817227985), 'bagging_freq': 40, 'feature_fraction': np.float64(0.37190207286866306), 'lambda_l1': np.float64(1.4324970668150097), 'lambda_l2': np.float64(1.427368418415619), 'learning_rate': np.float64(1.0044358388237669), 'max_depth': 24, 'min_child_samples': 95, 'min_child_weight': 14, 'n_estimators': 140, 'num_leaves': 136}",0.8640835817227985,40,0.37190207286866306,1.4324970668150097,1.427368418415619,1.0044358388237669,24,95,14,140,136
16,13,0.41610017155411827,0.022358386727370023,0.9608929640533092,0.002867595887151297,"{'bagging_fraction': np.float64(0.8323022624202867), 'bagging_freq': 36, 'feature_fraction': np.float64(0.38615372857754415), 'lambda_l1': np.float64(0.8801105599532066), 'lambda_l2': np.float64(1.2519059178545562), 'learning_rate': np.float64(0.21923127864166472), 'max_depth': 16, 'min_child_samples': 89, 'min_child_weight': 21, 'n_estimators': 139, 'num_leaves': 133}",0.8323022624202867,36,0.38615372857754415,0.8801105599532066,1.2519059178545562,0.21923127864166472,16,89,21,139,133
16,14,0.4202144099964732,0.022602757971125473,0.9496836064712462,0.0055161836482709855,"{'bagging_fraction': np.float64(0.7587941088106049), 'bagging_freq': 55, 'feature_fraction': np.float64(0.2344300085220685), 'lambda_l1': np.float64(0.6312151516968756), 'lambda_l2': np.float64(1.9093821218394444), 'learning_rate': np.float64(0.3460658237521059), 'max_depth': 22, 'min_child_samples': 70, 'min_child_weight': 17, 'n_estimators': 143, 'num_leaves': 68}",0.7587941088106049,55,0.2344300085220685,0.6312151516968756,1.9093821218394444,0.3460658237521059,22,70,17,143,68
16,15,0.46992944045839435,0.04043380635584633,0.9655351259533391,0.0012410913484627308,"{'bagging_fraction': np.float64(0.8995170764064999), 'bagging_freq': 68, 'feature_fraction': np.float64(0.5607415787397702), 'lambda_l1': np.float64(1.1938800913849001), 'lambda_l2': np.float64(2.284545490347565), 'learning_rate': np.float64(0.3677122101191622), 'max_depth': 29, 'min_child_samples': 111, 'min_child_weight': 13, 'n_estimators': 86, 'num_leaves': 151}",0.8995170764064999,68,0.5607415787397702,1.1938800913849001,2.284545490347565,0.3677122101191622,29,111,13,86,151
16,16,0.46469164542637725,0.011965890167263984,0.9963612407934395,0.0009767892018405712,"{'bagging_fraction': np.float64(0.9168406023167643), 'bagging_freq': 22, 'feature_fraction': np.float64(0.12773462786995446), 'lambda_l1': np.float64(0.9551354534776725), 'lambda_l2': np.float64(2.356745575232068), 'learning_rate': np.float64(0.7647083038676527), 'max_depth': 25, 'min_child_samples': 86, 'min_child_weight': 5, 'n_estimators': 66, 'num_leaves': 147}",0.9168406023167643,22,0.12773462786995446,0.9551354534776725,2.356745575232068,0.7647083038676527,25,86,5,66,147
16,17,0.35019389755412145,0.03881389553063326,0.8669165642113006,0.01132835183445596,"{'bagging_fraction': np.float64(0.6280389088094698), 'bagging_freq': 38, 'feature_fraction': np.float64(0.15272159056255405), 'lambda_l1': np.float64(0.5348064982117811), 'lambda_l2': np.float64(1.246995813688116), 'learning_rate': np.float64(0.5553712518534191), 'max_depth': 27, 'min_child_samples': 102, 'min_child_weight': 16, 'n_estimators': 87, 'num_leaves': 148}",0.6280389088094698,38,0.15272159056255405,0.5348064982117811,1.246995813688116,0.5553712518534191,27,102,16,87,148
16,18,0.32385525181380886,0.025005689886964333,0.9550451951887844,0.005835744805200892,"{'bagging_fraction': np.float64(0.7453596070017958), 'bagging_freq': 27, 'feature_fraction': np.float64(0.17198388056368305), 'lambda_l1': np.float64(1.9952098678887422), 'lambda_l2': np.float64(2.007516054912567), 'learning_rate': np.float64(1.0488342462437383), 'max_depth': 11, 'min_child_samples': 111, 'min_child_weight': 21, 'n_estimators': 148, 'num_leaves': 76}",0.7453596070017958,27,0.17198388056368305,1.9952098678887422,2.007516054912567,1.0488342462437383,11,111,21,148,76
16,19,0.41932218199874205,0.034055282471233767,0.9274433914456622,0.0024734927424328013,"{'bagging_fraction': np.float64(0.7844434331615193), 'bagging_freq': 69, 'feature_fraction': np.float64(0.469149107826373), 'lambda_l1': np.float64(1.481003221387019), 'lambda_l2': np.float64(1.8671480040010033), 'learning_rate': np.float64(0.4873794555697961), 'max_depth': 21, 'min_child_samples': 78, 'min_child_weight': 17, 'n_estimators': 105, 'num_leaves': 168}",0.7844434331615193,69,0.469149107826373,1.481003221387019,1.8671480040010033,0.4873794555697961,21,78,17,105,168
17,0,0.361110877337662,0.03614769675600674,0.9178630527734182,0.006388873508525599,"{'bagging_fraction': np.float64(0.5007955124595157), 'bagging_freq': 11, 'feature_fraction': np.float64(0.16979135898719097), 'lambda_l1': np.float64(1.08648036307622), 'lambda_l2': np.float64(1.552715723005912), 'learning_rate': np.float64(0.6257211816883977), 'max_depth': 20, 'min_child_samples': 96, 'min_child_weight': 10, 'n_estimators': 79, 'num_leaves': 122}",0.5007955124595157,11,0.16979135898719097,1.08648036307622,1.552715723005912,0.6257211816883977,20,96,10,79,122
17,1,0.4792169961146687,0.03473194192752971,0.956284127844739,0.0020365728712259013,"{'bagging_fraction': np.float64(0.7309378564226838), 'bagging_freq': 41, 'feature_fraction': np.float64(0.35017185053055033), 'lambda_l1': np.float64(1.3872239769974768), 'lambda_l2': np.float64(2.170030171290491), 'learning_rate': np.float64(0.24241090568203896), 'max_depth': 23, 'min_child_samples': 69, 'min_child_weight': 6, 'n_estimators': 72, 'num_leaves': 89}",0.7309378564226838,41,0.35017185053055033,1.3872239769974768,2.170030171290491,0.24241090568203896,23,69,6,72,89
17,2,0.3763832143937849,0.0358567406238599,0.9925735701946454,0.0016217909288736886,"{'bagging_fraction': np.float64(0.9313096292490866), 'bagging_freq': 21, 'feature_fraction': np.float64(0.5802137455650087), 'lambda_l1': np.float64(1.6855639437873648), 'lambda_l2': np.float64(1.0538674407092636), 'learning_rate': np.float64(1.0665473414398685), 'max_depth': 21, 'min_child_samples': 52, 'min_child_weight': 11, 'n_estimators': 88, 'num_leaves': 130}",0.9313096292490866,21,0.5802137455650087,1.6855639437873648,1.0538674407092636,1.0665473414398685,21,52,11,88,130
17,3,0.3889971536237712,0.035719664292281905,0.9773194597204349,0.0019399926574901719,"{'bagging_fraction': np.float64(0.8818846580460257), 'bagging_freq': 47, 'feature_fraction': np.float64(0.10479619179793528), 'lambda_l1': np.float64(1.2209705191964633), 'lambda_l2': np.float64(1.059990443606657), 'learning_rate': np.float64(0.5511089883066093), 'max_depth': 29, 'min_child_samples': 82, 'min_child_weight': 21, 'n_estimators': 145, 'num_leaves': 172}",0.8818846580460257,47,0.10479619179793528,1.2209705191964633,1.059990443606657,0.5511089883066093,29,82,21,145,172
17,4,0.3873177513388303,0.029290954722040956,0.8818010312085525,0.007074176870646731,"{'bagging_fraction': np.float64(0.6297878767722668), 'bagging_freq': 64, 'feature_fraction': np.float64(0.3195244290574918), 'lambda_l1': np.float64(1.2245277765202305), 'lambda_l2': np.float64(1.349581017507893), 'learning_rate': np.float64(0.9235115917694401), 'max_depth': 12, 'min_child_samples': 68, 'min_child_weight': 6, 'n_estimators': 95, 'num_leaves': 85}",0.6297878767722668,64,0.3195244290574918,1.2245277765202305,1.349581017507893,0.9235115917694401,12,68,6,95,85
17,5,0.4889616979860626,0.02612781224705992,0.979489235292516,0.0026690207877324294,"{'bagging_fraction': np.float64(0.8655516054764858), 'bagging_freq': 12, 'feature_fraction': np.float64(0.49248025216679037), 'lambda_l1': np.float64(0.9863583500714199), 'lambda_l2': np.float64(2.211435323302258), 'learning_rate': np.float64(0.161411788484101), 'max_depth': 17, 'min_child_samples': 113, 'min_child_weight': 7, 'n_estimators': 44, 'num_leaves': 194}",0.8655516054764858,12,0.49248025216679037,0.9863583500714199,2.211435323302258,0.161411788484101,17,113,7,44,194
17,6,0.4023297212266857,0.032338355967941275,0.9714799667597843,0.0027614483145371655,"{'bagging_fraction': np.float64(0.5357392896699543), 'bagging_freq': 14, 'feature_fraction': np.float64(0.29531274474268343), 'lambda_l1': np.float64(1.0277254447310686), 'lambda_l2': np.float64(2.1860682630476687), 'learning_rate': np.float64(0.3939548352041312), 'max_depth': 26, 'min_child_samples': 68, 'min_child_weight': 10, 'n_estimators': 139, 'num_leaves': 61}",0.5357392896699543,14,0.29531274474268343,1.0277254447310686,2.1860682630476687,0.3939548352041312,26,68,10,139,61
17,7,0.4731748516183637,0.029696601955480004,0.9982916173415312,0.0006203476060960735,"{'bagging_fraction': np.float64(0.9384643992015005), 'bagging_freq': 27, 'feature_fraction': np.float64(0.28680674377453985), 'lambda_l1': np.float64(1.034636007358267), 'lambda_l2': np.float64(1.7946146708218829), 'learning_rate': np.float64(0.4099550556012732), 'max_depth': 15, 'min_child_samples': 96, 'min_child_weight': 8, 'n_estimators': 86, 'num_leaves': 136}",0.9384643992015005,27,0.28680674377453985,1.034636007358267,1.7946146708218829,0.4099550556012732,15,96,8,86,136
17,8,0.46354675527706607,0.020130392919805964,0.9490038047597527,0.0038947282762491543,"{'bagging_fraction': np.float64(0.9017426236666013), 'bagging_freq': 60, 'feature_fraction': np.float64(0.2642613395463994), 'lambda_l1': np.float64(0.6762425589477838), 'lambda_l2': np.float64(1.7651401933017163), 'learning_rate': np.float64(0.4438021134217143), 'max_depth': 17, 'min_child_samples': 99, 'min_child_weight': 6, 'n_estimators': 60, 'num_leaves': 81}",0.9017426236666013,60,0.2642613395463994,0.6762425589477838,1.7651401933017163,0.4438021134217143,17,99,6,60,81
17,9,0.507480395112175,0.02468929478223051,0.9963650206590339,0.0009491326518190849,"{'bagging_fraction': np.float64(0.8742967462597884), 'bagging_freq': 11, 'feature_fraction': np.float64(0.1379986387058598), 'lambda_l1': np.float64(0.7753973302959695), 'lambda_l2': np.float64(2.213981073418249), 'learning_rate': np.float64(0.22968646796420814), 'max_depth': 28, 'min_child_samples': 91, 'min_child_weight': 5, 'n_estimators': 46, 'num_leaves': 69}",0.8742967462597884,11,0.1379986387058598,0.7753973302959695,2.213981073418249,0.22968646796420814,28,91,5,46,69
17,10,0.37147763409957435,0.02319881650897401,0.7661237654294075,0.014217191041798928,"{'bagging_fraction': np.float64(0.5105937142866849), 'bagging_freq': 31, 'feature_fraction': np.float64(0.20802425897973334), 'lambda_l1': np.float64(0.6453490652821295), 'lambda_l2': np.float64(1.7868815451311255), 'learning_rate': np.float64(0.2509823277376859), 'max_depth': 17, 'min_child_samples': 115, 'min_child_weight': 11, 'n_estimators': 46, 'num_leaves': 70}",0.5105937142866849,31,0.20802425897973334,0.6453490652821295,1.7868815451311255,0.2509823277376859,17,115,11,46,70
17,11,0.4207562425961869,0.01992506467752623,0.9460123697788635,0.004950144538626881,"{'bagging_fraction': np.float64(0.6237496523223568), 'bagging_freq': 18, 'feature_fraction': np.float64(0.15855893515126293), 'lambda_l1': np.float64(1.348517302349295), 'lambda_l2': np.float64(1.5963289809787975), 'learning_rate': np.float64(0.3813437395112935), 'max_depth': 13, 'min_child_samples': 56, 'min_child_weight': 13, 'n_estimators': 95, 'num_leaves': 181}",0.6237496523223568,18,0.15855893515126293,1.348517302349295,1.5963289809787975,0.3813437395112935,13,56,13,95,181
17,12,0.38911421370652405,0.0365528447745771,0.9739073361840955,0.005105158199609248,"{'bagging_fraction': np.float64(0.7743670125830994), 'bagging_freq': 35, 'feature_fraction': np.float64(0.16441400637416168), 'lambda_l1': np.float64(1.3304380003985332), 'lambda_l2': np.float64(1.2726469838440362), 'learning_rate': np.float64(1.0104493934836833), 'max_depth': 12, 'min_child_samples': 81, 'min_child_weight': 7, 'n_estimators': 94, 'num_leaves': 68}",0.7743670125830994,35,0.16441400637416168,1.3304380003985332,1.2726469838440362,1.0104493934836833,12,81,7,94,68
17,13,0.4026788626020382,0.040700508872392745,0.9968004133366369,0.0002859748507930371,"{'bagging_fraction': np.float64(0.7429417063411672), 'bagging_freq': 15, 'feature_fraction': np.float64(0.142332739760729), 'lambda_l1': np.float64(1.0267906971176346), 'lambda_l2': np.float64(2.000559994340962), 'learning_rate': np.float64(0.874661375672282), 'max_depth': 29, 'min_child_samples': 113, 'min_child_weight': 7, 'n_estimators': 125, 'num_leaves': 62}",0.7429417063411672,15,0.142332739760729,1.0267906971176346,2.000559994340962,0.874661375672282,29,113,7,125,62
17,14,0.4587147697316034,0.031007130218150953,0.998354204730256,0.0001572670993842005,"{'bagging_fraction': np.float64(0.9197905159018478), 'bagging_freq': 34, 'feature_fraction': np.float64(0.43964779563885437), 'lambda_l1': np.float64(0.6716250851981754), 'lambda_l2': np.float64(1.6378077054324796), 'learning_rate': np.float64(0.5133478143315), 'max_depth': 28, 'min_child_samples': 66, 'min_child_weight': 6, 'n_estimators': 123, 'num_leaves': 187}",0.9197905159018478,34,0.43964779563885437,0.6716250851981754,1.6378077054324796,0.5133478143315,28,66,6,123,187
17,15,0.31454054016250205,0.01668857363262208,0.6809191411517398,0.007747627748571133,"{'bagging_fraction': np.float64(0.5966266889218429), 'bagging_freq': 68, 'feature_fraction': np.float64(0.12120776954407256), 'lambda_l1': np.float64(1.7017710579886702), 'lambda_l2': np.float64(1.825491833160803), 'learning_rate': np.float64(0.5307603014434604), 'max_depth': 21, 'min_child_samples': 91, 'min_child_weight': 18, 'n_estimators': 34, 'num_leaves': 191}",0.5966266889218429,68,0.12120776954407256,1.7017710579886702,1.825491833160803,0.5307603014434604,21,91,18,34,191
17,16,0.3929639575789519,0.028418270177017525,0.9932343285184618,0.0012634001253896958,"{'bagging_fraction': np.float64(0.8154376522847763), 'bagging_freq': 22, 'feature_fraction': np.float64(0.5895170719584852), 'lambda_l1': np.float64(1.616610425557527), 'lambda_l2': np.float64(1.8431056814810163), 'learning_rate': np.float64(0.8439287727615958), 'max_depth': 14, 'min_child_samples': 62, 'min_child_weight': 11, 'n_estimators': 137, 'num_leaves': 79}",0.8154376522847763,22,0.5895170719584852,1.616610425557527,1.8431056814810163,0.8439287727615958,14,62,11,137,79
17,17,0.3414694716359621,0.0203475768922046,0.7668125406738993,0.012516414117456605,"{'bagging_fraction': np.float64(0.5164596637437391), 'bagging_freq': 59, 'feature_fraction': np.float64(0.5799220372375402), 'lambda_l1': np.float64(0.924350123298018), 'lambda_l2': np.float64(1.9256007231807493), 'learning_rate': np.float64(0.7595739063520413), 'max_depth': 27, 'min_child_samples': 76, 'min_child_weight': 8, 'n_estimators': 65, 'num_leaves': 102}",0.5164596637437391,59,0.5799220372375402,0.924350123298018,1.9256007231807493,0.7595739063520413,27,76,8,65,102
17,18,0.3995294630373859,0.029271717315999302,0.9934699428226494,0.0015402532985693289,"{'bagging_fraction': np.float64(0.894089872831479), 'bagging_freq': 25, 'feature_fraction': np.float64(0.3927423534077882), 'lambda_l1': np.float64(1.543060759228789), 'lambda_l2': np.float64(1.6867672217802332), 'learning_rate': np.float64(0.9482131107429227), 'max_depth': 27, 'min_child_samples': 79, 'min_child_weight': 10, 'n_estimators': 90, 'num_leaves': 74}",0.894089872831479,25,0.3927423534077882,1.543060759228789,1.6867672217802332,0.9482131107429227,27,79,10,90,74
17,19,0.36994960620611805,0.05140256375888414,0.989169974908968,0.001789814671902013,"{'bagging_fraction': np.float64(0.872987072196522), 'bagging_freq': 26, 'feature_fraction': np.float64(0.3867369721214571), 'lambda_l1': np.float64(1.0172226138997078), 'lambda_l2': np.float64(1.5728270794653783), 'learning_rate': np.float64(0.6490498327313323), 'max_depth': 24, 'min_child_samples': 60, 'min_child_weight': 21, 'n_estimators': 129, 'num_leaves': 173}",0.872987072196522,26,0.3867369721214571,1.0172226138997078,1.5728270794653783,0.6490498327313323,24,60,21,129,173
18,0,0.3213490214275766,0.03102615598590931,0.8897710437471767,0.010609905932358117,"{'bagging_fraction': np.float64(0.6635060546660723), 'bagging_freq': 57, 'feature_fraction': np.float64(0.21401550155963564), 'lambda_l1': np.float64(1.2835349713278528), 'lambda_l2': np.float64(1.1041677426352816), 'learning_rate': np.float64(0.8821931901553379), 'max_depth': 24, 'min_child_samples': 64, 'min_child_weight': 16, 'n_estimators': 122, 'num_leaves': 83}",0.6635060546660723,57,0.21401550155963564,1.2835349713278528,1.1041677426352816,0.8821931901553379,24,64,16,122,83
18,1,0.466149355337239,0.0335747596670938,0.9889776165766089,0.002112559304651891,"{'bagging_fraction': np.float64(0.6650217182004519), 'bagging_freq': 22, 'feature_fraction': np.float64(0.5662655463023213), 'lambda_l1': np.float64(1.3018538188854087), 'lambda_l2': np.float64(1.7187723298402795), 'learning_rate': np.float64(0.2290002010744047), 'max_depth': 28, 'min_child_samples': 64, 'min_child_weight': 8, 'n_estimators': 142, 'num_leaves': 111}",0.6650217182004519,22,0.5662655463023213,1.3018538188854087,1.7187723298402795,0.2290002010744047,28,64,8,142,111
18,2,0.4511950041996351,0.033191721648477036,0.9898955143155101,0.001253882612401989,"{'bagging_fraction': np.float64(0.6296468047210065), 'bagging_freq': 13, 'feature_fraction': np.float64(0.5233792386579433), 'lambda_l1': np.float64(0.9855475187359115), 'lambda_l2': np.float64(2.1412178987211283), 'learning_rate': np.float64(0.16589399869217283), 'max_depth': 11, 'min_child_samples': 110, 'min_child_weight': 10, 'n_estimators': 147, 'num_leaves': 134}",0.6296468047210065,13,0.5233792386579433,0.9855475187359115,2.1412178987211283,0.16589399869217283,11,110,10,147,134
18,3,0.3699595849768099,0.02875807198928433,0.9518338655368318,0.005001119464574409,"{'bagging_fraction': np.float64(0.7258720279450039), 'bagging_freq': 66, 'feature_fraction': np.float64(0.4183170304748869), 'lambda_l1': np.float64(1.166108296015849), 'lambda_l2': np.float64(1.956132838705804), 'learning_rate': np.float64(0.7759668603357828), 'max_depth': 28, 'min_child_samples': 83, 'min_child_weight': 12, 'n_estimators': 145, 'num_leaves': 53}",0.7258720279450039,66,0.4183170304748869,1.166108296015849,1.956132838705804,0.7759668603357828,28,83,12,145,53
18,4,0.4504975513771504,0.023610594618698504,0.9241845749896056,0.003581196168105693,"{'bagging_fraction': np.float64(0.694096874046753), 'bagging_freq': 19, 'feature_fraction': np.float64(0.38976289306481726), 'lambda_l1': np.float64(1.0089510281393888), 'lambda_l2': np.float64(1.1086345859954514), 'learning_rate': np.float64(0.2674729434942503), 'max_depth': 23, 'min_child_samples': 58, 'min_child_weight': 10, 'n_estimators': 44, 'num_leaves': 50}",0.694096874046753,19,0.38976289306481726,1.0089510281393888,1.1086345859954514,0.2674729434942503,23,58,10,44,50
18,5,0.4411803426276271,0.03254528625897415,0.9278636949000584,0.003260475098953114,"{'bagging_fraction': np.float64(0.6639231132134022), 'bagging_freq': 50, 'feature_fraction': np.float64(0.12051601991907865), 'lambda_l1': np.float64(1.2305211862053307), 'lambda_l2': np.float64(1.280896734498521), 'learning_rate': np.float64(0.42673354522361473), 'max_depth': 14, 'min_child_samples': 94, 'min_child_weight': 4, 'n_estimators': 67, 'num_leaves': 194}",0.6639231132134022,50,0.12051601991907865,1.2305211862053307,1.280896734498521,0.42673354522361473,14,94,4,67,194
18,6,0.3473723164457756,0.011936567015053592,0.9499090938823571,0.0057781460848081116,"{'bagging_fraction': np.float64(0.7247200380273744), 'bagging_freq': 21, 'feature_fraction': np.float64(0.5279427233246471), 'lambda_l1': np.float64(1.0436863136711723), 'lambda_l2': np.float64(1.9844209501673267), 'learning_rate': np.float64(0.7487129861896573), 'max_depth': 19, 'min_child_samples': 80, 'min_child_weight': 15, 'n_estimators': 79, 'num_leaves': 52}",0.7247200380273744,21,0.5279427233246471,1.0436863136711723,1.9844209501673267,0.7487129861896573,19,80,15,79,52
18,7,0.3817197886630606,0.026184941626387903,0.9911505659689427,0.0014000090439134233,"{'bagging_fraction': np.float64(0.8548315605316786), 'bagging_freq': 30, 'feature_fraction': np.float64(0.5898568324049843), 'lambda_l1': np.float64(1.386716051774409), 'lambda_l2': np.float64(1.806934672344182), 'learning_rate': np.float64(0.757510807816655), 'max_depth': 16, 'min_child_samples': 96, 'min_child_weight': 16, 'n_estimators': 126, 'num_leaves': 58}",0.8548315605316786,30,0.5898568324049843,1.386716051774409,1.806934672344182,0.757510807816655,16,96,16,126,58
18,8,0.39576367429398684,0.032303169948480016,0.8665390605733044,0.007129746975916925,"{'bagging_fraction': np.float64(0.6609199488257035), 'bagging_freq': 12, 'feature_fraction': np.float64(0.5726265227949431), 'lambda_l1': np.float64(1.5300282371274951), 'lambda_l2': np.float64(2.465108404679391), 'learning_rate': np.float64(0.20199832419230138), 'max_depth': 18, 'min_child_samples': 69, 'min_child_weight': 17, 'n_estimators': 70, 'num_leaves': 102}",0.6609199488257035,12,0.5726265227949431,1.5300282371274951,2.465108404679391,0.20199832419230138,18,69,17,70,102
18,9,0.3903226398272636,0.029545803066567736,0.9938830310311545,0.0008813711405296501,"{'bagging_fraction': np.float64(0.8947293746644529), 'bagging_freq': 29, 'feature_fraction': np.float64(0.5760340941059489), 'lambda_l1': np.float64(1.6124682711879135), 'lambda_l2': np.float64(1.416220895877909), 'learning_rate': np.float64(0.8982694798291823), 'max_depth': 27, 'min_child_samples': 91, 'min_child_weight': 10, 'n_estimators': 123, 'num_leaves': 79}",0.8947293746644529,29,0.5760340941059489,1.6124682711879135,1.416220895877909,0.8982694798291823,27,91,10,123,79
18,10,0.47004255964436864,0.03181508677839621,0.9504395564085044,0.002882369693277757,"{'bagging_fraction': np.float64(0.9071284728424656), 'bagging_freq': 64, 'feature_fraction': np.float64(0.4049999274946747), 'lambda_l1': np.float64(1.3512804364485695), 'lambda_l2': np.float64(2.0913680634768816), 'learning_rate': np.float64(0.22258509318776057), 'max_depth': 15, 'min_child_samples': 54, 'min_child_weight': 12, 'n_estimators': 60, 'num_leaves': 50}",0.9071284728424656,64,0.4049999274946747,1.3512804364485695,2.0913680634768816,0.22258509318776057,15,54,12,60,50
18,11,0.4448863678863459,0.022918663375762507,0.9416477708861807,0.0078085331349708334,"{'bagging_fraction': np.float64(0.7796667934818972), 'bagging_freq': 28, 'feature_fraction': np.float64(0.3635269791303898), 'lambda_l1': np.float64(1.6697665828868415), 'lambda_l2': np.float64(2.125598549847492), 'learning_rate': np.float64(0.13217677926612195), 'max_depth': 29, 'min_child_samples': 51, 'min_child_weight': 16, 'n_estimators': 109, 'num_leaves': 75}",0.7796667934818972,28,0.3635269791303898,1.6697665828868415,2.125598549847492,0.13217677926612195,29,51,16,109,75
18,12,0.33588689891579476,0.035849274925193866,0.822779957898684,0.00924143947002097,"{'bagging_fraction': np.float64(0.5560465526279833), 'bagging_freq': 59, 'feature_fraction': np.float64(0.442707301795642), 'lambda_l1': np.float64(1.621721019716401), 'lambda_l2': np.float64(1.2100107369294832), 'learning_rate': np.float64(0.6399756757031503), 'max_depth': 19, 'min_child_samples': 96, 'min_child_weight': 13, 'n_estimators': 99, 'num_leaves': 169}",0.5560465526279833,59,0.442707301795642,1.621721019716401,1.2100107369294832,0.6399756757031503,19,96,13,99,169
18,13,0.347621077702871,0.02263058579847281,0.7536642906624064,0.05144021238933763,"{'bagging_fraction': np.float64(0.547409246120225), 'bagging_freq': 48, 'feature_fraction': np.float64(0.40066467114198157), 'lambda_l1': np.float64(1.0449680683158107), 'lambda_l2': np.float64(1.6690034551102957), 'learning_rate': np.float64(1.0395045110577708), 'max_depth': 28, 'min_child_samples': 101, 'min_child_weight': 4, 'n_estimators': 59, 'num_leaves': 189}",0.547409246120225,48,0.40066467114198157,1.0449680683158107,1.6690034551102957,1.0395045110577708,28,101,4,59,189
18,14,0.32798195975220806,0.018352564741932358,0.7284175855674364,0.011059481630478415,"{'bagging_fraction': np.float64(0.6039349782803428), 'bagging_freq': 56, 'feature_fraction': np.float64(0.17310124164925703), 'lambda_l1': np.float64(0.5482187503070168), 'lambda_l2': np.float64(2.320713457556447), 'learning_rate': np.float64(0.6198948751095263), 'max_depth': 11, 'min_child_samples': 62, 'min_child_weight': 16, 'n_estimators': 41, 'num_leaves': 66}",0.6039349782803428,56,0.17310124164925703,0.5482187503070168,2.320713457556447,0.6198948751095263,11,62,16,41,66
18,15,0.4529496881771774,0.02286949392185233,0.9597715029982098,0.003855615952291543,"{'bagging_fraction': np.float64(0.9359444460488828), 'bagging_freq': 60, 'feature_fraction': np.float64(0.2832875966767162), 'lambda_l1': np.float64(1.0763270690196107), 'lambda_l2': np.float64(1.2715093574603522), 'learning_rate': np.float64(0.5434788962850533), 'max_depth': 19, 'min_child_samples': 114, 'min_child_weight': 10, 'n_estimators': 52, 'num_leaves': 78}",0.9359444460488828,60,0.2832875966767162,1.0763270690196107,1.2715093574603522,0.5434788962850533,19,114,10,52,78
18,16,0.4696662130715589,0.01941624424279763,0.9774512985478436,0.0027470600733987827,"{'bagging_fraction': np.float64(0.8086508706848661), 'bagging_freq': 17, 'feature_fraction': np.float64(0.24998341827934087), 'lambda_l1': np.float64(1.3316776003000337), 'lambda_l2': np.float64(2.2869965478800873), 'learning_rate': np.float64(0.27945821656517567), 'max_depth': 21, 'min_child_samples': 104, 'min_child_weight': 12, 'n_estimators': 64, 'num_leaves': 109}",0.8086508706848661,17,0.24998341827934087,1.3316776003000337,2.2869965478800873,0.27945821656517567,21,104,12,64,109
18,17,0.3922605504202269,0.014135225155354595,0.9507386028307279,0.0031514703325737758,"{'bagging_fraction': np.float64(0.7190832504147857), 'bagging_freq': 48, 'feature_fraction': np.float64(0.2040585365163505), 'lambda_l1': np.float64(1.6935461750106329), 'lambda_l2': np.float64(1.4363213944610398), 'learning_rate': np.float64(0.7089004953941792), 'max_depth': 28, 'min_child_samples': 66, 'min_child_weight': 12, 'n_estimators': 123, 'num_leaves': 184}",0.7190832504147857,48,0.2040585365163505,1.6935461750106329,1.4363213944610398,0.7089004953941792,28,66,12,123,184
18,18,0.33867935368760904,0.018805456345850895,0.8647730711924835,0.00560570605845048,"{'bagging_fraction': np.float64(0.524833102508052), 'bagging_freq': 21, 'feature_fraction': np.float64(0.4664007522120268), 'lambda_l1': np.float64(0.8249008688453103), 'lambda_l2': np.float64(1.5996624991589403), 'learning_rate': np.float64(0.9175966071449879), 'max_depth': 23, 'min_child_samples': 63, 'min_child_weight': 5, 'n_estimators': 46, 'num_leaves': 150}",0.524833102508052,21,0.4664007522120268,0.8249008688453103,1.5996624991589403,0.9175966071449879,23,63,5,46,150
18,19,0.45100401165596604,0.03754127350156953,0.973781755114236,0.0055979253213584105,"{'bagging_fraction': np.float64(0.7732451946514969), 'bagging_freq': 32, 'feature_fraction': np.float64(0.3766137583264686), 'lambda_l1': np.float64(1.2274607267769566), 'lambda_l2': np.float64(2.096274490324191), 'learning_rate': np.float64(0.566133328248476), 'max_depth': 18, 'min_child_samples': 102, 'min_child_weight': 7, 'n_estimators': 71, 'num_leaves': 72}",0.7732451946514969,32,0.3766137583264686,1.2274607267769566,2.096274490324191,0.566133328248476,18,102,7,71,72
19,0,0.4571726903920525,0.01606280422192976,0.9467247919175337,0.0025031061302501776,"{'bagging_fraction': np.float64(0.835449574067505), 'bagging_freq': 64, 'feature_fraction': np.float64(0.11816109855745602), 'lambda_l1': np.float64(0.5932666273635437), 'lambda_l2': np.float64(1.8971805833811932), 'learning_rate': np.float64(0.16331182011029613), 'max_depth': 28, 'min_child_samples': 78, 'min_child_weight': 16, 'n_estimators': 107, 'num_leaves': 160}",0.835449574067505,64,0.11816109855745602,0.5932666273635437,1.8971805833811932,0.16331182011029613,28,78,16,107,160
19,1,0.44076407310108817,0.016173494269134312,0.9327586785670187,0.007981954870010795,"{'bagging_fraction': np.float64(0.5233046879487482), 'bagging_freq': 50, 'feature_fraction': np.float64(0.1352565674906054), 'lambda_l1': np.float64(1.5277529066400133), 'lambda_l2': np.float64(2.1068164422157065), 'learning_rate': np.float64(0.4291912369633363), 'max_depth': 21, 'min_child_samples': 79, 'min_child_weight': 4, 'n_estimators': 137, 'num_leaves': 190}",0.5233046879487482,50,0.1352565674906054,1.5277529066400133,2.1068164422157065,0.4291912369633363,21,79,4,137,190
19,2,0.44774853163740935,0.038733990663104005,0.9867125979738084,0.00271562594129105,"{'bagging_fraction': np.float64(0.9479494155118542), 'bagging_freq': 48, 'feature_fraction': np.float64(0.2506531993384884), 'lambda_l1': np.float64(0.7368982499419536), 'lambda_l2': np.float64(2.146526339063894), 'learning_rate': np.float64(0.42859745549832484), 'max_depth': 21, 'min_child_samples': 91, 'min_child_weight': 16, 'n_estimators': 87, 'num_leaves': 138}",0.9479494155118542,48,0.2506531993384884,0.7368982499419536,2.146526339063894,0.42859745549832484,21,91,16,87,138
19,3,0.45150110448916675,0.025981494938824762,0.9406515440693728,0.0030383591327314717,"{'bagging_fraction': np.float64(0.8863970675723569), 'bagging_freq': 56, 'feature_fraction': np.float64(0.3144074009595488), 'lambda_l1': np.float64(1.2719300445659951), 'lambda_l2': np.float64(1.424967077539743), 'learning_rate': np.float64(0.39100729739476936), 'max_depth': 17, 'min_child_samples': 59, 'min_child_weight': 11, 'n_estimators': 37, 'num_leaves': 70}",0.8863970675723569,56,0.3144074009595488,1.2719300445659951,1.424967077539743,0.39100729739476936,17,59,11,37,70
19,4,0.3663848102549914,0.01068659099262132,0.8988176187828516,0.007674497785185029,"{'bagging_fraction': np.float64(0.6325188575889253), 'bagging_freq': 60, 'feature_fraction': np.float64(0.5037029845017639), 'lambda_l1': np.float64(0.8466850477817618), 'lambda_l2': np.float64(2.057258145697574), 'learning_rate': np.float64(0.4267008933483153), 'max_depth': 22, 'min_child_samples': 58, 'min_child_weight': 11, 'n_estimators': 119, 'num_leaves': 131}",0.6325188575889253,60,0.5037029845017639,0.8466850477817618,2.057258145697574,0.4267008933483153,22,58,11,119,131
19,5,0.3864839016126649,0.03571124269647753,0.8356243024109418,0.0056901538688217445,"{'bagging_fraction': np.float64(0.7832326409619429), 'bagging_freq': 47, 'feature_fraction': np.float64(0.18347479571596162), 'lambda_l1': np.float64(0.9455312870572443), 'lambda_l2': np.float64(2.0173660600532966), 'learning_rate': np.float64(0.49419739551031105), 'max_depth': 15, 'min_child_samples': 96, 'min_child_weight': 19, 'n_estimators': 34, 'num_leaves': 94}",0.7832326409619429,47,0.18347479571596162,0.9455312870572443,2.0173660600532966,0.49419739551031105,15,96,19,34,94
19,6,0.2493432072292543,0.024243018375701735,0.799426800675948,0.0078086660078457,"{'bagging_fraction': np.float64(0.5682890898754985), 'bagging_freq': 29, 'feature_fraction': np.float64(0.48119923137547793), 'lambda_l1': np.float64(1.751006870659285), 'lambda_l2': np.float64(1.706780828131766), 'learning_rate': np.float64(0.9401378088027627), 'max_depth': 21, 'min_child_samples': 70, 'min_child_weight': 21, 'n_estimators': 132, 'num_leaves': 187}",0.5682890898754985,29,0.48119923137547793,1.751006870659285,1.706780828131766,0.9401378088027627,21,70,21,132,187
19,7,0.2492587061074457,0.012954536796530818,0.7729856596706941,0.0102177315915956,"{'bagging_fraction': np.float64(0.5224108552631735), 'bagging_freq': 25, 'feature_fraction': np.float64(0.1631444481998335), 'lambda_l1': np.float64(1.2562522140300996), 'lambda_l2': np.float64(2.2661261576814695), 'learning_rate': np.float64(0.9712995941909921), 'max_depth': 17, 'min_child_samples': 93, 'min_child_weight': 19, 'n_estimators': 132, 'num_leaves': 64}",0.5224108552631735,25,0.1631444481998335,1.2562522140300996,2.2661261576814695,0.9712995941909921,17,93,19,132,64
19,8,0.34354804101574066,0.03414402750948525,0.8708805087583273,0.007513400401412918,"{'bagging_fraction': np.float64(0.5108726084338506), 'bagging_freq': 52, 'feature_fraction': np.float64(0.35245257415765174), 'lambda_l1': np.float64(0.7909656521438899), 'lambda_l2': np.float64(1.2592534806203015), 'learning_rate': np.float64(0.5877444723593395), 'max_depth': 28, 'min_child_samples': 52, 'min_child_weight': 10, 'n_estimators': 126, 'num_leaves': 145}",0.5108726084338506,52,0.35245257415765174,0.7909656521438899,1.2592534806203015,0.5877444723593395,28,52,10,126,145
19,9,0.466764657186615,0.030686981467078076,0.9939865409405982,0.001882314991979345,"{'bagging_fraction': np.float64(0.8347246539443941), 'bagging_freq': 13, 'feature_fraction': np.float64(0.24971802207083674), 'lambda_l1': np.float64(0.5511893547469129), 'lambda_l2': np.float64(1.9814467246608372), 'learning_rate': np.float64(0.15462175289844451), 'max_depth': 13, 'min_child_samples': 102, 'min_child_weight': 15, 'n_estimators': 135, 'num_leaves': 77}",0.8347246539443941,13,0.24971802207083674,0.5511893547469129,1.9814467246608372,0.15462175289844451,13,102,15,135,77
19,10,0.4476137590379371,0.023268426092713037,0.9264755754304883,0.0022692162390015864,"{'bagging_fraction': np.float64(0.6505653197859269), 'bagging_freq': 68, 'feature_fraction': np.float64(0.1356492431009564), 'lambda_l1': np.float64(1.1472031791540271), 'lambda_l2': np.float64(2.107715134119872), 'learning_rate': np.float64(0.3894996338392641), 'max_depth': 25, 'min_child_samples': 81, 'min_child_weight': 4, 'n_estimators': 92, 'num_leaves': 152}",0.6505653197859269,68,0.1356492431009564,1.1472031791540271,2.107715134119872,0.3894996338392641,25,81,4,92,152
19,11,0.5275732722706458,0.024407635909053368,0.9907723132400215,0.001532023907149775,"{'bagging_fraction': np.float64(0.8225062435950373), 'bagging_freq': 46, 'feature_fraction': np.float64(0.1673595884495446), 'lambda_l1': np.float64(1.6653041558643404), 'lambda_l2': np.float64(1.5560712137382917), 'learning_rate': np.float64(0.14312325922398775), 'max_depth': 26, 'min_child_samples': 87, 'min_child_weight': 6, 'n_estimators': 134, 'num_leaves': 199}",0.8225062435950373,46,0.1673595884495446,1.6653041558643404,1.5560712137382917,0.14312325922398775,26,87,6,134,199
19,12,0.4298714643004574,0.04202262788216475,0.9067249096680208,0.0057389386767799835,"{'bagging_fraction': np.float64(0.5810783364367844), 'bagging_freq': 48, 'feature_fraction': np.float64(0.28182028364059264), 'lambda_l1': np.float64(1.0777095600298199), 'lambda_l2': np.float64(1.627965001924612), 'learning_rate': np.float64(0.27078138671481145), 'max_depth': 13, 'min_child_samples': 92, 'min_child_weight': 10, 'n_estimators': 106, 'num_leaves': 156}",0.5810783364367844,48,0.28182028364059264,1.0777095600298199,1.627965001924612,0.27078138671481145,13,92,10,106,156
19,13,0.39507145640888713,0.05702713342876427,0.9926025675263986,0.0024329103681018263,"{'bagging_fraction': np.float64(0.7872947963353703), 'bagging_freq': 10, 'feature_fraction': np.float64(0.25112484276736047), 'lambda_l1': np.float64(1.0964887813077693), 'lambda_l2': np.float64(1.8897424943242491), 'learning_rate': np.float64(0.9393647242907871), 'max_depth': 11, 'min_child_samples': 119, 'min_child_weight': 11, 'n_estimators': 69, 'num_leaves': 134}",0.7872947963353703,10,0.25112484276736047,1.0964887813077693,1.8897424943242491,0.9393647242907871,11,119,11,69,134
19,14,0.4199237201442204,0.03824974337084196,0.9129948848433509,0.0077451238695001,"{'bagging_fraction': np.float64(0.6748442974010757), 'bagging_freq': 38, 'feature_fraction': np.float64(0.2285236734144981), 'lambda_l1': np.float64(1.8202938856669737), 'lambda_l2': np.float64(1.3806329441498033), 'learning_rate': np.float64(0.6100672894027149), 'max_depth': 28, 'min_child_samples': 88, 'min_child_weight': 7, 'n_estimators': 50, 'num_leaves': 166}",0.6748442974010757,38,0.2285236734144981,1.8202938856669737,1.3806329441498033,0.6100672894027149,28,88,7,50,166
19,15,0.3438243047544586,0.024150142231219442,0.9714795484413923,0.0028696451765164387,"{'bagging_fraction': np.float64(0.7147348087726323), 'bagging_freq': 13, 'feature_fraction': np.float64(0.504228881936361), 'lambda_l1': np.float64(1.919119672768083), 'lambda_l2': np.float64(1.5555276444887347), 'learning_rate': np.float64(0.6937726633151629), 'max_depth': 10, 'min_child_samples': 62, 'min_child_weight': 20, 'n_estimators': 139, 'num_leaves': 193}",0.7147348087726323,13,0.504228881936361,1.919119672768083,1.5555276444887347,0.6937726633151629,10,62,20,139,193
19,16,0.47022785449760135,0.04749110546529782,0.9239461694058895,0.005510708600478856,"{'bagging_fraction': np.float64(0.6695972644803333), 'bagging_freq': 63, 'feature_fraction': np.float64(0.23165280789584788), 'lambda_l1': np.float64(1.1753074875533867), 'lambda_l2': np.float64(1.3654258380158009), 'learning_rate': np.float64(0.10039979831662707), 'max_depth': 26, 'min_child_samples': 74, 'min_child_weight': 10, 'n_estimators': 135, 'num_leaves': 87}",0.6695972644803333,63,0.23165280789584788,1.1753074875533867,1.3654258380158009,0.10039979831662707,26,74,10,135,87
19,17,0.3569673499130546,0.0322949030165409,0.9656428762992784,0.002327821851046137,"{'bagging_fraction': np.float64(0.8705309174642237), 'bagging_freq': 49, 'feature_fraction': np.float64(0.3530458622517372), 'lambda_l1': np.float64(1.6761989337347543), 'lambda_l2': np.float64(2.1179717738880424), 'learning_rate': np.float64(0.784567187141724), 'max_depth': 23, 'min_child_samples': 68, 'min_child_weight': 21, 'n_estimators': 112, 'num_leaves': 154}",0.8705309174642237,49,0.3530458622517372,1.6761989337347543,2.1179717738880424,0.784567187141724,23,68,21,112,154
19,18,0.44931710508021794,0.022903393729380512,0.9811535178595145,0.0026067760647898184,"{'bagging_fraction': np.float64(0.8582630899651185), 'bagging_freq': 49, 'feature_fraction': np.float64(0.10054847176761603), 'lambda_l1': np.float64(0.9559509054820392), 'lambda_l2': np.float64(1.3938787017740215), 'learning_rate': np.float64(0.2812481390654378), 'max_depth': 12, 'min_child_samples': 57, 'min_child_weight': 15, 'n_estimators': 117, 'num_leaves': 121}",0.8582630899651185,49,0.10054847176761603,0.9559509054820392,1.3938787017740215,0.2812481390654378,12,57,15,117,121
19,19,0.42647325944513736,0.03705200028565275,0.7943361687090696,0.004244700613278975,"{'bagging_fraction': np.float64(0.5908886883761174), 'bagging_freq': 67, 'feature_fraction': np.float64(0.1956161703841662), 'lambda_l1': np.float64(1.8329178954400902), 'lambda_l2': np.float64(1.5901438447920873), 'learning_rate': np.float64(0.20650585942855862), 'max_depth': 29, 'min_child_samples': 106, 'min_child_weight': 5, 'n_estimators': 70, 'num_leaves': 77}",0.5908886883761174,67,0.1956161703841662,1.8329178954400902,1.5901438447920873,0.20650585942855862,29,106,5,70,77
