search_idx,iteration,mean_test_score,std_test_score,mean_train_score,std_train_score,params,mlp1_activation,mlp1_alpha,mlp1_hidden_layers,mlp1_learning_rate,mlp1_learning_rate_init,mlp1_max_iter,mlp1_solver,mlp2_activation,mlp2_alpha,mlp2_hidden_layers,mlp2_learning_rate,mlp2_learning_rate_init,mlp2_max_iter,mlp2_solver,mlp3_activation,mlp3_alpha,mlp3_hidden_layers,mlp3_learning_rate,mlp3_learning_rate_init,mlp3_max_iter,mlp3_solver
0,0,0.16492139145911175,0.013211230559867797,0.9874172870699471,0.024787930027946506,"{'mlp1_activation': 'relu', 'mlp1_alpha': np.float64(0.0003060829122721056), 'mlp1_hidden_layers': (1024, 384, 128), 'mlp1_learning_rate': 'adaptive', 'mlp1_learning_rate_init': np.float64(0.07640632808807843), 'mlp1_max_iter': 1348, 'mlp1_solver': 'adam', 'mlp2_activation': 'logistic', 'mlp2_alpha': np.float64(0.003122932455710138), 'mlp2_hidden_layers': (128,), 'mlp2_learning_rate': 'adaptive', 'mlp2_learning_rate_init': np.float64(0.0005115569132287833), 'mlp2_max_iter': 744, 'mlp2_solver': 'sgd', 'mlp3_activation': 'tanh', 'mlp3_alpha': np.float64(0.0009679734529457295), 'mlp3_hidden_layers': (50,), 'mlp3_learning_rate': 'constant', 'mlp3_learning_rate_init': np.float64(0.0014715571316929233), 'mlp3_max_iter': 708, 'mlp3_solver': 'lbfgs'}",relu,0.0003060829122721056,"(1024, 384, 128)",adaptive,0.07640632808807843,1348,adam,logistic,0.003122932455710138,"(128,)",adaptive,0.0005115569132287833,744,sgd,tanh,0.0009679734529457295,"(50,)",constant,0.0014715571316929233,708,lbfgs
0,1,0.6171422663195527,0.027937049422838894,1.0,0.0,"{'mlp1_activation': 'relu', 'mlp1_alpha': np.float64(9.68186318098884e-05), 'mlp1_hidden_layers': (512, 256, 128), 'mlp1_learning_rate': 'adaptive', 'mlp1_learning_rate_init': np.float64(0.004150493552733112), 'mlp1_max_iter': 726, 'mlp1_solver': 'sgd', 'mlp2_activation': 'relu', 'mlp2_alpha': np.float64(1.3679623489235275e-05), 'mlp2_hidden_layers': (256, 128), 'mlp2_learning_rate': 'constant', 'mlp2_learning_rate_init': np.float64(0.027627121354867393), 'mlp2_max_iter': 1482, 'mlp2_solver': 'lbfgs', 'mlp3_activation': 'tanh', 'mlp3_alpha': np.float64(0.08602809918715944), 'mlp3_hidden_layers': (50,), 'mlp3_learning_rate': 'adaptive', 'mlp3_learning_rate_init': np.float64(0.002066000206465512), 'mlp3_max_iter': 522, 'mlp3_solver': 'lbfgs'}",relu,9.68186318098884e-05,"(512, 256, 128)",adaptive,0.004150493552733112,726,sgd,relu,1.3679623489235275e-05,"(256, 128)",constant,0.027627121354867393,1482,lbfgs,tanh,0.08602809918715944,"(50,)",adaptive,0.002066000206465512,522,lbfgs
0,2,0.601837051815472,0.028706255776506436,0.9610595896086741,0.005422523786820576,"{'mlp1_activation': 'relu', 'mlp1_alpha': np.float64(3.498700838131136e-05), 'mlp1_hidden_layers': (768, 256, 128), 'mlp1_learning_rate': 'adaptive', 'mlp1_learning_rate_init': np.float64(0.002118314599252704), 'mlp1_max_iter': 1230, 'mlp1_solver': 'adam', 'mlp2_activation': 'logistic', 'mlp2_alpha': np.float64(0.0036337994866951695), 'mlp2_hidden_layers': (128, 64), 'mlp2_learning_rate': 'constant', 'mlp2_learning_rate_init': np.float64(0.0009506613365349251), 'mlp2_max_iter': 524, 'mlp2_solver': 'sgd', 'mlp3_activation': 'logistic', 'mlp3_alpha': np.float64(0.0016180942499247075), 'mlp3_hidden_layers': (50, 25), 'mlp3_learning_rate': 'adaptive', 'mlp3_learning_rate_init': np.float64(0.0014534949492419407), 'mlp3_max_iter': 693, 'mlp3_solver': 'adam'}",relu,3.498700838131136e-05,"(768, 256, 128)",adaptive,0.002118314599252704,1230,adam,logistic,0.0036337994866951695,"(128, 64)",constant,0.0009506613365349251,524,sgd,logistic,0.0016180942499247075,"(50, 25)",adaptive,0.0014534949492419407,693,adam
0,3,0.2718812330799019,0.024338641972199627,0.9992860655083844,0.0006536264349872839,"{'mlp1_activation': 'relu', 'mlp1_alpha': np.float64(0.008739671864179475), 'mlp1_hidden_layers': (1024, 256, 128), 'mlp1_learning_rate': 'adaptive', 'mlp1_learning_rate_init': np.float64(0.0022660395488911713), 'mlp1_max_iter': 575, 'mlp1_solver': 'sgd', 'mlp2_activation': 'tanh', 'mlp2_alpha': np.float64(0.0001585193200818417), 'mlp2_hidden_layers': (128, 64), 'mlp2_learning_rate': 'adaptive', 'mlp2_learning_rate_init': np.float64(0.0018959979261288268), 'mlp2_max_iter': 854, 'mlp2_solver': 'adam', 'mlp3_activation': 'tanh', 'mlp3_alpha': np.float64(1.8428545593620372e-05), 'mlp3_hidden_layers': (50,), 'mlp3_learning_rate': 'constant', 'mlp3_learning_rate_init': np.float64(0.024880224032445206), 'mlp3_max_iter': 686, 'mlp3_solver': 'lbfgs'}",relu,0.008739671864179475,"(1024, 256, 128)",adaptive,0.0022660395488911713,575,sgd,tanh,0.0001585193200818417,"(128, 64)",adaptive,0.0018959979261288268,854,adam,tanh,1.8428545593620372e-05,"(50,)",constant,0.024880224032445206,686,lbfgs
0,4,0.32146196506309616,0.023485008191602402,0.9998688764835759,0.0002622470328483839,"{'mlp1_activation': 'logistic', 'mlp1_alpha': np.float64(0.0002519534590511365), 'mlp1_hidden_layers': (768, 256), 'mlp1_learning_rate': 'constant', 'mlp1_learning_rate_init': np.float64(0.02234367515302392), 'mlp1_max_iter': 1116, 'mlp1_solver': 'adam', 'mlp2_activation': 'logistic', 'mlp2_alpha': np.float64(0.0009309361103599312), 'mlp2_hidden_layers': (256, 128), 'mlp2_learning_rate': 'adaptive', 'mlp2_learning_rate_init': np.float64(0.004492727090945529), 'mlp2_max_iter': 563, 'mlp2_solver': 'lbfgs', 'mlp3_activation': 'logistic', 'mlp3_alpha': np.float64(0.010036054882706593), 'mlp3_hidden_layers': (50,), 'mlp3_learning_rate': 'adaptive', 'mlp3_learning_rate_init': np.float64(0.011917931787509632), 'mlp3_max_iter': 869, 'mlp3_solver': 'adam'}",logistic,0.0002519534590511365,"(768, 256)",constant,0.02234367515302392,1116,adam,logistic,0.0009309361103599312,"(256, 128)",adaptive,0.004492727090945529,563,lbfgs,logistic,0.010036054882706593,"(50,)",adaptive,0.011917931787509632,869,adam
1,0,0.5418499593653535,0.01969920635528046,1.0,0.0,"{'mlp1_activation': 'logistic', 'mlp1_alpha': np.float64(0.031728678426666594), 'mlp1_hidden_layers': (1024, 256, 128), 'mlp1_learning_rate': 'constant', 'mlp1_learning_rate_init': np.float64(0.00026413611706102975), 'mlp1_max_iter': 1402, 'mlp1_solver': 'sgd', 'mlp2_activation': 'logistic', 'mlp2_alpha': np.float64(0.02160979770576127), 'mlp2_hidden_layers': (256, 128, 64), 'mlp2_learning_rate': 'adaptive', 'mlp2_learning_rate_init': np.float64(0.007536926870072843), 'mlp2_max_iter': 1231, 'mlp2_solver': 'lbfgs', 'mlp3_activation': 'relu', 'mlp3_alpha': np.float64(9.39069829403794e-05), 'mlp3_hidden_layers': (50, 25), 'mlp3_learning_rate': 'adaptive', 'mlp3_learning_rate_init': np.float64(0.006017914662849908), 'mlp3_max_iter': 738, 'mlp3_solver': 'lbfgs'}",logistic,0.031728678426666594,"(1024, 256, 128)",constant,0.00026413611706102975,1402,sgd,logistic,0.02160979770576127,"(256, 128, 64)",adaptive,0.007536926870072843,1231,lbfgs,relu,9.39069829403794e-05,"(50, 25)",adaptive,0.006017914662849908,738,lbfgs
1,1,0.6151536551520355,0.03991767343767271,1.0,0.0,"{'mlp1_activation': 'relu', 'mlp1_alpha': np.float64(0.007357703124514354), 'mlp1_hidden_layers': (768, 256, 128), 'mlp1_learning_rate': 'adaptive', 'mlp1_learning_rate_init': np.float64(0.0003440075210873416), 'mlp1_max_iter': 1017, 'mlp1_solver': 'adam', 'mlp2_activation': 'logistic', 'mlp2_alpha': np.float64(0.020875141950517023), 'mlp2_hidden_layers': (256,), 'mlp2_learning_rate': 'constant', 'mlp2_learning_rate_init': np.float64(0.00030851777198717494), 'mlp2_max_iter': 1302, 'mlp2_solver': 'lbfgs', 'mlp3_activation': 'relu', 'mlp3_alpha': np.float64(0.06080861053055127), 'mlp3_hidden_layers': (50,), 'mlp3_learning_rate': 'constant', 'mlp3_learning_rate_init': np.float64(0.0007859948496984373), 'mlp3_max_iter': 837, 'mlp3_solver': 'lbfgs'}",relu,0.007357703124514354,"(768, 256, 128)",adaptive,0.0003440075210873416,1017,adam,logistic,0.020875141950517023,"(256,)",constant,0.00030851777198717494,1302,lbfgs,relu,0.06080861053055127,"(50,)",constant,0.0007859948496984373,837,lbfgs
1,2,0.4527650116118761,0.04634692954572417,0.8829609939772565,0.09185426888524874,"{'mlp1_activation': 'tanh', 'mlp1_alpha': np.float64(0.0010015297789251478), 'mlp1_hidden_layers': (768, 256, 128), 'mlp1_learning_rate': 'adaptive', 'mlp1_learning_rate_init': np.float64(0.0015486170897444005), 'mlp1_max_iter': 676, 'mlp1_solver': 'adam', 'mlp2_activation': 'relu', 'mlp2_alpha': np.float64(0.02152954364873828), 'mlp2_hidden_layers': (128, 64), 'mlp2_learning_rate': 'adaptive', 'mlp2_learning_rate_init': np.float64(0.0006700359752998228), 'mlp2_max_iter': 1431, 'mlp2_solver': 'sgd', 'mlp3_activation': 'logistic', 'mlp3_alpha': np.float64(0.08325412083815434), 'mlp3_hidden_layers': (50, 25), 'mlp3_learning_rate': 'adaptive', 'mlp3_learning_rate_init': np.float64(0.09332868615704655), 'mlp3_max_iter': 528, 'mlp3_solver': 'adam'}",tanh,0.0010015297789251478,"(768, 256, 128)",adaptive,0.0015486170897444005,676,adam,relu,0.02152954364873828,"(128, 64)",adaptive,0.0006700359752998228,1431,sgd,logistic,0.08325412083815434,"(50, 25)",adaptive,0.09332868615704655,528,adam
1,3,0.5615659602297335,0.038234047377071055,1.0,0.0,"{'mlp1_activation': 'logistic', 'mlp1_alpha': np.float64(0.06079214302033537), 'mlp1_hidden_layers': (768, 256, 128), 'mlp1_learning_rate': 'constant', 'mlp1_learning_rate_init': np.float64(0.004517954069910493), 'mlp1_max_iter': 950, 'mlp1_solver': 'adam', 'mlp2_activation': 'tanh', 'mlp2_alpha': np.float64(0.016894043947169403), 'mlp2_hidden_layers': (256, 128), 'mlp2_learning_rate': 'adaptive', 'mlp2_learning_rate_init': np.float64(0.05109127514158733), 'mlp2_max_iter': 629, 'mlp2_solver': 'lbfgs', 'mlp3_activation': 'relu', 'mlp3_alpha': np.float64(0.0001786193432528457), 'mlp3_hidden_layers': (50, 25), 'mlp3_learning_rate': 'adaptive', 'mlp3_learning_rate_init': np.float64(0.00130666501699294), 'mlp3_max_iter': 649, 'mlp3_solver': 'lbfgs'}",logistic,0.06079214302033537,"(768, 256, 128)",constant,0.004517954069910493,950,adam,tanh,0.016894043947169403,"(256, 128)",adaptive,0.05109127514158733,629,lbfgs,relu,0.0001786193432528457,"(50, 25)",adaptive,0.00130666501699294,649,lbfgs
1,4,0.23189818336634146,0.019249070482720093,0.8633192203766649,0.1356226007021948,"{'mlp1_activation': 'logistic', 'mlp1_alpha': np.float64(0.010620646449521164), 'mlp1_hidden_layers': (768, 256), 'mlp1_learning_rate': 'adaptive', 'mlp1_learning_rate_init': np.float64(0.0002732561840036902), 'mlp1_max_iter': 678, 'mlp1_solver': 'sgd', 'mlp2_activation': 'tanh', 'mlp2_alpha': np.float64(0.0008032917181247905), 'mlp2_hidden_layers': (256, 128), 'mlp2_learning_rate': 'adaptive', 'mlp2_learning_rate_init': np.float64(0.04423760533150092), 'mlp2_max_iter': 1412, 'mlp2_solver': 'sgd', 'mlp3_activation': 'tanh', 'mlp3_alpha': np.float64(0.0065744440488909395), 'mlp3_hidden_layers': (100, 50, 25), 'mlp3_learning_rate': 'adaptive', 'mlp3_learning_rate_init': np.float64(0.0002749571776230201), 'mlp3_max_iter': 793, 'mlp3_solver': 'adam'}",logistic,0.010620646449521164,"(768, 256)",adaptive,0.0002732561840036902,678,sgd,tanh,0.0008032917181247905,"(256, 128)",adaptive,0.04423760533150092,1412,sgd,tanh,0.0065744440488909395,"(100, 50, 25)",adaptive,0.0002749571776230201,793,adam
2,0,0.2997097814209207,0.017589686162207786,0.996378792621387,0.001902525713876245,"{'mlp1_activation': 'tanh', 'mlp1_alpha': np.float64(0.053091602225082114), 'mlp1_hidden_layers': (1024, 256, 128), 'mlp1_learning_rate': 'adaptive', 'mlp1_learning_rate_init': np.float64(0.0022206215723206907), 'mlp1_max_iter': 1282, 'mlp1_solver': 'adam', 'mlp2_activation': 'tanh', 'mlp2_alpha': np.float64(0.01566661123384767), 'mlp2_hidden_layers': (256, 128), 'mlp2_learning_rate': 'adaptive', 'mlp2_learning_rate_init': np.float64(0.06956887007632251), 'mlp2_max_iter': 1288, 'mlp2_solver': 'lbfgs', 'mlp3_activation': 'tanh', 'mlp3_alpha': np.float64(2.4277741945207886e-05), 'mlp3_hidden_layers': (100, 50, 25), 'mlp3_learning_rate': 'adaptive', 'mlp3_learning_rate_init': np.float64(0.018703313106702864), 'mlp3_max_iter': 1287, 'mlp3_solver': 'adam'}",tanh,0.053091602225082114,"(1024, 256, 128)",adaptive,0.0022206215723206907,1282,adam,tanh,0.01566661123384767,"(256, 128)",adaptive,0.06956887007632251,1288,lbfgs,tanh,2.4277741945207886e-05,"(100, 50, 25)",adaptive,0.018703313106702864,1287,adam
2,1,0.5894785157112978,0.03682134652666247,1.0,0.0,"{'mlp1_activation': 'logistic', 'mlp1_alpha': np.float64(0.0028906506677119337), 'mlp1_hidden_layers': (1024, 256, 128), 'mlp1_learning_rate': 'adaptive', 'mlp1_learning_rate_init': np.float64(0.0008432904706745665), 'mlp1_max_iter': 1045, 'mlp1_solver': 'sgd', 'mlp2_activation': 'relu', 'mlp2_alpha': np.float64(0.05629635761515099), 'mlp2_hidden_layers': (256, 128, 64), 'mlp2_learning_rate': 'adaptive', 'mlp2_learning_rate_init': np.float64(0.08654309907953593), 'mlp2_max_iter': 1215, 'mlp2_solver': 'lbfgs', 'mlp3_activation': 'relu', 'mlp3_alpha': np.float64(0.0042625792116338145), 'mlp3_hidden_layers': (50, 25), 'mlp3_learning_rate': 'adaptive', 'mlp3_learning_rate_init': np.float64(0.0588118007782219), 'mlp3_max_iter': 551, 'mlp3_solver': 'lbfgs'}",logistic,0.0028906506677119337,"(1024, 256, 128)",adaptive,0.0008432904706745665,1045,sgd,relu,0.05629635761515099,"(256, 128, 64)",adaptive,0.08654309907953593,1215,lbfgs,relu,0.0042625792116338145,"(50, 25)",adaptive,0.0588118007782219,551,lbfgs
2,2,0.2875380255500717,0.03605256792407403,0.9941429943845742,0.009725622117282185,"{'mlp1_activation': 'relu', 'mlp1_alpha': np.float64(0.019750328448511007), 'mlp1_hidden_layers': (1024, 384, 128), 'mlp1_learning_rate': 'constant', 'mlp1_learning_rate_init': np.float64(0.01810046410051897), 'mlp1_max_iter': 1011, 'mlp1_solver': 'adam', 'mlp2_activation': 'logistic', 'mlp2_alpha': np.float64(0.034258420021633), 'mlp2_hidden_layers': (128,), 'mlp2_learning_rate': 'constant', 'mlp2_learning_rate_init': np.float64(0.028718519580899708), 'mlp2_max_iter': 991, 'mlp2_solver': 'lbfgs', 'mlp3_activation': 'logistic', 'mlp3_alpha': np.float64(0.00016271074219333402), 'mlp3_hidden_layers': (100, 50, 25), 'mlp3_learning_rate': 'constant', 'mlp3_learning_rate_init': np.float64(0.015972716588550977), 'mlp3_max_iter': 966, 'mlp3_solver': 'adam'}",relu,0.019750328448511007,"(1024, 384, 128)",constant,0.01810046410051897,1011,adam,logistic,0.034258420021633,"(128,)",constant,0.028718519580899708,991,lbfgs,logistic,0.00016271074219333402,"(100, 50, 25)",constant,0.015972716588550977,966,adam
2,3,0.5173695810060452,0.04895418771938396,0.9936433229478213,0.003528077882818882,"{'mlp1_activation': 'relu', 'mlp1_alpha': np.float64(1.3827285313322235e-05), 'mlp1_hidden_layers': (1024, 256), 'mlp1_learning_rate': 'adaptive', 'mlp1_learning_rate_init': np.float64(0.00022695635574277812), 'mlp1_max_iter': 1425, 'mlp1_solver': 'sgd', 'mlp2_activation': 'relu', 'mlp2_alpha': np.float64(0.011007912326046441), 'mlp2_hidden_layers': (256,), 'mlp2_learning_rate': 'adaptive', 'mlp2_learning_rate_init': np.float64(0.05259201095980626), 'mlp2_max_iter': 1376, 'mlp2_solver': 'sgd', 'mlp3_activation': 'logistic', 'mlp3_alpha': np.float64(0.00028977147598854906), 'mlp3_hidden_layers': (50,), 'mlp3_learning_rate': 'constant', 'mlp3_learning_rate_init': np.float64(0.0008348385818446615), 'mlp3_max_iter': 1298, 'mlp3_solver': 'lbfgs'}",relu,1.3827285313322235e-05,"(1024, 256)",adaptive,0.00022695635574277812,1425,sgd,relu,0.011007912326046441,"(256,)",adaptive,0.05259201095980626,1376,sgd,logistic,0.00028977147598854906,"(50,)",constant,0.0008348385818446615,1298,lbfgs
2,4,0.26363676145881254,0.025741808461263293,0.9994073685610585,0.0008355695040042406,"{'mlp1_activation': 'tanh', 'mlp1_alpha': np.float64(0.0006118299756633968), 'mlp1_hidden_layers': (1024, 256, 128), 'mlp1_learning_rate': 'adaptive', 'mlp1_learning_rate_init': np.float64(0.0004833063074949945), 'mlp1_max_iter': 709, 'mlp1_solver': 'sgd', 'mlp2_activation': 'tanh', 'mlp2_alpha': np.float64(9.204767082768292e-05), 'mlp2_hidden_layers': (128, 64), 'mlp2_learning_rate': 'constant', 'mlp2_learning_rate_init': np.float64(0.0029957317261125093), 'mlp2_max_iter': 1244, 'mlp2_solver': 'adam', 'mlp3_activation': 'tanh', 'mlp3_alpha': np.float64(0.0006724460388923626), 'mlp3_hidden_layers': (100, 50, 25), 'mlp3_learning_rate': 'constant', 'mlp3_learning_rate_init': np.float64(0.012008566729561075), 'mlp3_max_iter': 897, 'mlp3_solver': 'lbfgs'}",tanh,0.0006118299756633968,"(1024, 256, 128)",adaptive,0.0004833063074949945,709,sgd,tanh,9.204767082768292e-05,"(128, 64)",constant,0.0029957317261125093,1244,adam,tanh,0.0006724460388923626,"(100, 50, 25)",constant,0.012008566729561075,897,lbfgs
3,0,0.6042687364281691,0.018600303449251728,0.9983024483351084,0.0006966470599304346,"{'mlp1_activation': 'relu', 'mlp1_alpha': np.float64(1.0677039025510443e-05), 'mlp1_hidden_layers': (1024, 256), 'mlp1_learning_rate': 'constant', 'mlp1_learning_rate_init': np.float64(0.007971997866095542), 'mlp1_max_iter': 930, 'mlp1_solver': 'sgd', 'mlp2_activation': 'relu', 'mlp2_alpha': np.float64(0.0001506104311475518), 'mlp2_hidden_layers': (128, 64), 'mlp2_learning_rate': 'adaptive', 'mlp2_learning_rate_init': np.float64(0.01265457419553913), 'mlp2_max_iter': 1447, 'mlp2_solver': 'lbfgs', 'mlp3_activation': 'tanh', 'mlp3_alpha': np.float64(0.00023732672125185552), 'mlp3_hidden_layers': (100, 50, 25), 'mlp3_learning_rate': 'constant', 'mlp3_learning_rate_init': np.float64(0.00551663905963381), 'mlp3_max_iter': 1306, 'mlp3_solver': 'adam'}",relu,1.0677039025510443e-05,"(1024, 256)",constant,0.007971997866095542,930,sgd,relu,0.0001506104311475518,"(128, 64)",adaptive,0.01265457419553913,1447,lbfgs,tanh,0.00023732672125185552,"(100, 50, 25)",constant,0.00551663905963381,1306,adam
3,1,0.3440853426503253,0.027360417021147325,1.0,0.0,"{'mlp1_activation': 'relu', 'mlp1_alpha': np.float64(0.002172565557018054), 'mlp1_hidden_layers': (768, 256, 128), 'mlp1_learning_rate': 'adaptive', 'mlp1_learning_rate_init': np.float64(0.0008730234156634315), 'mlp1_max_iter': 646, 'mlp1_solver': 'sgd', 'mlp2_activation': 'tanh', 'mlp2_alpha': np.float64(0.0005942699679123905), 'mlp2_hidden_layers': (128, 64), 'mlp2_learning_rate': 'constant', 'mlp2_learning_rate_init': np.float64(0.012918728767810498), 'mlp2_max_iter': 528, 'mlp2_solver': 'lbfgs', 'mlp3_activation': 'tanh', 'mlp3_alpha': np.float64(0.0001247279890334287), 'mlp3_hidden_layers': (50, 25), 'mlp3_learning_rate': 'adaptive', 'mlp3_learning_rate_init': np.float64(0.029037200884674402), 'mlp3_max_iter': 1325, 'mlp3_solver': 'lbfgs'}",relu,0.002172565557018054,"(768, 256, 128)",adaptive,0.0008730234156634315,646,sgd,tanh,0.0005942699679123905,"(128, 64)",constant,0.012918728767810498,528,lbfgs,tanh,0.0001247279890334287,"(50, 25)",adaptive,0.029037200884674402,1325,lbfgs
3,2,0.6166262104723363,0.03493333253827211,0.9995492298647921,0.0006402374632413904,"{'mlp1_activation': 'logistic', 'mlp1_alpha': np.float64(7.717959158072354e-05), 'mlp1_hidden_layers': (1024, 256, 128), 'mlp1_learning_rate': 'adaptive', 'mlp1_learning_rate_init': np.float64(0.06041257397773963), 'mlp1_max_iter': 1040, 'mlp1_solver': 'sgd', 'mlp2_activation': 'relu', 'mlp2_alpha': np.float64(0.0019338651887065173), 'mlp2_hidden_layers': (256, 128), 'mlp2_learning_rate': 'adaptive', 'mlp2_learning_rate_init': np.float64(0.0014446666892334724), 'mlp2_max_iter': 1456, 'mlp2_solver': 'lbfgs', 'mlp3_activation': 'tanh', 'mlp3_alpha': np.float64(0.06799230636623442), 'mlp3_hidden_layers': (50, 25), 'mlp3_learning_rate': 'adaptive', 'mlp3_learning_rate_init': np.float64(0.053682807889871634), 'mlp3_max_iter': 1106, 'mlp3_solver': 'adam'}",logistic,7.717959158072354e-05,"(1024, 256, 128)",adaptive,0.06041257397773963,1040,sgd,relu,0.0019338651887065173,"(256, 128)",adaptive,0.0014446666892334724,1456,lbfgs,tanh,0.06799230636623442,"(50, 25)",adaptive,0.053682807889871634,1106,adam
3,3,0.44833008833977406,0.03494218084556247,0.9975156503166487,0.0012345003791093213,"{'mlp1_activation': 'logistic', 'mlp1_alpha': np.float64(0.002191262808397138), 'mlp1_hidden_layers': (768, 256), 'mlp1_learning_rate': 'adaptive', 'mlp1_learning_rate_init': np.float64(0.0003553796587339132), 'mlp1_max_iter': 630, 'mlp1_solver': 'sgd', 'mlp2_activation': 'logistic', 'mlp2_alpha': np.float64(0.006848855569031157), 'mlp2_hidden_layers': (256,), 'mlp2_learning_rate': 'constant', 'mlp2_learning_rate_init': np.float64(0.03309031711021708), 'mlp2_max_iter': 1225, 'mlp2_solver': 'lbfgs', 'mlp3_activation': 'relu', 'mlp3_alpha': np.float64(8.134098346736289e-05), 'mlp3_hidden_layers': (100, 50), 'mlp3_learning_rate': 'constant', 'mlp3_learning_rate_init': np.float64(0.004256732909357153), 'mlp3_max_iter': 985, 'mlp3_solver': 'adam'}",logistic,0.002191262808397138,"(768, 256)",adaptive,0.0003553796587339132,630,sgd,logistic,0.006848855569031157,"(256,)",constant,0.03309031711021708,1225,lbfgs,relu,8.134098346736289e-05,"(100, 50)",constant,0.004256732909357153,985,adam
3,4,0.6131658337093149,0.041527359761986495,1.0,0.0,"{'mlp1_activation': 'relu', 'mlp1_alpha': np.float64(0.003726333764483606), 'mlp1_hidden_layers': (1024, 256), 'mlp1_learning_rate': 'adaptive', 'mlp1_learning_rate_init': np.float64(0.008055803275541007), 'mlp1_max_iter': 673, 'mlp1_solver': 'sgd', 'mlp2_activation': 'relu', 'mlp2_alpha': np.float64(0.019480970098482504), 'mlp2_hidden_layers': (128, 64), 'mlp2_learning_rate': 'constant', 'mlp2_learning_rate_init': np.float64(0.0022856114530351), 'mlp2_max_iter': 1278, 'mlp2_solver': 'lbfgs', 'mlp3_activation': 'logistic', 'mlp3_alpha': np.float64(0.041800849189203994), 'mlp3_hidden_layers': (50, 25), 'mlp3_learning_rate': 'adaptive', 'mlp3_learning_rate_init': np.float64(0.013369740629522564), 'mlp3_max_iter': 975, 'mlp3_solver': 'lbfgs'}",relu,0.003726333764483606,"(1024, 256)",adaptive,0.008055803275541007,673,sgd,relu,0.019480970098482504,"(128, 64)",constant,0.0022856114530351,1278,lbfgs,logistic,0.041800849189203994,"(50, 25)",adaptive,0.013369740629522564,975,lbfgs
4,0,0.5446566333004934,0.009845034675870543,1.0,0.0,"{'mlp1_activation': 'logistic', 'mlp1_alpha': np.float64(0.0012662578034303197), 'mlp1_hidden_layers': (768, 256), 'mlp1_learning_rate': 'constant', 'mlp1_learning_rate_init': np.float64(0.0003413412125617339), 'mlp1_max_iter': 897, 'mlp1_solver': 'sgd', 'mlp2_activation': 'tanh', 'mlp2_alpha': np.float64(0.0036424714347168454), 'mlp2_hidden_layers': (128, 64), 'mlp2_learning_rate': 'constant', 'mlp2_learning_rate_init': np.float64(0.003135982558321986), 'mlp2_max_iter': 680, 'mlp2_solver': 'adam', 'mlp3_activation': 'relu', 'mlp3_alpha': np.float64(1.5005701617171221e-05), 'mlp3_hidden_layers': (50, 25), 'mlp3_learning_rate': 'adaptive', 'mlp3_learning_rate_init': np.float64(0.02215656390453579), 'mlp3_max_iter': 1124, 'mlp3_solver': 'lbfgs'}",logistic,0.0012662578034303197,"(768, 256)",constant,0.0003413412125617339,897,sgd,tanh,0.0036424714347168454,"(128, 64)",constant,0.003135982558321986,680,adam,relu,1.5005701617171221e-05,"(50, 25)",adaptive,0.02215656390453579,1124,lbfgs
4,1,0.4532039948192891,0.05397647588199265,0.9959643590594786,0.002318764355237526,"{'mlp1_activation': 'tanh', 'mlp1_alpha': np.float64(0.05974432442366141), 'mlp1_hidden_layers': (1024, 384, 128), 'mlp1_learning_rate': 'constant', 'mlp1_learning_rate_init': np.float64(0.013107453524193773), 'mlp1_max_iter': 979, 'mlp1_solver': 'adam', 'mlp2_activation': 'logistic', 'mlp2_alpha': np.float64(0.036044776717875156), 'mlp2_hidden_layers': (256,), 'mlp2_learning_rate': 'constant', 'mlp2_learning_rate_init': np.float64(0.00016488527581362607), 'mlp2_max_iter': 1412, 'mlp2_solver': 'lbfgs', 'mlp3_activation': 'relu', 'mlp3_alpha': np.float64(1.0578058319627215e-05), 'mlp3_hidden_layers': (50,), 'mlp3_learning_rate': 'constant', 'mlp3_learning_rate_init': np.float64(0.0013025563800976923), 'mlp3_max_iter': 508, 'mlp3_solver': 'adam'}",tanh,0.05974432442366141,"(1024, 384, 128)",constant,0.013107453524193773,979,adam,logistic,0.036044776717875156,"(256,)",constant,0.00016488527581362607,1412,lbfgs,relu,1.0578058319627215e-05,"(50,)",constant,0.0013025563800976923,508,adam
4,2,0.5298278823238772,0.029425656839147774,0.9544845243930731,0.01551771005166027,"{'mlp1_activation': 'logistic', 'mlp1_alpha': np.float64(0.09623849087815783), 'mlp1_hidden_layers': (1024, 384, 128), 'mlp1_learning_rate': 'constant', 'mlp1_learning_rate_init': np.float64(0.05971125276715361), 'mlp1_max_iter': 784, 'mlp1_solver': 'adam', 'mlp2_activation': 'tanh', 'mlp2_alpha': np.float64(0.044375191475284646), 'mlp2_hidden_layers': (256, 128), 'mlp2_learning_rate': 'adaptive', 'mlp2_learning_rate_init': np.float64(0.04325452921898871), 'mlp2_max_iter': 1329, 'mlp2_solver': 'sgd', 'mlp3_activation': 'relu', 'mlp3_alpha': np.float64(0.0005461416580451303), 'mlp3_hidden_layers': (100, 50), 'mlp3_learning_rate': 'constant', 'mlp3_learning_rate_init': np.float64(0.008929517552157045), 'mlp3_max_iter': 611, 'mlp3_solver': 'adam'}",logistic,0.09623849087815783,"(1024, 384, 128)",constant,0.05971125276715361,784,adam,tanh,0.044375191475284646,"(256, 128)",adaptive,0.04325452921898871,1329,sgd,relu,0.0005461416580451303,"(100, 50)",constant,0.008929517552157045,611,adam
4,3,0.5983781919564924,0.02810944688151593,0.9986943378133935,0.0009150474087232486,"{'mlp1_activation': 'tanh', 'mlp1_alpha': np.float64(1.3330986711613834e-05), 'mlp1_hidden_layers': (512, 256, 128), 'mlp1_learning_rate': 'constant', 'mlp1_learning_rate_init': np.float64(0.028049423873009342), 'mlp1_max_iter': 1079, 'mlp1_solver': 'sgd', 'mlp2_activation': 'relu', 'mlp2_alpha': np.float64(6.833975415182965e-05), 'mlp2_hidden_layers': (256,), 'mlp2_learning_rate': 'constant', 'mlp2_learning_rate_init': np.float64(0.04829464539706733), 'mlp2_max_iter': 840, 'mlp2_solver': 'lbfgs', 'mlp3_activation': 'relu', 'mlp3_alpha': np.float64(1.6071831238409077e-05), 'mlp3_hidden_layers': (50,), 'mlp3_learning_rate': 'constant', 'mlp3_learning_rate_init': np.float64(0.0005165005850595895), 'mlp3_max_iter': 634, 'mlp3_solver': 'adam'}",tanh,1.3330986711613834e-05,"(512, 256, 128)",constant,0.028049423873009342,1079,sgd,relu,6.833975415182965e-05,"(256,)",constant,0.04829464539706733,840,lbfgs,relu,1.6071831238409077e-05,"(50,)",constant,0.0005165005850595895,634,adam
4,4,0.324260383440542,0.02205104479638664,1.0,0.0,"{'mlp1_activation': 'logistic', 'mlp1_alpha': np.float64(8.298798881877992e-05), 'mlp1_hidden_layers': (768, 256), 'mlp1_learning_rate': 'adaptive', 'mlp1_learning_rate_init': np.float64(0.0014018554591381498), 'mlp1_max_iter': 854, 'mlp1_solver': 'adam', 'mlp2_activation': 'logistic', 'mlp2_alpha': np.float64(0.0034770264639033053), 'mlp2_hidden_layers': (256,), 'mlp2_learning_rate': 'constant', 'mlp2_learning_rate_init': np.float64(0.054571870825687624), 'mlp2_max_iter': 1256, 'mlp2_solver': 'lbfgs', 'mlp3_activation': 'tanh', 'mlp3_alpha': np.float64(0.0051099806941145125), 'mlp3_hidden_layers': (100, 50, 25), 'mlp3_learning_rate': 'adaptive', 'mlp3_learning_rate_init': np.float64(0.011154007330894196), 'mlp3_max_iter': 1222, 'mlp3_solver': 'lbfgs'}",logistic,8.298798881877992e-05,"(768, 256)",adaptive,0.0014018554591381498,854,adam,logistic,0.0034770264639033053,"(256,)",constant,0.054571870825687624,1256,lbfgs,tanh,0.0051099806941145125,"(100, 50, 25)",adaptive,0.011154007330894196,1222,lbfgs
5,0,0.5926422325865084,0.046851040749810745,0.9999061669834134,0.00018766603317295073,"{'mlp1_activation': 'tanh', 'mlp1_alpha': np.float64(0.0011363370490532826), 'mlp1_hidden_layers': (512, 256, 128), 'mlp1_learning_rate': 'constant', 'mlp1_learning_rate_init': np.float64(0.0033842014090175727), 'mlp1_max_iter': 844, 'mlp1_solver': 'sgd', 'mlp2_activation': 'logistic', 'mlp2_alpha': np.float64(0.0176045461601773), 'mlp2_hidden_layers': (256, 128, 64), 'mlp2_learning_rate': 'constant', 'mlp2_learning_rate_init': np.float64(0.00022623808542775742), 'mlp2_max_iter': 884, 'mlp2_solver': 'adam', 'mlp3_activation': 'relu', 'mlp3_alpha': np.float64(0.000137555093033746), 'mlp3_hidden_layers': (100, 50), 'mlp3_learning_rate': 'adaptive', 'mlp3_learning_rate_init': np.float64(0.010478404694417992), 'mlp3_max_iter': 1024, 'mlp3_solver': 'lbfgs'}",tanh,0.0011363370490532826,"(512, 256, 128)",constant,0.0033842014090175727,844,sgd,logistic,0.0176045461601773,"(256, 128, 64)",constant,0.00022623808542775742,884,adam,relu,0.000137555093033746,"(100, 50)",adaptive,0.010478404694417992,1024,lbfgs
5,1,0.35611154590222555,0.05876727230662265,1.0,0.0,"{'mlp1_activation': 'relu', 'mlp1_alpha': np.float64(7.979636682919238e-05), 'mlp1_hidden_layers': (1024, 256), 'mlp1_learning_rate': 'constant', 'mlp1_learning_rate_init': np.float64(0.007612274505499445), 'mlp1_max_iter': 1230, 'mlp1_solver': 'adam', 'mlp2_activation': 'logistic', 'mlp2_alpha': np.float64(0.01107606421449409), 'mlp2_hidden_layers': (256, 128, 64), 'mlp2_learning_rate': 'adaptive', 'mlp2_learning_rate_init': np.float64(0.05261584212154689), 'mlp2_max_iter': 1103, 'mlp2_solver': 'lbfgs', 'mlp3_activation': 'tanh', 'mlp3_alpha': np.float64(0.03602442950429658), 'mlp3_hidden_layers': (100, 50), 'mlp3_learning_rate': 'adaptive', 'mlp3_learning_rate_init': np.float64(0.0619597448464593), 'mlp3_max_iter': 1264, 'mlp3_solver': 'lbfgs'}",relu,7.979636682919238e-05,"(1024, 256)",constant,0.007612274505499445,1230,adam,logistic,0.01107606421449409,"(256, 128, 64)",adaptive,0.05261584212154689,1103,lbfgs,tanh,0.03602442950429658,"(100, 50)",adaptive,0.0619597448464593,1264,lbfgs
5,2,0.3122337610901659,0.01816404538956943,1.0,0.0,"{'mlp1_activation': 'logistic', 'mlp1_alpha': np.float64(0.00011128321964885787), 'mlp1_hidden_layers': (768, 256), 'mlp1_learning_rate': 'constant', 'mlp1_learning_rate_init': np.float64(0.0061600669271157545), 'mlp1_max_iter': 1448, 'mlp1_solver': 'sgd', 'mlp2_activation': 'logistic', 'mlp2_alpha': np.float64(0.022360128429356172), 'mlp2_hidden_layers': (128,), 'mlp2_learning_rate': 'constant', 'mlp2_learning_rate_init': np.float64(0.012173661135916279), 'mlp2_max_iter': 1282, 'mlp2_solver': 'sgd', 'mlp3_activation': 'logistic', 'mlp3_alpha': np.float64(1.5396336778923403e-05), 'mlp3_hidden_layers': (100, 50, 25), 'mlp3_learning_rate': 'adaptive', 'mlp3_learning_rate_init': np.float64(0.013372276737536121), 'mlp3_max_iter': 904, 'mlp3_solver': 'lbfgs'}",logistic,0.00011128321964885787,"(768, 256)",constant,0.0061600669271157545,1448,sgd,logistic,0.022360128429356172,"(128,)",constant,0.012173661135916279,1282,sgd,logistic,1.5396336778923403e-05,"(100, 50, 25)",adaptive,0.013372276737536121,904,lbfgs
5,3,0.5433110011636118,0.0434293443812018,0.9986424290672572,0.00120184142954882,"{'mlp1_activation': 'tanh', 'mlp1_alpha': np.float64(0.0025189674799273886), 'mlp1_hidden_layers': (768, 256, 128), 'mlp1_learning_rate': 'adaptive', 'mlp1_learning_rate_init': np.float64(0.003347558246301394), 'mlp1_max_iter': 1213, 'mlp1_solver': 'adam', 'mlp2_activation': 'tanh', 'mlp2_alpha': np.float64(0.0008503677199115869), 'mlp2_hidden_layers': (256, 128), 'mlp2_learning_rate': 'adaptive', 'mlp2_learning_rate_init': np.float64(0.06741219633431307), 'mlp2_max_iter': 866, 'mlp2_solver': 'sgd', 'mlp3_activation': 'relu', 'mlp3_alpha': np.float64(0.03160458989104223), 'mlp3_hidden_layers': (50,), 'mlp3_learning_rate': 'adaptive', 'mlp3_learning_rate_init': np.float64(0.030415346155748483), 'mlp3_max_iter': 818, 'mlp3_solver': 'lbfgs'}",tanh,0.0025189674799273886,"(768, 256, 128)",adaptive,0.003347558246301394,1213,adam,tanh,0.0008503677199115869,"(256, 128)",adaptive,0.06741219633431307,866,sgd,relu,0.03160458989104223,"(50,)",adaptive,0.030415346155748483,818,lbfgs
5,4,0.28160279757916545,0.04023603288796901,0.618818806363749,0.14855473971117591,"{'mlp1_activation': 'tanh', 'mlp1_alpha': np.float64(0.00012549197784330867), 'mlp1_hidden_layers': (1024, 256, 128), 'mlp1_learning_rate': 'adaptive', 'mlp1_learning_rate_init': np.float64(0.0001299338019056274), 'mlp1_max_iter': 1071, 'mlp1_solver': 'sgd', 'mlp2_activation': 'logistic', 'mlp2_alpha': np.float64(7.685852974882344e-05), 'mlp2_hidden_layers': (128, 64), 'mlp2_learning_rate': 'adaptive', 'mlp2_learning_rate_init': np.float64(0.00027157469583352373), 'mlp2_max_iter': 1290, 'mlp2_solver': 'sgd', 'mlp3_activation': 'logistic', 'mlp3_alpha': np.float64(2.920799861231043e-05), 'mlp3_hidden_layers': (50, 25), 'mlp3_learning_rate': 'adaptive', 'mlp3_learning_rate_init': np.float64(0.009070222957774371), 'mlp3_max_iter': 936, 'mlp3_solver': 'adam'}",tanh,0.00012549197784330867,"(1024, 256, 128)",adaptive,0.0001299338019056274,1071,sgd,logistic,7.685852974882344e-05,"(128, 64)",adaptive,0.00027157469583352373,1290,sgd,logistic,2.920799861231043e-05,"(50, 25)",adaptive,0.009070222957774371,936,adam
6,0,0.4974272741851292,0.02663156816996637,0.9959510542252179,0.0014188703567514626,"{'mlp1_activation': 'logistic', 'mlp1_alpha': np.float64(0.00015183273615391898), 'mlp1_hidden_layers': (768, 256), 'mlp1_learning_rate': 'constant', 'mlp1_learning_rate_init': np.float64(0.005062693987004797), 'mlp1_max_iter': 876, 'mlp1_solver': 'adam', 'mlp2_activation': 'logistic', 'mlp2_alpha': np.float64(0.0456680951171148), 'mlp2_hidden_layers': (256, 128, 64), 'mlp2_learning_rate': 'adaptive', 'mlp2_learning_rate_init': np.float64(0.0010854319389048445), 'mlp2_max_iter': 592, 'mlp2_solver': 'lbfgs', 'mlp3_activation': 'tanh', 'mlp3_alpha': np.float64(0.041927811628610485), 'mlp3_hidden_layers': (100, 50, 25), 'mlp3_learning_rate': 'constant', 'mlp3_learning_rate_init': np.float64(0.017400277839998812), 'mlp3_max_iter': 1011, 'mlp3_solver': 'adam'}",logistic,0.00015183273615391898,"(768, 256)",constant,0.005062693987004797,876,adam,logistic,0.0456680951171148,"(256, 128, 64)",adaptive,0.0010854319389048445,592,lbfgs,tanh,0.041927811628610485,"(100, 50, 25)",constant,0.017400277839998812,1011,adam
6,1,0.35265673688918464,0.05256915423919274,0.7898483785207897,0.10172658239722958,"{'mlp1_activation': 'logistic', 'mlp1_alpha': np.float64(0.0008745781856959299), 'mlp1_hidden_layers': (512, 256, 128), 'mlp1_learning_rate': 'constant', 'mlp1_learning_rate_init': np.float64(0.08034072875225579), 'mlp1_max_iter': 1030, 'mlp1_solver': 'sgd', 'mlp2_activation': 'tanh', 'mlp2_alpha': np.float64(0.014242404866805237), 'mlp2_hidden_layers': (256, 128), 'mlp2_learning_rate': 'constant', 'mlp2_learning_rate_init': np.float64(0.0026204135398963007), 'mlp2_max_iter': 840, 'mlp2_solver': 'adam', 'mlp3_activation': 'logistic', 'mlp3_alpha': np.float64(0.0756197595599975), 'mlp3_hidden_layers': (100, 50, 25), 'mlp3_learning_rate': 'adaptive', 'mlp3_learning_rate_init': np.float64(0.03610471967224058), 'mlp3_max_iter': 1441, 'mlp3_solver': 'adam'}",logistic,0.0008745781856959299,"(512, 256, 128)",constant,0.08034072875225579,1030,sgd,tanh,0.014242404866805237,"(256, 128)",constant,0.0026204135398963007,840,adam,logistic,0.0756197595599975,"(100, 50, 25)",adaptive,0.03610471967224058,1441,adam
6,2,0.22341024190745623,0.03283358392487102,1.0,0.0,"{'mlp1_activation': 'relu', 'mlp1_alpha': np.float64(0.028364717040689196), 'mlp1_hidden_layers': (1024, 384, 128), 'mlp1_learning_rate': 'adaptive', 'mlp1_learning_rate_init': np.float64(0.05316254136130091), 'mlp1_max_iter': 647, 'mlp1_solver': 'adam', 'mlp2_activation': 'tanh', 'mlp2_alpha': np.float64(0.00010377681968871093), 'mlp2_hidden_layers': (256, 128), 'mlp2_learning_rate': 'adaptive', 'mlp2_learning_rate_init': np.float64(0.012148258223424375), 'mlp2_max_iter': 632, 'mlp2_solver': 'lbfgs', 'mlp3_activation': 'tanh', 'mlp3_alpha': np.float64(7.994539497710081e-05), 'mlp3_hidden_layers': (50, 25), 'mlp3_learning_rate': 'constant', 'mlp3_learning_rate_init': np.float64(0.016286925901164408), 'mlp3_max_iter': 532, 'mlp3_solver': 'lbfgs'}",relu,0.028364717040689196,"(1024, 384, 128)",adaptive,0.05316254136130091,647,adam,tanh,0.00010377681968871093,"(256, 128)",adaptive,0.012148258223424375,632,lbfgs,tanh,7.994539497710081e-05,"(50, 25)",constant,0.016286925901164408,532,lbfgs
6,3,0.4978171358410964,0.0453919294555932,0.99796900525629,0.001135766469555111,"{'mlp1_activation': 'relu', 'mlp1_alpha': np.float64(0.0029098981438935717), 'mlp1_hidden_layers': (768, 256, 128), 'mlp1_learning_rate': 'adaptive', 'mlp1_learning_rate_init': np.float64(0.0007943756182286506), 'mlp1_max_iter': 1179, 'mlp1_solver': 'sgd', 'mlp2_activation': 'relu', 'mlp2_alpha': np.float64(0.017807756389053346), 'mlp2_hidden_layers': (256,), 'mlp2_learning_rate': 'constant', 'mlp2_learning_rate_init': np.float64(0.005628140693161999), 'mlp2_max_iter': 870, 'mlp2_solver': 'sgd', 'mlp3_activation': 'logistic', 'mlp3_alpha': np.float64(1.4049989099142658e-05), 'mlp3_hidden_layers': (100, 50, 25), 'mlp3_learning_rate': 'adaptive', 'mlp3_learning_rate_init': np.float64(0.000953455980700976), 'mlp3_max_iter': 616, 'mlp3_solver': 'lbfgs'}",relu,0.0029098981438935717,"(768, 256, 128)",adaptive,0.0007943756182286506,1179,sgd,relu,0.017807756389053346,"(256,)",constant,0.005628140693161999,870,sgd,logistic,1.4049989099142658e-05,"(100, 50, 25)",adaptive,0.000953455980700976,616,lbfgs
6,4,0.16677791423442248,0.015306515362122446,0.4776733268461733,0.05337343961716281,"{'mlp1_activation': 'tanh', 'mlp1_alpha': np.float64(0.0027872016384636726), 'mlp1_hidden_layers': (1024, 256), 'mlp1_learning_rate': 'constant', 'mlp1_learning_rate_init': np.float64(0.03695169873629384), 'mlp1_max_iter': 1342, 'mlp1_solver': 'adam', 'mlp2_activation': 'logistic', 'mlp2_alpha': np.float64(0.07190054235718739), 'mlp2_hidden_layers': (256, 128, 64), 'mlp2_learning_rate': 'adaptive', 'mlp2_learning_rate_init': np.float64(0.0006604939010371002), 'mlp2_max_iter': 563, 'mlp2_solver': 'sgd', 'mlp3_activation': 'tanh', 'mlp3_alpha': np.float64(0.002581849806078779), 'mlp3_hidden_layers': (50,), 'mlp3_learning_rate': 'adaptive', 'mlp3_learning_rate_init': np.float64(0.0009075140955287018), 'mlp3_max_iter': 632, 'mlp3_solver': 'adam'}",tanh,0.0027872016384636726,"(1024, 256)",constant,0.03695169873629384,1342,adam,logistic,0.07190054235718739,"(256, 128, 64)",adaptive,0.0006604939010371002,563,sgd,tanh,0.002581849806078779,"(50,)",adaptive,0.0009075140955287018,632,adam
7,0,0.2648898236705405,0.015272776039392583,1.0,0.0,"{'mlp1_activation': 'logistic', 'mlp1_alpha': np.float64(0.0038642487601989162), 'mlp1_hidden_layers': (1024, 256), 'mlp1_learning_rate': 'adaptive', 'mlp1_learning_rate_init': np.float64(0.003742568167486092), 'mlp1_max_iter': 1186, 'mlp1_solver': 'sgd', 'mlp2_activation': 'tanh', 'mlp2_alpha': np.float64(0.06549611671882236), 'mlp2_hidden_layers': (256,), 'mlp2_learning_rate': 'adaptive', 'mlp2_learning_rate_init': np.float64(0.030018099097133655), 'mlp2_max_iter': 1294, 'mlp2_solver': 'adam', 'mlp3_activation': 'tanh', 'mlp3_alpha': np.float64(0.0018643316011637536), 'mlp3_hidden_layers': (100, 50, 25), 'mlp3_learning_rate': 'constant', 'mlp3_learning_rate_init': np.float64(0.0010921433553319191), 'mlp3_max_iter': 1283, 'mlp3_solver': 'lbfgs'}",logistic,0.0038642487601989162,"(1024, 256)",adaptive,0.003742568167486092,1186,sgd,tanh,0.06549611671882236,"(256,)",adaptive,0.030018099097133655,1294,adam,tanh,0.0018643316011637536,"(100, 50, 25)",constant,0.0010921433553319191,1283,lbfgs
7,1,0.3952623523713646,0.022314982339847855,0.9993341113184165,0.0006840394537646658,"{'mlp1_activation': 'relu', 'mlp1_alpha': np.float64(0.0004933227110001613), 'mlp1_hidden_layers': (768, 256), 'mlp1_learning_rate': 'adaptive', 'mlp1_learning_rate_init': np.float64(0.0011600098379301647), 'mlp1_max_iter': 756, 'mlp1_solver': 'sgd', 'mlp2_activation': 'logistic', 'mlp2_alpha': np.float64(0.001909416880654111), 'mlp2_hidden_layers': (256, 128, 64), 'mlp2_learning_rate': 'constant', 'mlp2_learning_rate_init': np.float64(0.009311518538043545), 'mlp2_max_iter': 1323, 'mlp2_solver': 'lbfgs', 'mlp3_activation': 'tanh', 'mlp3_alpha': np.float64(3.934564464154916e-05), 'mlp3_hidden_layers': (50,), 'mlp3_learning_rate': 'adaptive', 'mlp3_learning_rate_init': np.float64(0.02276249815112859), 'mlp3_max_iter': 771, 'mlp3_solver': 'adam'}",relu,0.0004933227110001613,"(768, 256)",adaptive,0.0011600098379301647,756,sgd,logistic,0.001909416880654111,"(256, 128, 64)",constant,0.009311518538043545,1323,lbfgs,tanh,3.934564464154916e-05,"(50,)",adaptive,0.02276249815112859,771,adam
7,2,0.2919895990326486,0.012915534176303308,1.0,0.0,"{'mlp1_activation': 'tanh', 'mlp1_alpha': np.float64(0.00942579060068913), 'mlp1_hidden_layers': (768, 256), 'mlp1_learning_rate': 'constant', 'mlp1_learning_rate_init': np.float64(0.05032839250487961), 'mlp1_max_iter': 788, 'mlp1_solver': 'sgd', 'mlp2_activation': 'tanh', 'mlp2_alpha': np.float64(0.04551068194889313), 'mlp2_hidden_layers': (256, 128, 64), 'mlp2_learning_rate': 'constant', 'mlp2_learning_rate_init': np.float64(0.0003467561144977996), 'mlp2_max_iter': 1031, 'mlp2_solver': 'lbfgs', 'mlp3_activation': 'tanh', 'mlp3_alpha': np.float64(0.00020248322597136707), 'mlp3_hidden_layers': (50, 25), 'mlp3_learning_rate': 'constant', 'mlp3_learning_rate_init': np.float64(0.01394588546217323), 'mlp3_max_iter': 1485, 'mlp3_solver': 'lbfgs'}",tanh,0.00942579060068913,"(768, 256)",constant,0.05032839250487961,788,sgd,tanh,0.04551068194889313,"(256, 128, 64)",constant,0.0003467561144977996,1031,lbfgs,tanh,0.00020248322597136707,"(50, 25)",constant,0.01394588546217323,1485,lbfgs
7,3,0.2655550246944215,0.031050651801935406,1.0,0.0,"{'mlp1_activation': 'relu', 'mlp1_alpha': np.float64(0.013315742704806061), 'mlp1_hidden_layers': (768, 256), 'mlp1_learning_rate': 'constant', 'mlp1_learning_rate_init': np.float64(0.01432567055277969), 'mlp1_max_iter': 1107, 'mlp1_solver': 'adam', 'mlp2_activation': 'tanh', 'mlp2_alpha': np.float64(8.646487436147914e-05), 'mlp2_hidden_layers': (256, 128, 64), 'mlp2_learning_rate': 'constant', 'mlp2_learning_rate_init': np.float64(0.0011287780340943161), 'mlp2_max_iter': 1152, 'mlp2_solver': 'lbfgs', 'mlp3_activation': 'logistic', 'mlp3_alpha': np.float64(0.03699798002795405), 'mlp3_hidden_layers': (50, 25), 'mlp3_learning_rate': 'adaptive', 'mlp3_learning_rate_init': np.float64(0.0004037826345940972), 'mlp3_max_iter': 971, 'mlp3_solver': 'adam'}",relu,0.013315742704806061,"(768, 256)",constant,0.01432567055277969,1107,adam,tanh,8.646487436147914e-05,"(256, 128, 64)",constant,0.0011287780340943161,1152,lbfgs,logistic,0.03699798002795405,"(50, 25)",adaptive,0.0004037826345940972,971,adam
7,4,0.6139161545552219,0.015269921320214264,1.0,0.0,"{'mlp1_activation': 'tanh', 'mlp1_alpha': np.float64(0.09968297058192271), 'mlp1_hidden_layers': (768, 256, 128), 'mlp1_learning_rate': 'constant', 'mlp1_learning_rate_init': np.float64(0.04285631462579106), 'mlp1_max_iter': 1091, 'mlp1_solver': 'adam', 'mlp2_activation': 'relu', 'mlp2_alpha': np.float64(0.09291302644548682), 'mlp2_hidden_layers': (256, 128, 64), 'mlp2_learning_rate': 'constant', 'mlp2_learning_rate_init': np.float64(0.0007837276438515355), 'mlp2_max_iter': 920, 'mlp2_solver': 'lbfgs', 'mlp3_activation': 'logistic', 'mlp3_alpha': np.float64(0.0008714966388000702), 'mlp3_hidden_layers': (100, 50, 25), 'mlp3_learning_rate': 'adaptive', 'mlp3_learning_rate_init': np.float64(0.00012277806225315866), 'mlp3_max_iter': 1085, 'mlp3_solver': 'adam'}",tanh,0.09968297058192271,"(768, 256, 128)",constant,0.04285631462579106,1091,adam,relu,0.09291302644548682,"(256, 128, 64)",constant,0.0007837276438515355,920,lbfgs,logistic,0.0008714966388000702,"(100, 50, 25)",adaptive,0.00012277806225315866,1085,adam
8,0,0.5828899416663589,0.036064334569853064,0.9960674971565803,0.0015719160016142185,"{'mlp1_activation': 'relu', 'mlp1_alpha': np.float64(0.04546590496230824), 'mlp1_hidden_layers': (1024, 256), 'mlp1_learning_rate': 'constant', 'mlp1_learning_rate_init': np.float64(0.04416498775460425), 'mlp1_max_iter': 753, 'mlp1_solver': 'sgd', 'mlp2_activation': 'relu', 'mlp2_alpha': np.float64(0.00018355604934181246), 'mlp2_hidden_layers': (128,), 'mlp2_learning_rate': 'constant', 'mlp2_learning_rate_init': np.float64(0.009491126959663828), 'mlp2_max_iter': 1166, 'mlp2_solver': 'adam', 'mlp3_activation': 'logistic', 'mlp3_alpha': np.float64(0.00027413783067528), 'mlp3_hidden_layers': (50,), 'mlp3_learning_rate': 'adaptive', 'mlp3_learning_rate_init': np.float64(0.00016629607505360214), 'mlp3_max_iter': 794, 'mlp3_solver': 'lbfgs'}",relu,0.04546590496230824,"(1024, 256)",constant,0.04416498775460425,753,sgd,relu,0.00018355604934181246,"(128,)",constant,0.009491126959663828,1166,adam,logistic,0.00027413783067528,"(50,)",adaptive,0.00016629607505360214,794,lbfgs
8,1,0.5967168019840784,0.02902631467482676,1.0,0.0,"{'mlp1_activation': 'tanh', 'mlp1_alpha': np.float64(0.0005250372708872948), 'mlp1_hidden_layers': (768, 256, 128), 'mlp1_learning_rate': 'constant', 'mlp1_learning_rate_init': np.float64(0.007083248263145506), 'mlp1_max_iter': 981, 'mlp1_solver': 'sgd', 'mlp2_activation': 'relu', 'mlp2_alpha': np.float64(0.03378627603537278), 'mlp2_hidden_layers': (128, 64), 'mlp2_learning_rate': 'constant', 'mlp2_learning_rate_init': np.float64(0.0985995111389901), 'mlp2_max_iter': 825, 'mlp2_solver': 'lbfgs', 'mlp3_activation': 'relu', 'mlp3_alpha': np.float64(0.00033651438272281), 'mlp3_hidden_layers': (100, 50), 'mlp3_learning_rate': 'constant', 'mlp3_learning_rate_init': np.float64(0.061135910244860155), 'mlp3_max_iter': 657, 'mlp3_solver': 'lbfgs'}",tanh,0.0005250372708872948,"(768, 256, 128)",constant,0.007083248263145506,981,sgd,relu,0.03378627603537278,"(128, 64)",constant,0.0985995111389901,825,lbfgs,relu,0.00033651438272281,"(100, 50)",constant,0.061135910244860155,657,lbfgs
8,2,0.30300780208746864,0.019861168029801403,0.9166099102952442,0.032996129569852053,"{'mlp1_activation': 'tanh', 'mlp1_alpha': np.float64(0.0062110135644543735), 'mlp1_hidden_layers': (768, 256), 'mlp1_learning_rate': 'constant', 'mlp1_learning_rate_init': np.float64(0.03473057026024847), 'mlp1_max_iter': 1289, 'mlp1_solver': 'sgd', 'mlp2_activation': 'logistic', 'mlp2_alpha': np.float64(0.0006920965464264131), 'mlp2_hidden_layers': (128,), 'mlp2_learning_rate': 'constant', 'mlp2_learning_rate_init': np.float64(0.00024300230327191043), 'mlp2_max_iter': 1311, 'mlp2_solver': 'adam', 'mlp3_activation': 'tanh', 'mlp3_alpha': np.float64(8.321052630591553e-05), 'mlp3_hidden_layers': (100, 50, 25), 'mlp3_learning_rate': 'constant', 'mlp3_learning_rate_init': np.float64(0.05553192666876988), 'mlp3_max_iter': 988, 'mlp3_solver': 'adam'}",tanh,0.0062110135644543735,"(768, 256)",constant,0.03473057026024847,1289,sgd,logistic,0.0006920965464264131,"(128,)",constant,0.00024300230327191043,1311,adam,tanh,8.321052630591553e-05,"(100, 50, 25)",constant,0.05553192666876988,988,adam
8,3,0.12802191361748586,0.008282033807689756,0.2907392843548328,0.0289519105059684,"{'mlp1_activation': 'logistic', 'mlp1_alpha': np.float64(5.879272210095663e-05), 'mlp1_hidden_layers': (1024, 256), 'mlp1_learning_rate': 'adaptive', 'mlp1_learning_rate_init': np.float64(0.0044487072727989125), 'mlp1_max_iter': 1297, 'mlp1_solver': 'sgd', 'mlp2_activation': 'logistic', 'mlp2_alpha': np.float64(0.0033709017299081677), 'mlp2_hidden_layers': (128,), 'mlp2_learning_rate': 'adaptive', 'mlp2_learning_rate_init': np.float64(0.09728948475639794), 'mlp2_max_iter': 910, 'mlp2_solver': 'adam', 'mlp3_activation': 'tanh', 'mlp3_alpha': np.float64(0.05402132602728403), 'mlp3_hidden_layers': (50,), 'mlp3_learning_rate': 'adaptive', 'mlp3_learning_rate_init': np.float64(0.014134112434568634), 'mlp3_max_iter': 538, 'mlp3_solver': 'adam'}",logistic,5.879272210095663e-05,"(1024, 256)",adaptive,0.0044487072727989125,1297,sgd,logistic,0.0033709017299081677,"(128,)",adaptive,0.09728948475639794,910,adam,tanh,0.05402132602728403,"(50,)",adaptive,0.014134112434568634,538,adam
8,4,0.28879485692206613,0.019581746272881388,1.0,0.0,"{'mlp1_activation': 'logistic', 'mlp1_alpha': np.float64(0.0005685760875727715), 'mlp1_hidden_layers': (768, 256, 128), 'mlp1_learning_rate': 'adaptive', 'mlp1_learning_rate_init': np.float64(0.022200725025674033), 'mlp1_max_iter': 1102, 'mlp1_solver': 'sgd', 'mlp2_activation': 'relu', 'mlp2_alpha': np.float64(0.0006707866879881904), 'mlp2_hidden_layers': (128,), 'mlp2_learning_rate': 'adaptive', 'mlp2_learning_rate_init': np.float64(0.0001207975097144701), 'mlp2_max_iter': 1198, 'mlp2_solver': 'sgd', 'mlp3_activation': 'tanh', 'mlp3_alpha': np.float64(3.984178180978951e-05), 'mlp3_hidden_layers': (100, 50, 25), 'mlp3_learning_rate': 'constant', 'mlp3_learning_rate_init': np.float64(0.0014689362902519315), 'mlp3_max_iter': 1028, 'mlp3_solver': 'lbfgs'}",logistic,0.0005685760875727715,"(768, 256, 128)",adaptive,0.022200725025674033,1102,sgd,relu,0.0006707866879881904,"(128,)",adaptive,0.0001207975097144701,1198,sgd,tanh,3.984178180978951e-05,"(100, 50, 25)",constant,0.0014689362902519315,1028,lbfgs
9,0,0.462336155820973,0.043403974149099835,1.0,0.0,"{'mlp1_activation': 'relu', 'mlp1_alpha': np.float64(0.0002679541753916651), 'mlp1_hidden_layers': (1024, 256, 128), 'mlp1_learning_rate': 'constant', 'mlp1_learning_rate_init': np.float64(0.00016497169912418856), 'mlp1_max_iter': 597, 'mlp1_solver': 'sgd', 'mlp2_activation': 'logistic', 'mlp2_alpha': np.float64(2.6840009118477187e-05), 'mlp2_hidden_layers': (256,), 'mlp2_learning_rate': 'adaptive', 'mlp2_learning_rate_init': np.float64(0.00031949385534502095), 'mlp2_max_iter': 1494, 'mlp2_solver': 'sgd', 'mlp3_activation': 'logistic', 'mlp3_alpha': np.float64(0.07074770251905188), 'mlp3_hidden_layers': (100, 50, 25), 'mlp3_learning_rate': 'constant', 'mlp3_learning_rate_init': np.float64(0.00019218756472958064), 'mlp3_max_iter': 1015, 'mlp3_solver': 'lbfgs'}",relu,0.0002679541753916651,"(1024, 256, 128)",constant,0.00016497169912418856,597,sgd,logistic,2.6840009118477187e-05,"(256,)",adaptive,0.00031949385534502095,1494,sgd,logistic,0.07074770251905188,"(100, 50, 25)",constant,0.00019218756472958064,1015,lbfgs
9,1,0.5990016830979126,0.043665430423175645,1.0,0.0,"{'mlp1_activation': 'relu', 'mlp1_alpha': np.float64(1.9055600219507075e-05), 'mlp1_hidden_layers': (1024, 256), 'mlp1_learning_rate': 'adaptive', 'mlp1_learning_rate_init': np.float64(0.08943757712996477), 'mlp1_max_iter': 1353, 'mlp1_solver': 'adam', 'mlp2_activation': 'relu', 'mlp2_alpha': np.float64(0.0031543051317731345), 'mlp2_hidden_layers': (256,), 'mlp2_learning_rate': 'constant', 'mlp2_learning_rate_init': np.float64(0.00038907886143108115), 'mlp2_max_iter': 1396, 'mlp2_solver': 'lbfgs', 'mlp3_activation': 'relu', 'mlp3_alpha': np.float64(0.0010721887754519552), 'mlp3_hidden_layers': (100, 50, 25), 'mlp3_learning_rate': 'constant', 'mlp3_learning_rate_init': np.float64(0.00020339050206280595), 'mlp3_max_iter': 635, 'mlp3_solver': 'lbfgs'}",relu,1.9055600219507075e-05,"(1024, 256)",adaptive,0.08943757712996477,1353,adam,relu,0.0031543051317731345,"(256,)",constant,0.00038907886143108115,1396,lbfgs,relu,0.0010721887754519552,"(100, 50, 25)",constant,0.00020339050206280595,635,lbfgs
9,2,0.42639575139158936,0.020061468943667962,0.999240129554923,0.0006759585554954065,"{'mlp1_activation': 'relu', 'mlp1_alpha': np.float64(3.232828035151826e-05), 'mlp1_hidden_layers': (1024, 256, 128), 'mlp1_learning_rate': 'constant', 'mlp1_learning_rate_init': np.float64(0.00011203448936022055), 'mlp1_max_iter': 841, 'mlp1_solver': 'adam', 'mlp2_activation': 'tanh', 'mlp2_alpha': np.float64(0.054909953225853854), 'mlp2_hidden_layers': (256, 128), 'mlp2_learning_rate': 'adaptive', 'mlp2_learning_rate_init': np.float64(0.003909748746605307), 'mlp2_max_iter': 1319, 'mlp2_solver': 'lbfgs', 'mlp3_activation': 'tanh', 'mlp3_alpha': np.float64(0.08323210157697403), 'mlp3_hidden_layers': (100, 50), 'mlp3_learning_rate': 'adaptive', 'mlp3_learning_rate_init': np.float64(0.003632860124755514), 'mlp3_max_iter': 547, 'mlp3_solver': 'adam'}",relu,3.232828035151826e-05,"(1024, 256, 128)",constant,0.00011203448936022055,841,adam,tanh,0.054909953225853854,"(256, 128)",adaptive,0.003909748746605307,1319,lbfgs,tanh,0.08323210157697403,"(100, 50)",adaptive,0.003632860124755514,547,adam
9,3,0.6201963262981824,0.03510177884936763,0.9978930438904969,0.0004922759670323022,"{'mlp1_activation': 'relu', 'mlp1_alpha': np.float64(6.152004192004047e-05), 'mlp1_hidden_layers': (768, 256), 'mlp1_learning_rate': 'adaptive', 'mlp1_learning_rate_init': np.float64(0.0011671367480729318), 'mlp1_max_iter': 967, 'mlp1_solver': 'adam', 'mlp2_activation': 'relu', 'mlp2_alpha': np.float64(0.0067796836671777895), 'mlp2_hidden_layers': (128,), 'mlp2_learning_rate': 'adaptive', 'mlp2_learning_rate_init': np.float64(0.00869448813882069), 'mlp2_max_iter': 1322, 'mlp2_solver': 'lbfgs', 'mlp3_activation': 'tanh', 'mlp3_alpha': np.float64(0.027757184400335148), 'mlp3_hidden_layers': (50,), 'mlp3_learning_rate': 'constant', 'mlp3_learning_rate_init': np.float64(0.0001742653281396852), 'mlp3_max_iter': 518, 'mlp3_solver': 'adam'}",relu,6.152004192004047e-05,"(768, 256)",adaptive,0.0011671367480729318,967,adam,relu,0.0067796836671777895,"(128,)",adaptive,0.00869448813882069,1322,lbfgs,tanh,0.027757184400335148,"(50,)",constant,0.0001742653281396852,518,adam
9,4,0.3419344330035979,0.04503807703031163,0.7240023143110446,0.03709476462346445,"{'mlp1_activation': 'logistic', 'mlp1_alpha': np.float64(0.004142087825677075), 'mlp1_hidden_layers': (1024, 256), 'mlp1_learning_rate': 'adaptive', 'mlp1_learning_rate_init': np.float64(0.0004283659578043667), 'mlp1_max_iter': 843, 'mlp1_solver': 'adam', 'mlp2_activation': 'logistic', 'mlp2_alpha': np.float64(0.06649415504028326), 'mlp2_hidden_layers': (256, 128, 64), 'mlp2_learning_rate': 'constant', 'mlp2_learning_rate_init': np.float64(0.00019261266754799363), 'mlp2_max_iter': 1228, 'mlp2_solver': 'adam', 'mlp3_activation': 'logistic', 'mlp3_alpha': np.float64(5.5272340777586375e-05), 'mlp3_hidden_layers': (100, 50), 'mlp3_learning_rate': 'constant', 'mlp3_learning_rate_init': np.float64(0.000861151858449805), 'mlp3_max_iter': 1187, 'mlp3_solver': 'adam'}",logistic,0.004142087825677075,"(1024, 256)",adaptive,0.0004283659578043667,843,adam,logistic,0.06649415504028326,"(256, 128, 64)",constant,0.00019261266754799363,1228,adam,logistic,5.5272340777586375e-05,"(100, 50)",constant,0.000861151858449805,1187,adam
10,0,0.6096790013386679,0.039360010056710804,0.998400856152984,0.0015046100233611962,"{'mlp1_activation': 'relu', 'mlp1_alpha': np.float64(2.1977517331318178e-05), 'mlp1_hidden_layers': (512, 256, 128), 'mlp1_learning_rate': 'constant', 'mlp1_learning_rate_init': np.float64(0.0005005686060480688), 'mlp1_max_iter': 1056, 'mlp1_solver': 'adam', 'mlp2_activation': 'relu', 'mlp2_alpha': np.float64(0.00025284686873695497), 'mlp2_hidden_layers': (256, 128, 64), 'mlp2_learning_rate': 'adaptive', 'mlp2_learning_rate_init': np.float64(0.05665114081427448), 'mlp2_max_iter': 1208, 'mlp2_solver': 'sgd', 'mlp3_activation': 'tanh', 'mlp3_alpha': np.float64(0.017656392899747016), 'mlp3_hidden_layers': (50, 25), 'mlp3_learning_rate': 'adaptive', 'mlp3_learning_rate_init': np.float64(0.003437553191902505), 'mlp3_max_iter': 809, 'mlp3_solver': 'lbfgs'}",relu,2.1977517331318178e-05,"(512, 256, 128)",constant,0.0005005686060480688,1056,adam,relu,0.00025284686873695497,"(256, 128, 64)",adaptive,0.05665114081427448,1208,sgd,tanh,0.017656392899747016,"(50, 25)",adaptive,0.003437553191902505,809,lbfgs
10,1,0.5854896867165802,0.03009940270744396,1.0,0.0,"{'mlp1_activation': 'relu', 'mlp1_alpha': np.float64(0.008639179936070164), 'mlp1_hidden_layers': (768, 256, 128), 'mlp1_learning_rate': 'adaptive', 'mlp1_learning_rate_init': np.float64(0.0020760057751148917), 'mlp1_max_iter': 706, 'mlp1_solver': 'sgd', 'mlp2_activation': 'relu', 'mlp2_alpha': np.float64(0.0006413375291318108), 'mlp2_hidden_layers': (128,), 'mlp2_learning_rate': 'constant', 'mlp2_learning_rate_init': np.float64(0.010522845480233618), 'mlp2_max_iter': 1097, 'mlp2_solver': 'lbfgs', 'mlp3_activation': 'tanh', 'mlp3_alpha': np.float64(0.0017027281194363828), 'mlp3_hidden_layers': (50,), 'mlp3_learning_rate': 'adaptive', 'mlp3_learning_rate_init': np.float64(0.00012417865789325993), 'mlp3_max_iter': 542, 'mlp3_solver': 'lbfgs'}",relu,0.008639179936070164,"(768, 256, 128)",adaptive,0.0020760057751148917,706,sgd,relu,0.0006413375291318108,"(128,)",constant,0.010522845480233618,1097,lbfgs,tanh,0.0017027281194363828,"(50,)",adaptive,0.00012417865789325993,542,lbfgs
10,2,0.5557710216989318,0.045344330099290564,1.0,0.0,"{'mlp1_activation': 'logistic', 'mlp1_alpha': np.float64(0.005120048624881038), 'mlp1_hidden_layers': (1024, 256, 128), 'mlp1_learning_rate': 'adaptive', 'mlp1_learning_rate_init': np.float64(0.031512024613700076), 'mlp1_max_iter': 650, 'mlp1_solver': 'adam', 'mlp2_activation': 'tanh', 'mlp2_alpha': np.float64(0.008798437346699743), 'mlp2_hidden_layers': (256,), 'mlp2_learning_rate': 'adaptive', 'mlp2_learning_rate_init': np.float64(0.00023766932865536259), 'mlp2_max_iter': 1147, 'mlp2_solver': 'adam', 'mlp3_activation': 'relu', 'mlp3_alpha': np.float64(2.0286487248386954e-05), 'mlp3_hidden_layers': (50,), 'mlp3_learning_rate': 'constant', 'mlp3_learning_rate_init': np.float64(0.00046267417990581203), 'mlp3_max_iter': 1138, 'mlp3_solver': 'lbfgs'}",logistic,0.005120048624881038,"(1024, 256, 128)",adaptive,0.031512024613700076,650,adam,tanh,0.008798437346699743,"(256,)",adaptive,0.00023766932865536259,1147,adam,relu,2.0286487248386954e-05,"(50,)",constant,0.00046267417990581203,1138,lbfgs
10,3,0.6079615395780493,0.018039873639732095,0.9978069276165975,0.0013714067002855933,"{'mlp1_activation': 'logistic', 'mlp1_alpha': np.float64(0.0006401173156229731), 'mlp1_hidden_layers': (768, 256), 'mlp1_learning_rate': 'adaptive', 'mlp1_learning_rate_init': np.float64(0.0015535005995354115), 'mlp1_max_iter': 1143, 'mlp1_solver': 'adam', 'mlp2_activation': 'relu', 'mlp2_alpha': np.float64(5.542456127449478e-05), 'mlp2_hidden_layers': (256, 128, 64), 'mlp2_learning_rate': 'adaptive', 'mlp2_learning_rate_init': np.float64(0.00013536555312027325), 'mlp2_max_iter': 1178, 'mlp2_solver': 'lbfgs', 'mlp3_activation': 'relu', 'mlp3_alpha': np.float64(0.0003941898712379709), 'mlp3_hidden_layers': (100, 50, 25), 'mlp3_learning_rate': 'constant', 'mlp3_learning_rate_init': np.float64(0.00683150653904271), 'mlp3_max_iter': 1207, 'mlp3_solver': 'adam'}",logistic,0.0006401173156229731,"(768, 256)",adaptive,0.0015535005995354115,1143,adam,relu,5.542456127449478e-05,"(256, 128, 64)",adaptive,0.00013536555312027325,1178,lbfgs,relu,0.0003941898712379709,"(100, 50, 25)",constant,0.00683150653904271,1207,adam
10,4,0.6094737099402823,0.03514772732855251,0.9960044416582761,0.0013765800795453777,"{'mlp1_activation': 'relu', 'mlp1_alpha': np.float64(4.643399984160726e-05), 'mlp1_hidden_layers': (1024, 256), 'mlp1_learning_rate': 'adaptive', 'mlp1_learning_rate_init': np.float64(0.0050918659119539396), 'mlp1_max_iter': 1414, 'mlp1_solver': 'adam', 'mlp2_activation': 'logistic', 'mlp2_alpha': np.float64(0.013355992455243552), 'mlp2_hidden_layers': (256,), 'mlp2_learning_rate': 'adaptive', 'mlp2_learning_rate_init': np.float64(0.0034380474911049033), 'mlp2_max_iter': 512, 'mlp2_solver': 'sgd', 'mlp3_activation': 'relu', 'mlp3_alpha': np.float64(0.020232076248314856), 'mlp3_hidden_layers': (100, 50), 'mlp3_learning_rate': 'constant', 'mlp3_learning_rate_init': np.float64(0.0013620435065747544), 'mlp3_max_iter': 812, 'mlp3_solver': 'lbfgs'}",relu,4.643399984160726e-05,"(1024, 256)",adaptive,0.0050918659119539396,1414,adam,logistic,0.013355992455243552,"(256,)",adaptive,0.0034380474911049033,512,sgd,relu,0.020232076248314856,"(100, 50)",constant,0.0013620435065747544,812,lbfgs
11,0,0.485751093049705,0.025891987095504394,1.0,0.0,"{'mlp1_activation': 'tanh', 'mlp1_alpha': np.float64(4.2539516054090696e-05), 'mlp1_hidden_layers': (1024, 256), 'mlp1_learning_rate': 'adaptive', 'mlp1_learning_rate_init': np.float64(0.07539368061945668), 'mlp1_max_iter': 1404, 'mlp1_solver': 'sgd', 'mlp2_activation': 'tanh', 'mlp2_alpha': np.float64(0.01629710666986318), 'mlp2_hidden_layers': (256, 128, 64), 'mlp2_learning_rate': 'adaptive', 'mlp2_learning_rate_init': np.float64(0.05368789477279721), 'mlp2_max_iter': 1304, 'mlp2_solver': 'lbfgs', 'mlp3_activation': 'relu', 'mlp3_alpha': np.float64(0.000703840928326654), 'mlp3_hidden_layers': (50,), 'mlp3_learning_rate': 'adaptive', 'mlp3_learning_rate_init': np.float64(0.049999522812561516), 'mlp3_max_iter': 1124, 'mlp3_solver': 'lbfgs'}",tanh,4.2539516054090696e-05,"(1024, 256)",adaptive,0.07539368061945668,1404,sgd,tanh,0.01629710666986318,"(256, 128, 64)",adaptive,0.05368789477279721,1304,lbfgs,relu,0.000703840928326654,"(50,)",adaptive,0.049999522812561516,1124,lbfgs
11,1,0.26795061920552177,0.03317609479744328,0.8326371038966892,0.09292329115328614,"{'mlp1_activation': 'relu', 'mlp1_alpha': np.float64(0.05178484207993379), 'mlp1_hidden_layers': (1024, 384, 128), 'mlp1_learning_rate': 'adaptive', 'mlp1_learning_rate_init': np.float64(0.043381585721063085), 'mlp1_max_iter': 1425, 'mlp1_solver': 'adam', 'mlp2_activation': 'tanh', 'mlp2_alpha': np.float64(2.3677620802960654e-05), 'mlp2_hidden_layers': (128, 64), 'mlp2_learning_rate': 'constant', 'mlp2_learning_rate_init': np.float64(0.00836339536190918), 'mlp2_max_iter': 1412, 'mlp2_solver': 'adam', 'mlp3_activation': 'tanh', 'mlp3_alpha': np.float64(0.000625870657840331), 'mlp3_hidden_layers': (50, 25), 'mlp3_learning_rate': 'adaptive', 'mlp3_learning_rate_init': np.float64(0.0047178452494788265), 'mlp3_max_iter': 603, 'mlp3_solver': 'adam'}",relu,0.05178484207993379,"(1024, 384, 128)",adaptive,0.043381585721063085,1425,adam,tanh,2.3677620802960654e-05,"(128, 64)",constant,0.00836339536190918,1412,adam,tanh,0.000625870657840331,"(50, 25)",adaptive,0.0047178452494788265,603,adam
11,2,0.6042888649146466,0.031599402156184925,0.9966583970361225,0.0017112293608260104,"{'mlp1_activation': 'relu', 'mlp1_alpha': np.float64(0.017637766147413764), 'mlp1_hidden_layers': (768, 256, 128), 'mlp1_learning_rate': 'adaptive', 'mlp1_learning_rate_init': np.float64(0.006285787383571523), 'mlp1_max_iter': 724, 'mlp1_solver': 'adam', 'mlp2_activation': 'tanh', 'mlp2_alpha': np.float64(0.01279826336845247), 'mlp2_hidden_layers': (128,), 'mlp2_learning_rate': 'constant', 'mlp2_learning_rate_init': np.float64(0.00447859614708238), 'mlp2_max_iter': 1148, 'mlp2_solver': 'sgd', 'mlp3_activation': 'relu', 'mlp3_alpha': np.float64(1.7413647326652585e-05), 'mlp3_hidden_layers': (100, 50), 'mlp3_learning_rate': 'adaptive', 'mlp3_learning_rate_init': np.float64(0.0010119391329800837), 'mlp3_max_iter': 1149, 'mlp3_solver': 'lbfgs'}",relu,0.017637766147413764,"(768, 256, 128)",adaptive,0.006285787383571523,724,adam,tanh,0.01279826336845247,"(128,)",constant,0.00447859614708238,1148,sgd,relu,1.7413647326652585e-05,"(100, 50)",adaptive,0.0010119391329800837,1149,lbfgs
11,3,0.533811770869703,0.028663621573590325,1.0,0.0,"{'mlp1_activation': 'tanh', 'mlp1_alpha': np.float64(0.0001247767745692369), 'mlp1_hidden_layers': (768, 256, 128), 'mlp1_learning_rate': 'adaptive', 'mlp1_learning_rate_init': np.float64(0.006290480759278872), 'mlp1_max_iter': 1106, 'mlp1_solver': 'sgd', 'mlp2_activation': 'relu', 'mlp2_alpha': np.float64(0.01975249218683548), 'mlp2_hidden_layers': (128, 64), 'mlp2_learning_rate': 'adaptive', 'mlp2_learning_rate_init': np.float64(0.011968180896525875), 'mlp2_max_iter': 1327, 'mlp2_solver': 'lbfgs', 'mlp3_activation': 'logistic', 'mlp3_alpha': np.float64(0.012468637991703557), 'mlp3_hidden_layers': (50, 25), 'mlp3_learning_rate': 'constant', 'mlp3_learning_rate_init': np.float64(0.012623576098180876), 'mlp3_max_iter': 606, 'mlp3_solver': 'lbfgs'}",tanh,0.0001247767745692369,"(768, 256, 128)",adaptive,0.006290480759278872,1106,sgd,relu,0.01975249218683548,"(128, 64)",adaptive,0.011968180896525875,1327,lbfgs,logistic,0.012468637991703557,"(50, 25)",constant,0.012623576098180876,606,lbfgs
11,4,0.5908201366695031,0.02772203180183406,0.9999061669834134,0.00018766603317295073,"{'mlp1_activation': 'logistic', 'mlp1_alpha': np.float64(0.00017553202114202986), 'mlp1_hidden_layers': (1024, 384, 128), 'mlp1_learning_rate': 'constant', 'mlp1_learning_rate_init': np.float64(0.00011950904357206296), 'mlp1_max_iter': 933, 'mlp1_solver': 'adam', 'mlp2_activation': 'tanh', 'mlp2_alpha': np.float64(2.5540628941670086e-05), 'mlp2_hidden_layers': (256, 128, 64), 'mlp2_learning_rate': 'adaptive', 'mlp2_learning_rate_init': np.float64(0.00022643005117893125), 'mlp2_max_iter': 546, 'mlp2_solver': 'adam', 'mlp3_activation': 'relu', 'mlp3_alpha': np.float64(0.01521064160613859), 'mlp3_hidden_layers': (50,), 'mlp3_learning_rate': 'adaptive', 'mlp3_learning_rate_init': np.float64(0.0007126228138734353), 'mlp3_max_iter': 834, 'mlp3_solver': 'lbfgs'}",logistic,0.00017553202114202986,"(1024, 384, 128)",constant,0.00011950904357206296,933,adam,tanh,2.5540628941670086e-05,"(256, 128, 64)",adaptive,0.00022643005117893125,546,adam,relu,0.01521064160613859,"(50,)",adaptive,0.0007126228138734353,834,lbfgs
12,0,0.5830810293817473,0.04196643948802908,1.0,0.0,"{'mlp1_activation': 'tanh', 'mlp1_alpha': np.float64(0.00048762296982635605), 'mlp1_hidden_layers': (1024, 384, 128), 'mlp1_learning_rate': 'adaptive', 'mlp1_learning_rate_init': np.float64(0.0004268699570102032), 'mlp1_max_iter': 1294, 'mlp1_solver': 'sgd', 'mlp2_activation': 'relu', 'mlp2_alpha': np.float64(0.023034550577366905), 'mlp2_hidden_layers': (256, 128, 64), 'mlp2_learning_rate': 'adaptive', 'mlp2_learning_rate_init': np.float64(0.00026079472655964406), 'mlp2_max_iter': 1022, 'mlp2_solver': 'lbfgs', 'mlp3_activation': 'relu', 'mlp3_alpha': np.float64(0.00032475413635383167), 'mlp3_hidden_layers': (50, 25), 'mlp3_learning_rate': 'adaptive', 'mlp3_learning_rate_init': np.float64(0.0006911155218331535), 'mlp3_max_iter': 903, 'mlp3_solver': 'lbfgs'}",tanh,0.00048762296982635605,"(1024, 384, 128)",adaptive,0.0004268699570102032,1294,sgd,relu,0.023034550577366905,"(256, 128, 64)",adaptive,0.00026079472655964406,1022,lbfgs,relu,0.00032475413635383167,"(50, 25)",adaptive,0.0006911155218331535,903,lbfgs
12,1,0.4289247062713666,0.0387383461917291,0.8316600102958779,0.08990702148930037,"{'mlp1_activation': 'relu', 'mlp1_alpha': np.float64(0.052558048974098076), 'mlp1_hidden_layers': (768, 256, 128), 'mlp1_learning_rate': 'constant', 'mlp1_learning_rate_init': np.float64(0.0003126165762089105), 'mlp1_max_iter': 1403, 'mlp1_solver': 'sgd', 'mlp2_activation': 'tanh', 'mlp2_alpha': np.float64(2.2023150023036117e-05), 'mlp2_hidden_layers': (128, 64), 'mlp2_learning_rate': 'adaptive', 'mlp2_learning_rate_init': np.float64(0.0018755928910454689), 'mlp2_max_iter': 1065, 'mlp2_solver': 'adam', 'mlp3_activation': 'logistic', 'mlp3_alpha': np.float64(3.013515806279931e-05), 'mlp3_hidden_layers': (50,), 'mlp3_learning_rate': 'adaptive', 'mlp3_learning_rate_init': np.float64(0.00017603638500705997), 'mlp3_max_iter': 807, 'mlp3_solver': 'adam'}",relu,0.052558048974098076,"(768, 256, 128)",constant,0.0003126165762089105,1403,sgd,tanh,2.2023150023036117e-05,"(128, 64)",adaptive,0.0018755928910454689,1065,adam,logistic,3.013515806279931e-05,"(50,)",adaptive,0.00017603638500705997,807,adam
12,2,0.6061906621137602,0.03489299402965868,0.9977254940445139,0.0012750320480492048,"{'mlp1_activation': 'relu', 'mlp1_alpha': np.float64(0.03723811923252391), 'mlp1_hidden_layers': (512, 256, 128), 'mlp1_learning_rate': 'adaptive', 'mlp1_learning_rate_init': np.float64(0.03650499545258185), 'mlp1_max_iter': 695, 'mlp1_solver': 'sgd', 'mlp2_activation': 'relu', 'mlp2_alpha': np.float64(0.022866535209417865), 'mlp2_hidden_layers': (256, 128, 64), 'mlp2_learning_rate': 'adaptive', 'mlp2_learning_rate_init': np.float64(0.0018363585094304355), 'mlp2_max_iter': 951, 'mlp2_solver': 'adam', 'mlp3_activation': 'tanh', 'mlp3_alpha': np.float64(0.0714566044228259), 'mlp3_hidden_layers': (100, 50, 25), 'mlp3_learning_rate': 'constant', 'mlp3_learning_rate_init': np.float64(0.007318353921747417), 'mlp3_max_iter': 838, 'mlp3_solver': 'lbfgs'}",relu,0.03723811923252391,"(512, 256, 128)",adaptive,0.03650499545258185,695,sgd,relu,0.022866535209417865,"(256, 128, 64)",adaptive,0.0018363585094304355,951,adam,tanh,0.0714566044228259,"(100, 50, 25)",constant,0.007318353921747417,838,lbfgs
12,3,0.18077814689414123,0.014885033690376262,0.5732106733881597,0.07961830572636129,"{'mlp1_activation': 'relu', 'mlp1_alpha': np.float64(0.09845873564223381), 'mlp1_hidden_layers': (512, 256, 128), 'mlp1_learning_rate': 'constant', 'mlp1_learning_rate_init': np.float64(0.06347971140732875), 'mlp1_max_iter': 711, 'mlp1_solver': 'adam', 'mlp2_activation': 'tanh', 'mlp2_alpha': np.float64(6.155720580027317e-05), 'mlp2_hidden_layers': (256,), 'mlp2_learning_rate': 'constant', 'mlp2_learning_rate_init': np.float64(0.002214530199935627), 'mlp2_max_iter': 675, 'mlp2_solver': 'sgd', 'mlp3_activation': 'tanh', 'mlp3_alpha': np.float64(3.502638890899693e-05), 'mlp3_hidden_layers': (50, 25), 'mlp3_learning_rate': 'constant', 'mlp3_learning_rate_init': np.float64(0.002674105159875898), 'mlp3_max_iter': 655, 'mlp3_solver': 'adam'}",relu,0.09845873564223381,"(512, 256, 128)",constant,0.06347971140732875,711,adam,tanh,6.155720580027317e-05,"(256,)",constant,0.002214530199935627,675,sgd,tanh,3.502638890899693e-05,"(50, 25)",constant,0.002674105159875898,655,adam
12,4,0.5910988108882896,0.04183444102821784,0.9533948279556613,0.007773360918667093,"{'mlp1_activation': 'relu', 'mlp1_alpha': np.float64(0.0077733541259023325), 'mlp1_hidden_layers': (768, 256, 128), 'mlp1_learning_rate': 'constant', 'mlp1_learning_rate_init': np.float64(0.008379422793577524), 'mlp1_max_iter': 906, 'mlp1_solver': 'adam', 'mlp2_activation': 'logistic', 'mlp2_alpha': np.float64(2.2399983094543096e-05), 'mlp2_hidden_layers': (256, 128), 'mlp2_learning_rate': 'adaptive', 'mlp2_learning_rate_init': np.float64(0.0026779024362580946), 'mlp2_max_iter': 1237, 'mlp2_solver': 'sgd', 'mlp3_activation': 'relu', 'mlp3_alpha': np.float64(0.0024689916415635044), 'mlp3_hidden_layers': (100, 50), 'mlp3_learning_rate': 'constant', 'mlp3_learning_rate_init': np.float64(0.00016334346576615016), 'mlp3_max_iter': 858, 'mlp3_solver': 'adam'}",relu,0.0077733541259023325,"(768, 256, 128)",constant,0.008379422793577524,906,adam,logistic,2.2399983094543096e-05,"(256, 128)",adaptive,0.0026779024362580946,1237,sgd,relu,0.0024689916415635044,"(100, 50)",constant,0.00016334346576615016,858,adam
13,0,0.6016700276420137,0.025873085214679962,0.998946173420794,0.0006740115629179196,"{'mlp1_activation': 'relu', 'mlp1_alpha': np.float64(7.132293807910563e-05), 'mlp1_hidden_layers': (768, 256, 128), 'mlp1_learning_rate': 'constant', 'mlp1_learning_rate_init': np.float64(0.01353951944005348), 'mlp1_max_iter': 674, 'mlp1_solver': 'sgd', 'mlp2_activation': 'logistic', 'mlp2_alpha': np.float64(1.872979539876671e-05), 'mlp2_hidden_layers': (256, 128, 64), 'mlp2_learning_rate': 'constant', 'mlp2_learning_rate_init': np.float64(0.0016716140737483263), 'mlp2_max_iter': 588, 'mlp2_solver': 'sgd', 'mlp3_activation': 'relu', 'mlp3_alpha': np.float64(3.304244930836378e-05), 'mlp3_hidden_layers': (100, 50, 25), 'mlp3_learning_rate': 'adaptive', 'mlp3_learning_rate_init': np.float64(0.00039756741266161954), 'mlp3_max_iter': 691, 'mlp3_solver': 'lbfgs'}",relu,7.132293807910563e-05,"(768, 256, 128)",constant,0.01353951944005348,674,sgd,logistic,1.872979539876671e-05,"(256, 128, 64)",constant,0.0016716140737483263,588,sgd,relu,3.304244930836378e-05,"(100, 50, 25)",adaptive,0.00039756741266161954,691,lbfgs
13,1,0.5772264915484822,0.034135693050296685,1.0,0.0,"{'mlp1_activation': 'logistic', 'mlp1_alpha': np.float64(4.530649892702733e-05), 'mlp1_hidden_layers': (768, 256), 'mlp1_learning_rate': 'constant', 'mlp1_learning_rate_init': np.float64(0.003984190148567868), 'mlp1_max_iter': 1075, 'mlp1_solver': 'sgd', 'mlp2_activation': 'logistic', 'mlp2_alpha': np.float64(0.061908458264666434), 'mlp2_hidden_layers': (256, 128), 'mlp2_learning_rate': 'constant', 'mlp2_learning_rate_init': np.float64(0.00024568272808170197), 'mlp2_max_iter': 859, 'mlp2_solver': 'lbfgs', 'mlp3_activation': 'relu', 'mlp3_alpha': np.float64(0.005328736032111061), 'mlp3_hidden_layers': (100, 50), 'mlp3_learning_rate': 'constant', 'mlp3_learning_rate_init': np.float64(0.002686944606450619), 'mlp3_max_iter': 1342, 'mlp3_solver': 'lbfgs'}",logistic,4.530649892702733e-05,"(768, 256)",constant,0.003984190148567868,1075,sgd,logistic,0.061908458264666434,"(256, 128)",constant,0.00024568272808170197,859,lbfgs,relu,0.005328736032111061,"(100, 50)",constant,0.002686944606450619,1342,lbfgs
13,2,0.5886881872259131,0.014998049262534122,0.9972332461636461,0.0007790358437127442,"{'mlp1_activation': 'tanh', 'mlp1_alpha': np.float64(0.0008279614847689301), 'mlp1_hidden_layers': (768, 256), 'mlp1_learning_rate': 'constant', 'mlp1_learning_rate_init': np.float64(0.07280150060257977), 'mlp1_max_iter': 778, 'mlp1_solver': 'sgd', 'mlp2_activation': 'relu', 'mlp2_alpha': np.float64(0.00021040035721946518), 'mlp2_hidden_layers': (256, 128, 64), 'mlp2_learning_rate': 'adaptive', 'mlp2_learning_rate_init': np.float64(0.001944657426023396), 'mlp2_max_iter': 905, 'mlp2_solver': 'lbfgs', 'mlp3_activation': 'tanh', 'mlp3_alpha': np.float64(0.036859655610104514), 'mlp3_hidden_layers': (50,), 'mlp3_learning_rate': 'adaptive', 'mlp3_learning_rate_init': np.float64(0.00832172409948626), 'mlp3_max_iter': 564, 'mlp3_solver': 'adam'}",tanh,0.0008279614847689301,"(768, 256)",constant,0.07280150060257977,778,sgd,relu,0.00021040035721946518,"(256, 128, 64)",adaptive,0.001944657426023396,905,lbfgs,tanh,0.036859655610104514,"(50,)",adaptive,0.00832172409948626,564,adam
13,3,0.22640613388785305,0.016623422800776118,0.8217728954736044,0.09356253000492401,"{'mlp1_activation': 'logistic', 'mlp1_alpha': np.float64(0.002751076032288567), 'mlp1_hidden_layers': (768, 256, 128), 'mlp1_learning_rate': 'adaptive', 'mlp1_learning_rate_init': np.float64(0.005215539654569441), 'mlp1_max_iter': 1493, 'mlp1_solver': 'sgd', 'mlp2_activation': 'tanh', 'mlp2_alpha': np.float64(0.00889239694552592), 'mlp2_hidden_layers': (256, 128, 64), 'mlp2_learning_rate': 'constant', 'mlp2_learning_rate_init': np.float64(0.030678671616651124), 'mlp2_max_iter': 1362, 'mlp2_solver': 'sgd', 'mlp3_activation': 'tanh', 'mlp3_alpha': np.float64(0.004928302593888156), 'mlp3_hidden_layers': (50,), 'mlp3_learning_rate': 'constant', 'mlp3_learning_rate_init': np.float64(0.001597971604344962), 'mlp3_max_iter': 693, 'mlp3_solver': 'adam'}",logistic,0.002751076032288567,"(768, 256, 128)",adaptive,0.005215539654569441,1493,sgd,tanh,0.00889239694552592,"(256, 128, 64)",constant,0.030678671616651124,1362,sgd,tanh,0.004928302593888156,"(50,)",constant,0.001597971604344962,693,adam
13,4,0.2839145729383631,0.03408814691559923,0.9993855347959965,0.0005863818683771568,"{'mlp1_activation': 'tanh', 'mlp1_alpha': np.float64(0.0015454444851105606), 'mlp1_hidden_layers': (768, 256, 128), 'mlp1_learning_rate': 'adaptive', 'mlp1_learning_rate_init': np.float64(0.0014049202940790892), 'mlp1_max_iter': 1317, 'mlp1_solver': 'adam', 'mlp2_activation': 'logistic', 'mlp2_alpha': np.float64(4.72103466919035e-05), 'mlp2_hidden_layers': (128,), 'mlp2_learning_rate': 'adaptive', 'mlp2_learning_rate_init': np.float64(0.011185308623539444), 'mlp2_max_iter': 773, 'mlp2_solver': 'sgd', 'mlp3_activation': 'tanh', 'mlp3_alpha': np.float64(1.992442391838291e-05), 'mlp3_hidden_layers': (100, 50, 25), 'mlp3_learning_rate': 'constant', 'mlp3_learning_rate_init': np.float64(0.00028300965059065066), 'mlp3_max_iter': 1439, 'mlp3_solver': 'lbfgs'}",tanh,0.0015454444851105606,"(768, 256, 128)",adaptive,0.0014049202940790892,1317,adam,logistic,4.72103466919035e-05,"(128,)",adaptive,0.011185308623539444,773,sgd,tanh,1.992442391838291e-05,"(100, 50, 25)",constant,0.00028300965059065066,1439,lbfgs
14,0,0.44669534156260615,0.06687911982224225,1.0,0.0,"{'mlp1_activation': 'logistic', 'mlp1_alpha': np.float64(0.0007330426980581159), 'mlp1_hidden_layers': (1024, 384, 128), 'mlp1_learning_rate': 'adaptive', 'mlp1_learning_rate_init': np.float64(0.000244238299278066), 'mlp1_max_iter': 828, 'mlp1_solver': 'sgd', 'mlp2_activation': 'logistic', 'mlp2_alpha': np.float64(0.06873629613876686), 'mlp2_hidden_layers': (256, 128, 64), 'mlp2_learning_rate': 'adaptive', 'mlp2_learning_rate_init': np.float64(0.0030790734343235904), 'mlp2_max_iter': 1321, 'mlp2_solver': 'lbfgs', 'mlp3_activation': 'tanh', 'mlp3_alpha': np.float64(0.00045854001739017655), 'mlp3_hidden_layers': (50,), 'mlp3_learning_rate': 'adaptive', 'mlp3_learning_rate_init': np.float64(0.00072880997216211), 'mlp3_max_iter': 1061, 'mlp3_solver': 'adam'}",logistic,0.0007330426980581159,"(1024, 384, 128)",adaptive,0.000244238299278066,828,sgd,logistic,0.06873629613876686,"(256, 128, 64)",adaptive,0.0030790734343235904,1321,lbfgs,tanh,0.00045854001739017655,"(50,)",adaptive,0.00072880997216211,1061,adam
14,1,0.5676578065650635,0.0455578528909372,0.9620226342671817,0.016136772946631902,"{'mlp1_activation': 'tanh', 'mlp1_alpha': np.float64(0.09741166555081551), 'mlp1_hidden_layers': (512, 256, 128), 'mlp1_learning_rate': 'constant', 'mlp1_learning_rate_init': np.float64(0.01630412990462156), 'mlp1_max_iter': 649, 'mlp1_solver': 'sgd', 'mlp2_activation': 'relu', 'mlp2_alpha': np.float64(0.0004807746794040134), 'mlp2_hidden_layers': (128, 64), 'mlp2_learning_rate': 'constant', 'mlp2_learning_rate_init': np.float64(0.002707302029022193), 'mlp2_max_iter': 518, 'mlp2_solver': 'adam', 'mlp3_activation': 'logistic', 'mlp3_alpha': np.float64(0.03651201555311863), 'mlp3_hidden_layers': (50, 25), 'mlp3_learning_rate': 'constant', 'mlp3_learning_rate_init': np.float64(0.004834997470955845), 'mlp3_max_iter': 569, 'mlp3_solver': 'adam'}",tanh,0.09741166555081551,"(512, 256, 128)",constant,0.01630412990462156,649,sgd,relu,0.0004807746794040134,"(128, 64)",constant,0.002707302029022193,518,adam,logistic,0.03651201555311863,"(50, 25)",constant,0.004834997470955845,569,adam
14,2,0.34742394433383106,0.032052815779282026,1.0,0.0,"{'mlp1_activation': 'relu', 'mlp1_alpha': np.float64(5.281245490728898e-05), 'mlp1_hidden_layers': (768, 256, 128), 'mlp1_learning_rate': 'constant', 'mlp1_learning_rate_init': np.float64(0.00013313885365143015), 'mlp1_max_iter': 1288, 'mlp1_solver': 'sgd', 'mlp2_activation': 'logistic', 'mlp2_alpha': np.float64(6.195042393807578e-05), 'mlp2_hidden_layers': (128, 64), 'mlp2_learning_rate': 'adaptive', 'mlp2_learning_rate_init': np.float64(0.0018527508903343627), 'mlp2_max_iter': 532, 'mlp2_solver': 'sgd', 'mlp3_activation': 'logistic', 'mlp3_alpha': np.float64(0.0037712860504339786), 'mlp3_hidden_layers': (100, 50), 'mlp3_learning_rate': 'constant', 'mlp3_learning_rate_init': np.float64(0.06899794658476763), 'mlp3_max_iter': 1069, 'mlp3_solver': 'lbfgs'}",relu,5.281245490728898e-05,"(768, 256, 128)",constant,0.00013313885365143015,1288,sgd,logistic,6.195042393807578e-05,"(128, 64)",adaptive,0.0018527508903343627,532,sgd,logistic,0.0037712860504339786,"(100, 50)",constant,0.06899794658476763,1069,lbfgs
14,3,0.3185387554544527,0.026705916510579967,0.9978087928615276,0.0012324905715709296,"{'mlp1_activation': 'tanh', 'mlp1_alpha': np.float64(0.0002694621713413488), 'mlp1_hidden_layers': (512, 256, 128), 'mlp1_learning_rate': 'constant', 'mlp1_learning_rate_init': np.float64(0.04693938081686971), 'mlp1_max_iter': 1168, 'mlp1_solver': 'sgd', 'mlp2_activation': 'tanh', 'mlp2_alpha': np.float64(0.03522860456315383), 'mlp2_hidden_layers': (128, 64), 'mlp2_learning_rate': 'adaptive', 'mlp2_learning_rate_init': np.float64(0.0009822066106227056), 'mlp2_max_iter': 1395, 'mlp2_solver': 'adam', 'mlp3_activation': 'logistic', 'mlp3_alpha': np.float64(1.381430038979605e-05), 'mlp3_hidden_layers': (100, 50, 25), 'mlp3_learning_rate': 'adaptive', 'mlp3_learning_rate_init': np.float64(0.00951968440670351), 'mlp3_max_iter': 1010, 'mlp3_solver': 'lbfgs'}",tanh,0.0002694621713413488,"(512, 256, 128)",constant,0.04693938081686971,1168,sgd,tanh,0.03522860456315383,"(128, 64)",adaptive,0.0009822066106227056,1395,adam,logistic,1.381430038979605e-05,"(100, 50, 25)",adaptive,0.00951968440670351,1010,lbfgs
14,4,0.5840933761437939,0.05612824865122127,0.9733622871042845,0.011706946045834629,"{'mlp1_activation': 'tanh', 'mlp1_alpha': np.float64(0.0008711126607541756), 'mlp1_hidden_layers': (768, 256), 'mlp1_learning_rate': 'adaptive', 'mlp1_learning_rate_init': np.float64(0.00015297159913122625), 'mlp1_max_iter': 1206, 'mlp1_solver': 'adam', 'mlp2_activation': 'relu', 'mlp2_alpha': np.float64(7.205567219731132e-05), 'mlp2_hidden_layers': (128,), 'mlp2_learning_rate': 'adaptive', 'mlp2_learning_rate_init': np.float64(0.002143400296913699), 'mlp2_max_iter': 1132, 'mlp2_solver': 'adam', 'mlp3_activation': 'tanh', 'mlp3_alpha': np.float64(2.174574211645181e-05), 'mlp3_hidden_layers': (100, 50, 25), 'mlp3_learning_rate': 'constant', 'mlp3_learning_rate_init': np.float64(0.0026946905851856764), 'mlp3_max_iter': 692, 'mlp3_solver': 'adam'}",tanh,0.0008711126607541756,"(768, 256)",adaptive,0.00015297159913122625,1206,adam,relu,7.205567219731132e-05,"(128,)",adaptive,0.002143400296913699,1132,adam,tanh,2.174574211645181e-05,"(100, 50, 25)",constant,0.0026946905851856764,692,adam
15,0,0.17569971021339842,0.011151377830043734,0.9997226935696478,0.00036775455916189927,"{'mlp1_activation': 'tanh', 'mlp1_alpha': np.float64(0.003275565881282716), 'mlp1_hidden_layers': (1024, 384, 128), 'mlp1_learning_rate': 'constant', 'mlp1_learning_rate_init': np.float64(0.014139438565471361), 'mlp1_max_iter': 1127, 'mlp1_solver': 'adam', 'mlp2_activation': 'logistic', 'mlp2_alpha': np.float64(1.3712237040258284e-05), 'mlp2_hidden_layers': (256,), 'mlp2_learning_rate': 'adaptive', 'mlp2_learning_rate_init': np.float64(0.0005263516509761152), 'mlp2_max_iter': 902, 'mlp2_solver': 'adam', 'mlp3_activation': 'tanh', 'mlp3_alpha': np.float64(2.5855470334812373e-05), 'mlp3_hidden_layers': (50,), 'mlp3_learning_rate': 'constant', 'mlp3_learning_rate_init': np.float64(0.09004150945578249), 'mlp3_max_iter': 704, 'mlp3_solver': 'lbfgs'}",tanh,0.003275565881282716,"(1024, 384, 128)",constant,0.014139438565471361,1127,adam,logistic,1.3712237040258284e-05,"(256,)",adaptive,0.0005263516509761152,902,adam,tanh,2.5855470334812373e-05,"(50,)",constant,0.09004150945578249,704,lbfgs
15,1,0.6032153502664295,0.03685509280963528,0.9980905029482126,0.001391734839449588,"{'mlp1_activation': 'logistic', 'mlp1_alpha': np.float64(0.00016874974223058122), 'mlp1_hidden_layers': (1024, 256), 'mlp1_learning_rate': 'adaptive', 'mlp1_learning_rate_init': np.float64(0.007203415983528208), 'mlp1_max_iter': 943, 'mlp1_solver': 'sgd', 'mlp2_activation': 'relu', 'mlp2_alpha': np.float64(1.1815239247839953e-05), 'mlp2_hidden_layers': (128, 64), 'mlp2_learning_rate': 'constant', 'mlp2_learning_rate_init': np.float64(0.00010768362424556977), 'mlp2_max_iter': 503, 'mlp2_solver': 'lbfgs', 'mlp3_activation': 'relu', 'mlp3_alpha': np.float64(0.00016619350824985607), 'mlp3_hidden_layers': (100, 50), 'mlp3_learning_rate': 'adaptive', 'mlp3_learning_rate_init': np.float64(0.0008032611755503022), 'mlp3_max_iter': 1219, 'mlp3_solver': 'adam'}",logistic,0.00016874974223058122,"(1024, 256)",adaptive,0.007203415983528208,943,sgd,relu,1.1815239247839953e-05,"(128, 64)",constant,0.00010768362424556977,503,lbfgs,relu,0.00016619350824985607,"(100, 50)",adaptive,0.0008032611755503022,1219,adam
15,2,0.6261614030845027,0.03458837018368453,0.9638265480839072,0.002571179100905163,"{'mlp1_activation': 'relu', 'mlp1_alpha': np.float64(0.011349847638749523), 'mlp1_hidden_layers': (1024, 384, 128), 'mlp1_learning_rate': 'constant', 'mlp1_learning_rate_init': np.float64(0.020664303884563313), 'mlp1_max_iter': 744, 'mlp1_solver': 'sgd', 'mlp2_activation': 'tanh', 'mlp2_alpha': np.float64(0.0002115262952284861), 'mlp2_hidden_layers': (256, 128, 64), 'mlp2_learning_rate': 'constant', 'mlp2_learning_rate_init': np.float64(0.0019266567866889665), 'mlp2_max_iter': 595, 'mlp2_solver': 'sgd', 'mlp3_activation': 'relu', 'mlp3_alpha': np.float64(1.6264879327210566e-05), 'mlp3_hidden_layers': (100, 50, 25), 'mlp3_learning_rate': 'constant', 'mlp3_learning_rate_init': np.float64(0.03392978653851999), 'mlp3_max_iter': 907, 'mlp3_solver': 'adam'}",relu,0.011349847638749523,"(1024, 384, 128)",constant,0.020664303884563313,744,sgd,tanh,0.0002115262952284861,"(256, 128, 64)",constant,0.0019266567866889665,595,sgd,relu,1.6264879327210566e-05,"(100, 50, 25)",constant,0.03392978653851999,907,adam
15,3,0.2603960179745024,0.0292476135145274,0.9987614222859712,0.0007389349606640181,"{'mlp1_activation': 'relu', 'mlp1_alpha': np.float64(0.0001551103228607749), 'mlp1_hidden_layers': (768, 256), 'mlp1_learning_rate': 'constant', 'mlp1_learning_rate_init': np.float64(0.002225029206339122), 'mlp1_max_iter': 1108, 'mlp1_solver': 'sgd', 'mlp2_activation': 'logistic', 'mlp2_alpha': np.float64(0.00192118753145796), 'mlp2_hidden_layers': (256,), 'mlp2_learning_rate': 'constant', 'mlp2_learning_rate_init': np.float64(0.03599421863601988), 'mlp2_max_iter': 837, 'mlp2_solver': 'sgd', 'mlp3_activation': 'logistic', 'mlp3_alpha': np.float64(1.724015711661162e-05), 'mlp3_hidden_layers': (50,), 'mlp3_learning_rate': 'constant', 'mlp3_learning_rate_init': np.float64(0.0046449166829505345), 'mlp3_max_iter': 502, 'mlp3_solver': 'lbfgs'}",relu,0.0001551103228607749,"(768, 256)",constant,0.002225029206339122,1108,sgd,logistic,0.00192118753145796,"(256,)",constant,0.03599421863601988,837,sgd,logistic,1.724015711661162e-05,"(50,)",constant,0.0046449166829505345,502,lbfgs
15,4,0.46698625193206833,0.045477725677097604,0.9976553908120118,0.000842438848900829,"{'mlp1_activation': 'relu', 'mlp1_alpha': np.float64(0.00019934622567289008), 'mlp1_hidden_layers': (1024, 384, 128), 'mlp1_learning_rate': 'constant', 'mlp1_learning_rate_init': np.float64(0.0001031343581011958), 'mlp1_max_iter': 1227, 'mlp1_solver': 'sgd', 'mlp2_activation': 'relu', 'mlp2_alpha': np.float64(1.541069767515285e-05), 'mlp2_hidden_layers': (128, 64), 'mlp2_learning_rate': 'adaptive', 'mlp2_learning_rate_init': np.float64(0.0007858482327182706), 'mlp2_max_iter': 1076, 'mlp2_solver': 'sgd', 'mlp3_activation': 'logistic', 'mlp3_alpha': np.float64(0.028540170351872396), 'mlp3_hidden_layers': (100, 50), 'mlp3_learning_rate': 'adaptive', 'mlp3_learning_rate_init': np.float64(0.00022777518955102076), 'mlp3_max_iter': 1433, 'mlp3_solver': 'lbfgs'}",relu,0.00019934622567289008,"(1024, 384, 128)",constant,0.0001031343581011958,1227,sgd,relu,1.541069767515285e-05,"(128, 64)",adaptive,0.0007858482327182706,1076,sgd,logistic,0.028540170351872396,"(100, 50)",adaptive,0.00022777518955102076,1433,lbfgs
16,0,0.6047145314531861,0.03091484541036397,0.9517753157782612,0.010752097896300524,"{'mlp1_activation': 'logistic', 'mlp1_alpha': np.float64(0.0008121356501967692), 'mlp1_hidden_layers': (1024, 384, 128), 'mlp1_learning_rate': 'adaptive', 'mlp1_learning_rate_init': np.float64(0.0008493160750825549), 'mlp1_max_iter': 1187, 'mlp1_solver': 'sgd', 'mlp2_activation': 'relu', 'mlp2_alpha': np.float64(0.0006200947273119677), 'mlp2_hidden_layers': (256,), 'mlp2_learning_rate': 'adaptive', 'mlp2_learning_rate_init': np.float64(0.002117142209083771), 'mlp2_max_iter': 933, 'mlp2_solver': 'adam', 'mlp3_activation': 'tanh', 'mlp3_alpha': np.float64(2.1009222050983115e-05), 'mlp3_hidden_layers': (50, 25), 'mlp3_learning_rate': 'constant', 'mlp3_learning_rate_init': np.float64(0.07748570284387299), 'mlp3_max_iter': 1248, 'mlp3_solver': 'adam'}",logistic,0.0008121356501967692,"(1024, 384, 128)",adaptive,0.0008493160750825549,1187,sgd,relu,0.0006200947273119677,"(256,)",adaptive,0.002117142209083771,933,adam,tanh,2.1009222050983115e-05,"(50, 25)",constant,0.07748570284387299,1248,adam
16,1,0.5258320927755131,0.035423523152998196,0.8964406951892785,0.045828287340198115,"{'mlp1_activation': 'tanh', 'mlp1_alpha': np.float64(5.8979653280309154e-05), 'mlp1_hidden_layers': (1024, 384, 128), 'mlp1_learning_rate': 'constant', 'mlp1_learning_rate_init': np.float64(0.0008068895129794637), 'mlp1_max_iter': 566, 'mlp1_solver': 'sgd', 'mlp2_activation': 'tanh', 'mlp2_alpha': np.float64(0.0015166651415139567), 'mlp2_hidden_layers': (128, 64), 'mlp2_learning_rate': 'adaptive', 'mlp2_learning_rate_init': np.float64(0.0009514857845530467), 'mlp2_max_iter': 1344, 'mlp2_solver': 'sgd', 'mlp3_activation': 'relu', 'mlp3_alpha': np.float64(0.04241579415338466), 'mlp3_hidden_layers': (50,), 'mlp3_learning_rate': 'constant', 'mlp3_learning_rate_init': np.float64(0.000818176267871814), 'mlp3_max_iter': 1485, 'mlp3_solver': 'adam'}",tanh,5.8979653280309154e-05,"(1024, 384, 128)",constant,0.0008068895129794637,566,sgd,tanh,0.0015166651415139567,"(128, 64)",adaptive,0.0009514857845530467,1344,sgd,relu,0.04241579415338466,"(50,)",constant,0.000818176267871814,1485,adam
16,2,0.3433099309099803,0.022323258917265974,1.0,0.0,"{'mlp1_activation': 'tanh', 'mlp1_alpha': np.float64(3.733246931473769e-05), 'mlp1_hidden_layers': (768, 256), 'mlp1_learning_rate': 'constant', 'mlp1_learning_rate_init': np.float64(0.0018663293455921815), 'mlp1_max_iter': 897, 'mlp1_solver': 'adam', 'mlp2_activation': 'logistic', 'mlp2_alpha': np.float64(0.0022767501452515427), 'mlp2_hidden_layers': (256, 128, 64), 'mlp2_learning_rate': 'constant', 'mlp2_learning_rate_init': np.float64(0.0010221525205662111), 'mlp2_max_iter': 929, 'mlp2_solver': 'lbfgs', 'mlp3_activation': 'tanh', 'mlp3_alpha': np.float64(0.00034884777018013587), 'mlp3_hidden_layers': (100, 50, 25), 'mlp3_learning_rate': 'adaptive', 'mlp3_learning_rate_init': np.float64(0.0016858949036082818), 'mlp3_max_iter': 1420, 'mlp3_solver': 'lbfgs'}",tanh,3.733246931473769e-05,"(768, 256)",constant,0.0018663293455921815,897,adam,logistic,0.0022767501452515427,"(256, 128, 64)",constant,0.0010221525205662111,929,lbfgs,tanh,0.00034884777018013587,"(100, 50, 25)",adaptive,0.0016858949036082818,1420,lbfgs
16,3,0.32163803169924726,0.05342657968069671,0.8244118622312975,0.11432394536892922,"{'mlp1_activation': 'logistic', 'mlp1_alpha': np.float64(0.0003593761225577459), 'mlp1_hidden_layers': (1024, 256), 'mlp1_learning_rate': 'adaptive', 'mlp1_learning_rate_init': np.float64(0.04705443200207468), 'mlp1_max_iter': 668, 'mlp1_solver': 'sgd', 'mlp2_activation': 'tanh', 'mlp2_alpha': np.float64(0.0055965752967626235), 'mlp2_hidden_layers': (128, 64), 'mlp2_learning_rate': 'constant', 'mlp2_learning_rate_init': np.float64(0.010795001823482364), 'mlp2_max_iter': 887, 'mlp2_solver': 'adam', 'mlp3_activation': 'tanh', 'mlp3_alpha': np.float64(0.0009315621086377632), 'mlp3_hidden_layers': (50,), 'mlp3_learning_rate': 'constant', 'mlp3_learning_rate_init': np.float64(0.0007351442195014434), 'mlp3_max_iter': 1003, 'mlp3_solver': 'adam'}",logistic,0.0003593761225577459,"(1024, 256)",adaptive,0.04705443200207468,668,sgd,tanh,0.0055965752967626235,"(128, 64)",constant,0.010795001823482364,887,adam,tanh,0.0009315621086377632,"(50,)",constant,0.0007351442195014434,1003,adam
16,4,0.4859212276394261,0.051371383209841484,0.8214679936000273,0.062097070896916136,"{'mlp1_activation': 'relu', 'mlp1_alpha': np.float64(6.1001245311437566e-05), 'mlp1_hidden_layers': (512, 256, 128), 'mlp1_learning_rate': 'adaptive', 'mlp1_learning_rate_init': np.float64(0.0008081943066895349), 'mlp1_max_iter': 1007, 'mlp1_solver': 'sgd', 'mlp2_activation': 'tanh', 'mlp2_alpha': np.float64(0.00021156077381038723), 'mlp2_hidden_layers': (128, 64), 'mlp2_learning_rate': 'constant', 'mlp2_learning_rate_init': np.float64(0.0012390079148818908), 'mlp2_max_iter': 1347, 'mlp2_solver': 'sgd', 'mlp3_activation': 'logistic', 'mlp3_alpha': np.float64(0.026554010165895085), 'mlp3_hidden_layers': (50,), 'mlp3_learning_rate': 'constant', 'mlp3_learning_rate_init': np.float64(0.03817791044506631), 'mlp3_max_iter': 1232, 'mlp3_solver': 'adam'}",relu,6.1001245311437566e-05,"(512, 256, 128)",adaptive,0.0008081943066895349,1007,sgd,tanh,0.00021156077381038723,"(128, 64)",constant,0.0012390079148818908,1347,sgd,logistic,0.026554010165895085,"(50,)",constant,0.03817791044506631,1232,adam
17,0,0.2238272242225018,0.022838586008945325,1.0,0.0,"{'mlp1_activation': 'tanh', 'mlp1_alpha': np.float64(0.0007232341317306933), 'mlp1_hidden_layers': (512, 256, 128), 'mlp1_learning_rate': 'constant', 'mlp1_learning_rate_init': np.float64(0.0053217492087762035), 'mlp1_max_iter': 1337, 'mlp1_solver': 'sgd', 'mlp2_activation': 'tanh', 'mlp2_alpha': np.float64(0.0006813743580703334), 'mlp2_hidden_layers': (128, 64), 'mlp2_learning_rate': 'constant', 'mlp2_learning_rate_init': np.float64(0.0003414544268366343), 'mlp2_max_iter': 567, 'mlp2_solver': 'lbfgs', 'mlp3_activation': 'logistic', 'mlp3_alpha': np.float64(8.34083971494236e-05), 'mlp3_hidden_layers': (50,), 'mlp3_learning_rate': 'adaptive', 'mlp3_learning_rate_init': np.float64(0.0016968050177310259), 'mlp3_max_iter': 1155, 'mlp3_solver': 'lbfgs'}",tanh,0.0007232341317306933,"(512, 256, 128)",constant,0.0053217492087762035,1337,sgd,tanh,0.0006813743580703334,"(128, 64)",constant,0.0003414544268366343,567,lbfgs,logistic,8.34083971494236e-05,"(50,)",adaptive,0.0016968050177310259,1155,lbfgs
17,1,0.546470642945459,0.04389158007187603,0.9089065510559242,0.04382402848755353,"{'mlp1_activation': 'relu', 'mlp1_alpha': np.float64(0.0014588159349346438), 'mlp1_hidden_layers': (1024, 384, 128), 'mlp1_learning_rate': 'constant', 'mlp1_learning_rate_init': np.float64(0.0013050827549309224), 'mlp1_max_iter': 688, 'mlp1_solver': 'sgd', 'mlp2_activation': 'logistic', 'mlp2_alpha': np.float64(0.015209884778175805), 'mlp2_hidden_layers': (256, 128, 64), 'mlp2_learning_rate': 'adaptive', 'mlp2_learning_rate_init': np.float64(0.0003702184149680336), 'mlp2_max_iter': 548, 'mlp2_solver': 'sgd', 'mlp3_activation': 'logistic', 'mlp3_alpha': np.float64(1.0654757560456206e-05), 'mlp3_hidden_layers': (100, 50, 25), 'mlp3_learning_rate': 'adaptive', 'mlp3_learning_rate_init': np.float64(0.01619285131073043), 'mlp3_max_iter': 1180, 'mlp3_solver': 'adam'}",relu,0.0014588159349346438,"(1024, 384, 128)",constant,0.0013050827549309224,688,sgd,logistic,0.015209884778175805,"(256, 128, 64)",adaptive,0.0003702184149680336,548,sgd,logistic,1.0654757560456206e-05,"(100, 50, 25)",adaptive,0.01619285131073043,1180,adam
17,2,0.1657732613427178,0.008990478301102025,1.0,0.0,"{'mlp1_activation': 'logistic', 'mlp1_alpha': np.float64(0.0001236851532368789), 'mlp1_hidden_layers': (1024, 384, 128), 'mlp1_learning_rate': 'adaptive', 'mlp1_learning_rate_init': np.float64(0.0007199748117842012), 'mlp1_max_iter': 760, 'mlp1_solver': 'sgd', 'mlp2_activation': 'logistic', 'mlp2_alpha': np.float64(5.354947076044852e-05), 'mlp2_hidden_layers': (256,), 'mlp2_learning_rate': 'adaptive', 'mlp2_learning_rate_init': np.float64(0.00152756888404479), 'mlp2_max_iter': 782, 'mlp2_solver': 'lbfgs', 'mlp3_activation': 'tanh', 'mlp3_alpha': np.float64(0.00016234315772094407), 'mlp3_hidden_layers': (50,), 'mlp3_learning_rate': 'adaptive', 'mlp3_learning_rate_init': np.float64(0.08327947463801189), 'mlp3_max_iter': 571, 'mlp3_solver': 'lbfgs'}",logistic,0.0001236851532368789,"(1024, 384, 128)",adaptive,0.0007199748117842012,760,sgd,logistic,5.354947076044852e-05,"(256,)",adaptive,0.00152756888404479,782,lbfgs,tanh,0.00016234315772094407,"(50,)",adaptive,0.08327947463801189,571,lbfgs
17,3,0.24997512409467762,0.0302019059104223,0.9997064444765001,0.00037920073728040123,"{'mlp1_activation': 'logistic', 'mlp1_alpha': np.float64(4.4071028566464094e-05), 'mlp1_hidden_layers': (768, 256), 'mlp1_learning_rate': 'constant', 'mlp1_learning_rate_init': np.float64(0.011277807560217356), 'mlp1_max_iter': 1489, 'mlp1_solver': 'adam', 'mlp2_activation': 'logistic', 'mlp2_alpha': np.float64(0.010039068365584602), 'mlp2_hidden_layers': (256, 128, 64), 'mlp2_learning_rate': 'adaptive', 'mlp2_learning_rate_init': np.float64(0.0003116199669676729), 'mlp2_max_iter': 900, 'mlp2_solver': 'sgd', 'mlp3_activation': 'tanh', 'mlp3_alpha': np.float64(0.005159420951753253), 'mlp3_hidden_layers': (50, 25), 'mlp3_learning_rate': 'adaptive', 'mlp3_learning_rate_init': np.float64(0.006889546138996599), 'mlp3_max_iter': 1466, 'mlp3_solver': 'lbfgs'}",logistic,4.4071028566464094e-05,"(768, 256)",constant,0.011277807560217356,1489,adam,logistic,0.010039068365584602,"(256, 128, 64)",adaptive,0.0003116199669676729,900,sgd,tanh,0.005159420951753253,"(50, 25)",adaptive,0.006889546138996599,1466,lbfgs
17,4,0.5964189694902092,0.022327858044270614,1.0,0.0,"{'mlp1_activation': 'relu', 'mlp1_alpha': np.float64(0.013430752042242488), 'mlp1_hidden_layers': (1024, 384, 128), 'mlp1_learning_rate': 'adaptive', 'mlp1_learning_rate_init': np.float64(0.0022147802843594166), 'mlp1_max_iter': 629, 'mlp1_solver': 'sgd', 'mlp2_activation': 'relu', 'mlp2_alpha': np.float64(0.0015776378325456672), 'mlp2_hidden_layers': (256, 128, 64), 'mlp2_learning_rate': 'constant', 'mlp2_learning_rate_init': np.float64(0.002300577480990253), 'mlp2_max_iter': 957, 'mlp2_solver': 'lbfgs', 'mlp3_activation': 'logistic', 'mlp3_alpha': np.float64(4.186968025849889e-05), 'mlp3_hidden_layers': (50,), 'mlp3_learning_rate': 'constant', 'mlp3_learning_rate_init': np.float64(0.00017362651288828373), 'mlp3_max_iter': 1419, 'mlp3_solver': 'lbfgs'}",relu,0.013430752042242488,"(1024, 384, 128)",adaptive,0.0022147802843594166,629,sgd,relu,0.0015776378325456672,"(256, 128, 64)",constant,0.002300577480990253,957,lbfgs,logistic,4.186968025849889e-05,"(50,)",constant,0.00017362651288828373,1419,lbfgs
18,0,0.3538298846769202,0.031281983023846376,1.0,0.0,"{'mlp1_activation': 'relu', 'mlp1_alpha': np.float64(0.011846779193703296), 'mlp1_hidden_layers': (768, 256, 128), 'mlp1_learning_rate': 'adaptive', 'mlp1_learning_rate_init': np.float64(0.0016417109092890438), 'mlp1_max_iter': 666, 'mlp1_solver': 'sgd', 'mlp2_activation': 'tanh', 'mlp2_alpha': np.float64(2.985550026095059e-05), 'mlp2_hidden_layers': (256,), 'mlp2_learning_rate': 'constant', 'mlp2_learning_rate_init': np.float64(0.00021298274074534935), 'mlp2_max_iter': 932, 'mlp2_solver': 'lbfgs', 'mlp3_activation': 'tanh', 'mlp3_alpha': np.float64(0.008979777027441788), 'mlp3_hidden_layers': (100, 50, 25), 'mlp3_learning_rate': 'adaptive', 'mlp3_learning_rate_init': np.float64(0.04585868630084278), 'mlp3_max_iter': 1219, 'mlp3_solver': 'lbfgs'}",relu,0.011846779193703296,"(768, 256, 128)",adaptive,0.0016417109092890438,666,sgd,tanh,2.985550026095059e-05,"(256,)",constant,0.00021298274074534935,932,lbfgs,tanh,0.008979777027441788,"(100, 50, 25)",adaptive,0.04585868630084278,1219,lbfgs
18,1,0.534308185245916,0.028724331219424967,0.9975002283701553,0.0010103655050047334,"{'mlp1_activation': 'logistic', 'mlp1_alpha': np.float64(4.069895923046893e-05), 'mlp1_hidden_layers': (1024, 256, 128), 'mlp1_learning_rate': 'adaptive', 'mlp1_learning_rate_init': np.float64(0.0007341365699875411), 'mlp1_max_iter': 1224, 'mlp1_solver': 'adam', 'mlp2_activation': 'relu', 'mlp2_alpha': np.float64(4.42847452401894e-05), 'mlp2_hidden_layers': (256, 128, 64), 'mlp2_learning_rate': 'constant', 'mlp2_learning_rate_init': np.float64(0.0013100072687916668), 'mlp2_max_iter': 842, 'mlp2_solver': 'adam', 'mlp3_activation': 'logistic', 'mlp3_alpha': np.float64(2.10302168997733e-05), 'mlp3_hidden_layers': (50, 25), 'mlp3_learning_rate': 'constant', 'mlp3_learning_rate_init': np.float64(0.011302967190813272), 'mlp3_max_iter': 887, 'mlp3_solver': 'lbfgs'}",logistic,4.069895923046893e-05,"(1024, 256, 128)",adaptive,0.0007341365699875411,1224,adam,relu,4.42847452401894e-05,"(256, 128, 64)",constant,0.0013100072687916668,842,adam,logistic,2.10302168997733e-05,"(50, 25)",constant,0.011302967190813272,887,lbfgs
18,2,0.5392888133627682,0.03368143891607034,0.9974138424813894,0.0014286522549632845,"{'mlp1_activation': 'tanh', 'mlp1_alpha': np.float64(1.812249033349733e-05), 'mlp1_hidden_layers': (768, 256, 128), 'mlp1_learning_rate': 'constant', 'mlp1_learning_rate_init': np.float64(0.009193616787199455), 'mlp1_max_iter': 1392, 'mlp1_solver': 'adam', 'mlp2_activation': 'relu', 'mlp2_alpha': np.float64(6.425638427166938e-05), 'mlp2_hidden_layers': (256, 128, 64), 'mlp2_learning_rate': 'adaptive', 'mlp2_learning_rate_init': np.float64(0.021445414546495047), 'mlp2_max_iter': 1313, 'mlp2_solver': 'sgd', 'mlp3_activation': 'logistic', 'mlp3_alpha': np.float64(0.03255120706183171), 'mlp3_hidden_layers': (100, 50), 'mlp3_learning_rate': 'adaptive', 'mlp3_learning_rate_init': np.float64(0.001950627760820653), 'mlp3_max_iter': 802, 'mlp3_solver': 'lbfgs'}",tanh,1.812249033349733e-05,"(768, 256, 128)",constant,0.009193616787199455,1392,adam,relu,6.425638427166938e-05,"(256, 128, 64)",adaptive,0.021445414546495047,1313,sgd,logistic,0.03255120706183171,"(100, 50)",adaptive,0.001950627760820653,802,lbfgs
18,3,0.4120852992401237,0.010866399595586978,0.9975202566150777,0.0008675672886348384,"{'mlp1_activation': 'logistic', 'mlp1_alpha': np.float64(0.010477179803791453), 'mlp1_hidden_layers': (768, 256, 128), 'mlp1_learning_rate': 'constant', 'mlp1_learning_rate_init': np.float64(0.006772501977942275), 'mlp1_max_iter': 638, 'mlp1_solver': 'adam', 'mlp2_activation': 'logistic', 'mlp2_alpha': np.float64(0.00014209700071286338), 'mlp2_hidden_layers': (128, 64), 'mlp2_learning_rate': 'adaptive', 'mlp2_learning_rate_init': np.float64(0.0010892499433229573), 'mlp2_max_iter': 995, 'mlp2_solver': 'adam', 'mlp3_activation': 'logistic', 'mlp3_alpha': np.float64(0.0013118813181019872), 'mlp3_hidden_layers': (100, 50), 'mlp3_learning_rate': 'constant', 'mlp3_learning_rate_init': np.float64(0.009482039340572318), 'mlp3_max_iter': 903, 'mlp3_solver': 'lbfgs'}",logistic,0.010477179803791453,"(768, 256, 128)",constant,0.006772501977942275,638,adam,logistic,0.00014209700071286338,"(128, 64)",adaptive,0.0010892499433229573,995,adam,logistic,0.0013118813181019872,"(100, 50)",constant,0.009482039340572318,903,lbfgs
18,4,0.5339174505547994,0.01418115396300841,1.0,0.0,"{'mlp1_activation': 'tanh', 'mlp1_alpha': np.float64(0.00101713621669859), 'mlp1_hidden_layers': (512, 256, 128), 'mlp1_learning_rate': 'constant', 'mlp1_learning_rate_init': np.float64(0.037235592989929275), 'mlp1_max_iter': 927, 'mlp1_solver': 'sgd', 'mlp2_activation': 'relu', 'mlp2_alpha': np.float64(0.07809734172249186), 'mlp2_hidden_layers': (128,), 'mlp2_learning_rate': 'constant', 'mlp2_learning_rate_init': np.float64(0.0008323502913856882), 'mlp2_max_iter': 563, 'mlp2_solver': 'lbfgs', 'mlp3_activation': 'logistic', 'mlp3_alpha': np.float64(0.09009257949755028), 'mlp3_hidden_layers': (50,), 'mlp3_learning_rate': 'adaptive', 'mlp3_learning_rate_init': np.float64(0.0004809640945615375), 'mlp3_max_iter': 819, 'mlp3_solver': 'lbfgs'}",tanh,0.00101713621669859,"(512, 256, 128)",constant,0.037235592989929275,927,sgd,relu,0.07809734172249186,"(128,)",constant,0.0008323502913856882,563,lbfgs,logistic,0.09009257949755028,"(50,)",adaptive,0.0004809640945615375,819,lbfgs
19,0,0.35028933892593717,0.024663655951309826,0.9996675670873476,0.0004893092196526394,"{'mlp1_activation': 'relu', 'mlp1_alpha': np.float64(0.00022657342390504804), 'mlp1_hidden_layers': (1024, 256), 'mlp1_learning_rate': 'constant', 'mlp1_learning_rate_init': np.float64(0.00021541936612417314), 'mlp1_max_iter': 1095, 'mlp1_solver': 'sgd', 'mlp2_activation': 'logistic', 'mlp2_alpha': np.float64(0.005225745093922728), 'mlp2_hidden_layers': (128, 64), 'mlp2_learning_rate': 'adaptive', 'mlp2_learning_rate_init': np.float64(0.05811569046248126), 'mlp2_max_iter': 684, 'mlp2_solver': 'lbfgs', 'mlp3_activation': 'logistic', 'mlp3_alpha': np.float64(1.6063743797047643e-05), 'mlp3_hidden_layers': (50,), 'mlp3_learning_rate': 'adaptive', 'mlp3_learning_rate_init': np.float64(0.01779874599460214), 'mlp3_max_iter': 508, 'mlp3_solver': 'adam'}",relu,0.00022657342390504804,"(1024, 256)",constant,0.00021541936612417314,1095,sgd,logistic,0.005225745093922728,"(128, 64)",adaptive,0.05811569046248126,684,lbfgs,logistic,1.6063743797047643e-05,"(50,)",adaptive,0.01779874599460214,508,adam
19,1,0.22292013812953,0.02383744748924702,0.7170682974678788,0.1143728840919324,"{'mlp1_activation': 'tanh', 'mlp1_alpha': np.float64(0.0007414879282116821), 'mlp1_hidden_layers': (1024, 256, 128), 'mlp1_learning_rate': 'constant', 'mlp1_learning_rate_init': np.float64(0.0003175235776664123), 'mlp1_max_iter': 876, 'mlp1_solver': 'sgd', 'mlp2_activation': 'tanh', 'mlp2_alpha': np.float64(0.003618638727898951), 'mlp2_hidden_layers': (128,), 'mlp2_learning_rate': 'adaptive', 'mlp2_learning_rate_init': np.float64(0.0013813727201571367), 'mlp2_max_iter': 1133, 'mlp2_solver': 'adam', 'mlp3_activation': 'tanh', 'mlp3_alpha': np.float64(0.06684752018872252), 'mlp3_hidden_layers': (50,), 'mlp3_learning_rate': 'adaptive', 'mlp3_learning_rate_init': np.float64(0.0003688269286077565), 'mlp3_max_iter': 1201, 'mlp3_solver': 'adam'}",tanh,0.0007414879282116821,"(1024, 256, 128)",constant,0.0003175235776664123,876,sgd,tanh,0.003618638727898951,"(128,)",adaptive,0.0013813727201571367,1133,adam,tanh,0.06684752018872252,"(50,)",adaptive,0.0003688269286077565,1201,adam
19,2,0.5747929539881197,0.021035482665025147,0.9424858590363469,0.021437803175315604,"{'mlp1_activation': 'logistic', 'mlp1_alpha': np.float64(9.835330173137159e-05), 'mlp1_hidden_layers': (512, 256, 128), 'mlp1_learning_rate': 'constant', 'mlp1_learning_rate_init': np.float64(0.00010356039200423772), 'mlp1_max_iter': 1306, 'mlp1_solver': 'adam', 'mlp2_activation': 'tanh', 'mlp2_alpha': np.float64(0.012199946617930217), 'mlp2_hidden_layers': (256,), 'mlp2_learning_rate': 'constant', 'mlp2_learning_rate_init': np.float64(0.00033261248629692057), 'mlp2_max_iter': 596, 'mlp2_solver': 'adam', 'mlp3_activation': 'relu', 'mlp3_alpha': np.float64(1.5407716556093642e-05), 'mlp3_hidden_layers': (100, 50), 'mlp3_learning_rate': 'adaptive', 'mlp3_learning_rate_init': np.float64(0.006875759213689902), 'mlp3_max_iter': 1278, 'mlp3_solver': 'adam'}",logistic,9.835330173137159e-05,"(512, 256, 128)",constant,0.00010356039200423772,1306,adam,tanh,0.012199946617930217,"(256,)",constant,0.00033261248629692057,596,adam,relu,1.5407716556093642e-05,"(100, 50)",adaptive,0.006875759213689902,1278,adam
19,3,0.36572220983487513,0.029557407806245956,0.998204499251646,0.001084718113320743,"{'mlp1_activation': 'tanh', 'mlp1_alpha': np.float64(0.03472897784080136), 'mlp1_hidden_layers': (1024, 256, 128), 'mlp1_learning_rate': 'constant', 'mlp1_learning_rate_init': np.float64(0.0034522553483658683), 'mlp1_max_iter': 1175, 'mlp1_solver': 'adam', 'mlp2_activation': 'logistic', 'mlp2_alpha': np.float64(0.014064972580056307), 'mlp2_hidden_layers': (256, 128), 'mlp2_learning_rate': 'adaptive', 'mlp2_learning_rate_init': np.float64(0.0010048350096658395), 'mlp2_max_iter': 597, 'mlp2_solver': 'lbfgs', 'mlp3_activation': 'logistic', 'mlp3_alpha': np.float64(0.00010190304958845864), 'mlp3_hidden_layers': (100, 50), 'mlp3_learning_rate': 'adaptive', 'mlp3_learning_rate_init': np.float64(0.0071584680399739775), 'mlp3_max_iter': 690, 'mlp3_solver': 'adam'}",tanh,0.03472897784080136,"(1024, 256, 128)",constant,0.0034522553483658683,1175,adam,logistic,0.014064972580056307,"(256, 128)",adaptive,0.0010048350096658395,597,lbfgs,logistic,0.00010190304958845864,"(100, 50)",adaptive,0.0071584680399739775,690,adam
19,4,0.5841316160025333,0.021552410684628286,1.0,0.0,"{'mlp1_activation': 'relu', 'mlp1_alpha': np.float64(0.0006202762736611024), 'mlp1_hidden_layers': (512, 256, 128), 'mlp1_learning_rate': 'adaptive', 'mlp1_learning_rate_init': np.float64(0.004914703427986334), 'mlp1_max_iter': 1080, 'mlp1_solver': 'sgd', 'mlp2_activation': 'relu', 'mlp2_alpha': np.float64(0.0038987547407663622), 'mlp2_hidden_layers': (128, 64), 'mlp2_learning_rate': 'adaptive', 'mlp2_learning_rate_init': np.float64(0.017408214799364885), 'mlp2_max_iter': 593, 'mlp2_solver': 'lbfgs', 'mlp3_activation': 'tanh', 'mlp3_alpha': np.float64(4.0090077925567174e-05), 'mlp3_hidden_layers': (50,), 'mlp3_learning_rate': 'adaptive', 'mlp3_learning_rate_init': np.float64(0.0003674178234367644), 'mlp3_max_iter': 1189, 'mlp3_solver': 'lbfgs'}",relu,0.0006202762736611024,"(512, 256, 128)",adaptive,0.004914703427986334,1080,sgd,relu,0.0038987547407663622,"(128, 64)",adaptive,0.017408214799364885,593,lbfgs,tanh,4.0090077925567174e-05,"(50,)",adaptive,0.0003674178234367644,1189,lbfgs
